{
	"credit": "Made with Blockbench",
	"parent": "block/block",
	"ambientocclusion": false,
	"textures": {
		"0": "block/cactus_side",
		"1": "block/cactus_top",
		"2": "block/cactus_bottom",
		"4": "block/cactus_arm",
		"particle": "block/cactus_side"
	},
	"elements": [
		{
			"from": [1, 0, 0],
			"to": [1, 16, 16],
			"faces": {
				"north": {"uv": [0, 0, 0, 16], "texture": "#missing"},
				"east": {"uv": [0, 0, 16, 16], "texture": "#0"},
				"south": {"uv": [0, 0, 0, 16], "texture": "#missing"},
				"west": {"uv": [0, 0, 16, 16], "texture": "#0", "cullface": "west"},
				"up": {"uv": [0, 0, 0, 16], "texture": "#missing"},
				"down": {"uv": [0, 0, 0, 16], "texture": "#missing"}
			}
		},
		{
			"from": [0, 0, 1],
			"to": [16, 16, 1],
			"faces": {
				"north": {"uv": [0, 0, 16, 16], "texture": "#0", "cullface": "north"},
				"east": {"uv": [0, 0, 0, 16], "texture": "#missing"},
				"south": {"uv": [0, 0, 16, 16], "texture": "#0"},
				"west": {"uv": [0, 0, 0, 16], "texture": "#missing"},
				"up": {"uv": [0, 0, 0, 16], "rotation": 270, "texture": "#missing"},
				"down": {"uv": [0, 0, 0, 16], "rotation": 90, "texture": "#missing"}
			}
		},
		{
			"from": [15, 0, 0],
			"to": [15, 16, 16],
			"faces": {
				"north": {"uv": [0, 0, 0, 16], "texture": "#missing"},
				"east": {"uv": [0, 0, 16, 16], "texture": "#0", "cullface": "east"},
				"south": {"uv": [0, 0, 0, 16], "texture": "#missing"},
				"west": {"uv": [0, 0, 16, 16], "texture": "#0"},
				"up": {"uv": [0, 0, 0, 16], "texture": "#missing"},
				"down": {"uv": [0, 0, 0, 16], "texture": "#missing"}
			}
		},
		{
			"from": [0, 0, 15],
			"to": [16, 16, 15],
			"faces": {
				"north": {"uv": [0, 0, 16, 16], "texture": "#0"},
				"east": {"uv": [0, 0, 0, 16], "texture": "#missing"},
				"south": {"uv": [0, 0, 16, 16], "texture": "#0", "cullface": "south"},
				"west": {"uv": [0, 0, 0, 16], "texture": "#missing"},
				"up": {"uv": [0, 0, 0, 16], "rotation": 90, "texture": "#missing"},
				"down": {"uv": [0, 0, 0, 16], "rotation": 270, "texture": "#missing"}
			}
		},
		{
			"from": [1, -0.001, 1.001],
			"to": [15, -0.001, 15.001],
			"rotation": {"angle": 0, "axis": "y", "origin": [-10, 15.999, 1.001]},
			"faces": {
				"north": {"uv": [0, 0, 14, 0], "texture": "#missing"},
				"east": {"uv": [0, 0, 14, 0], "texture": "#missing"},
				"south": {"uv": [0, 0, 14, 0], "texture": "#missing"},
				"west": {"uv": [0, 0, 14, 0], "texture": "#missing"},
				"up": {"uv": [1, 1, 15, 15], "texture": "#2"},
				"down": {"uv": [1, 1, 15, 15], "texture": "#2", "cullface": "down"}
			}
		},
		{
			"from": [1, 15.999, 1.001],
			"to": [15, 15.999, 15.001],
			"rotation": {"angle": 0, "axis": "y", "origin": [-10, 15.999, 1.001]},
			"faces": {
				"north": {"uv": [0, 0, 14, 0], "texture": "#missing"},
				"east": {"uv": [0, 0, 14, 0], "texture": "#missing"},
				"south": {"uv": [0, 0, 14, 0], "texture": "#missing"},
				"west": {"uv": [0, 0, 14, 0], "texture": "#missing"},
				"up": {"uv": [1, 1, 15, 15], "texture": "#1", "cullface": "up"},
				"down": {"uv": [0, 0, 14, 14], "texture": "#1"}
			}
		},
		{
			"from": [-12, 10, 4],
			"to": [-3, 26, 4],
			"rotation": {"angle": 0, "axis": "y", "origin": [-7.5, 12.25, 7.5]},
			"faces": {
				"north": {"uv": [0.5, 0.5, 5, 8.5], "texture": "#4", "cullface": "up"},
				"east": {"uv": [0, 0, 0, 16], "texture": "#missing"},
				"south": {"uv": [0.5, 0.5, 5, 8.5], "texture": "#4", "cullface": "up"},
				"west": {"uv": [0, 0, 0, 16], "texture": "#missing"},
				"up": {"uv": [0, 0, 0, 16], "rotation": 270, "texture": "#missing"},
				"down": {"uv": [0, 0, 0, 16], "rotation": 90, "texture": "#missing"}
			}
		},
		{
			"from": [-12, 26, 4],
			"to": [-3, 32, 4],
			"rotation": {"angle": 0, "axis": "y", "origin": [-7.5, 28.25, 7.5]},
			"faces": {
				"north": {"uv": [0.5, 0.5, 5, 4], "texture": "#4", "cullface": "up"},
				"east": {"uv": [0, 0, 0, 16], "texture": "#missing"},
				"south": {"uv": [0.5, 0.5, 5, 4], "texture": "#4", "cullface": "up"},
				"west": {"uv": [0, 0, 0, 16], "texture": "#missing"},
				"up": {"uv": [0, 0, 0, 16], "rotation": 270, "texture": "#missing"},
				"down": {"uv": [0, 0, 0, 16], "rotation": 90, "texture": "#missing"}
			}
		},
		{
			"from": [-12, 26, 4],
			"to": [-3, 32, 4],
			"rotation": {"angle": 0, "axis": "y", "origin": [-7.5, 28.25, 7.5]},
			"faces": {
				"north": {"uv": [0.5, 0.5, 5, 4], "texture": "#4", "cullface": "up"},
				"east": {"uv": [0, 0, 0, 16], "texture": "#missing"},
				"south": {"uv": [0.5, 0.5, 5, 4], "texture": "#4", "cullface": "up"},
				"west": {"uv": [0, 0, 0, 16], "texture": "#missing"},
				"up": {"uv": [0, 0, 0, 16], "rotation": 270, "texture": "#missing"},
				"down": {"uv": [0, 0, 0, 16], "rotation": 90, "texture": "#missing"}
			}
		},
		{
			"from": [-12, 10, 11],
			"to": [-3, 26, 11],
			"rotation": {"angle": 0, "axis": "y", "origin": [-7.5, 12.25, 7.5]},
			"faces": {
				"north": {"uv": [0.5, 0.5, 5, 8.5], "texture": "#4", "cullface": "up"},
				"east": {"uv": [0, 0, 0, 16], "texture": "#missing"},
				"south": {"uv": [0.5, 0.5, 5, 8.5], "texture": "#4", "cullface": "up"},
				"west": {"uv": [0, 0, 0, 16], "texture": "#missing"},
				"up": {"uv": [0, 0, 0, 16], "rotation": 270, "texture": "#missing"},
				"down": {"uv": [0, 0, 0, 16], "rotation": 90, "texture": "#missing"}
			}
		},
		{
			"from": [-12, 26, 11],
			"to": [-3, 32, 11],
			"rotation": {"angle": 0, "axis": "y", "origin": [-7.5, 28.25, 7.5]},
			"faces": {
				"north": {"uv": [0.5, 0.5, 5, 4], "texture": "#4", "cullface": "up"},
				"east": {"uv": [0, 0, 0, 16], "texture": "#missing"},
				"south": {"uv": [0.5, 0.5, 5, 4], "texture": "#4", "cullface": "up"},
				"west": {"uv": [0, 0, 0, 16], "texture": "#missing"},
				"up": {"uv": [0, 0, 0, 16], "rotation": 270, "texture": "#missing"},
				"down": {"uv": [0, 0, 0, 16], "rotation": 90, "texture": "#missing"}
			}
		},
		{
			"from": [-11, 10, 3],
			"to": [-11, 26, 12],
			"rotation": {"angle": 0, "axis": "y", "origin": [-7.5, 12.25, 7.5]},
			"faces": {
				"north": {"uv": [0, 0, 0, 16], "texture": "#missing"},
				"east": {"uv": [0.5, 0.5, 5, 8.5], "texture": "#4", "cullface": "up"},
				"south": {"uv": [0, 0, 0, 16], "texture": "#missing"},
				"west": {"uv": [0.5, 0.5, 5, 8.5], "texture": "#4", "cullface": "up"},
				"up": {"uv": [0, 0, 0, 16], "rotation": 180, "texture": "#missing"},
				"down": {"uv": [0, 0, 0, 16], "rotation": 180, "texture": "#missing"}
			}
		},
		{
			"from": [-11, 26, 3],
			"to": [-11, 32, 12],
			"rotation": {"angle": 0, "axis": "y", "origin": [-7.5, 28.25, 7.5]},
			"faces": {
				"north": {"uv": [0, 0, 0, 16], "texture": "#missing"},
				"east": {"uv": [0.5, 0.5, 5, 4], "texture": "#4", "cullface": "up"},
				"south": {"uv": [0, 0, 0, 16], "texture": "#missing"},
				"west": {"uv": [0.5, 0.5, 5, 4], "texture": "#4", "cullface": "up"},
				"up": {"uv": [0, 0, 0, 16], "rotation": 180, "texture": "#missing"},
				"down": {"uv": [0, 0, 0, 16], "rotation": 180, "texture": "#missing"}
			}
		},
		{
			"from": [-4, 10, 3],
			"to": [-4, 26, 12],
			"rotation": {"angle": 0, "axis": "y", "origin": [-7.5, 12.25, 7.5]},
			"faces": {
				"north": {"uv": [0, 0, 0, 16], "texture": "#missing"},
				"east": {"uv": [0.5, 0.5, 5, 8.5], "texture": "#4", "cullface": "up"},
				"south": {"uv": [0, 0, 0, 16], "texture": "#missing"},
				"west": {"uv": [0.5, 0.5, 5, 8.5], "texture": "#4", "cullface": "up"},
				"up": {"uv": [0, 0, 0, 16], "rotation": 180, "texture": "#missing"},
				"down": {"uv": [0, 0, 0, 16], "rotation": 180, "texture": "#missing"}
			}
		},
		{
			"from": [-4, 26, 3],
			"to": [-4, 32, 12],
			"rotation": {"angle": 0, "axis": "y", "origin": [-7.5, 28.25, 7.5]},
			"faces": {
				"north": {"uv": [0, 0, 0, 16], "texture": "#missing"},
				"east": {"uv": [0.5, 0.5, 5, 4], "texture": "#4", "cullface": "up"},
				"south": {"uv": [0, 0, 0, 16], "texture": "#missing"},
				"west": {"uv": [0.5, 0.5, 5, 4], "texture": "#4", "cullface": "up"},
				"up": {"uv": [0, 0, 0, 16], "rotation": 180, "texture": "#missing"},
				"down": {"uv": [0, 0, 0, 16], "rotation": 180, "texture": "#missing"}
			}
		},
		{
			"from": [-11, 10, 4],
			"to": [-4, 26, 11],
			"rotation": {"angle": 0, "axis": "y", "origin": [-7.5, 12.25, 7.5]},
			"faces": {
				"north": {"uv": [1, 0.5, 4.5, 8.5], "texture": "#4", "cullface": "up"},
				"east": {"uv": [1, 0.5, 4.5, 8.5], "texture": "#4", "cullface": "up"},
				"south": {"uv": [1, 0.5, 4.5, 8.5], "texture": "#4", "cullface": "up"},
				"west": {"uv": [1, 0.5, 4.5, 8.5], "texture": "#4", "cullface": "up"},
				"up": {"uv": [7.5, 2, 11, 5.5], "rotation": 180, "texture": "#4", "cullface": "up"},
				"down": {"uv": [0, 0, 7, 7], "rotation": 180, "texture": "#missing", "cullface": "up"}
			}
		},
		{
			"from": [-11, 26, 4],
			"to": [-4, 32, 11],
			"rotation": {"angle": 0, "axis": "y", "origin": [-7.5, 28.25, 7.5]},
			"faces": {
				"north": {"uv": [1, 0.5, 4.5, 4], "texture": "#4", "cullface": "up"},
				"east": {"uv": [1, 0.5, 4.5, 3.5], "texture": "#4", "cullface": "up"},
				"south": {"uv": [1, 0.5, 4.5, 3.5], "texture": "#4", "cullface": "up"},
				"west": {"uv": [1, 0.5, 4.5, 4], "texture": "#4", "cullface": "up"},
				"up": {"uv": [7.5, 2, 11, 5.5], "rotation": 180, "texture": "#4", "cullface": "up"},
				"down": {"uv": [0, 0, 7, 2], "rotation": 180, "texture": "#missing", "cullface": "up"}
			}
		},
		{
			"from": [-11, 3, 4],
			"to": [1, 10, 11],
			"rotation": {"angle": 0, "axis": "y", "origin": [-7.5, 12.25, 7.5]},
			"faces": {
				"north": {"uv": [0.5, 11.5, 6.5, 15], "texture": "#4", "cullface": "up"},
				"east": {"uv": [0, 0, 7, 7], "texture": "#missing", "cullface": "up"},
				"south": {"uv": [0.5, 11.5, 6.5, 15], "texture": "#4", "cullface": "up"},
				"west": {"uv": [1, 4.5, 4.5, 8], "texture": "#4", "cullface": "up"},
				"up": {"uv": [0.5, 11.5, 6.5, 15], "rotation": 180, "texture": "#4", "cullface": "up"},
				"down": {"uv": [0.5, 11.5, 6.5, 15], "rotation": 180, "texture": "#4", "cullface": "up"}
			}
		}
	],
	"groups": [
		0,
		1,
		2,
		3,
		4,
		5,
		{
			"name": "group",
			"origin": [15, 3, 4],
			"color": 0,
			"children": [6, 7, 8, 9, 10, 11, 12, 13, 14, 15, 16, 17]
		}
	]
}