{
	"credit": "Made with Blockbench",
	"textures": {
		"1": "block/copper_ore",
		"2": "block/raw_copper",
		"particle": "block/copper_ore"
	},
	"elements": [
		{
			"from": [0, 0, 0],
			"to": [16, 16, 16],
			"faces": {
				"north": {"uv": [0, 0, 16, 16], "texture": "#1", "cullface": "north"},
				"east": {"uv": [0, 0, 16, 16], "texture": "#1", "cullface": "east"},
				"south": {"uv": [0, 0, 16, 16], "texture": "#1", "cullface": "south"},
				"west": {"uv": [0, 0, 16, 16], "texture": "#1", "cullface": "west"},
				"up": {"uv": [0, 0, 16, 16], "texture": "#1", "cullface": "up"},
				"down": {"uv": [0, 0, 16, 16], "texture": "#1", "cullface": "down"}
			}
		},
		{
			"from": [-2, 14, 2],
			"to": [4.5, 18.5, 2],
			"rotation": {"angle": 22.5, "axis": "z", "origin": [1, 16.25, 2]},
			"faces": {
				"north": {"uv": [1, 4, 14, 13], "texture": "#2", "cullface": "up"},
				"east": {"uv": [0, 0, 0, 8], "texture": "#missing"},
				"south": {"uv": [14, 4, 1, 13], "texture": "#2", "cullface": "up"},
				"west": {"uv": [0, 0, 0, 8], "texture": "#missing"},
				"up": {"uv": [0, 0, 13, 0], "texture": "#missing"},
				"down": {"uv": [0, 0, 13, 0], "texture": "#missing"}
			}
		},
		{
			"from": [-2.5, 18.5, 2],
			"to": [4, 19, 2],
			"rotation": {"angle": 22.5, "axis": "z", "origin": [1, 16.25, 2]},
			"faces": {
				"north": {"uv": [2, 3, 15, 4], "texture": "#2", "cullface": "up"},
				"east": {"uv": [0, 0, 0, 8], "texture": "#missing"},
				"south": {"uv": [15, 3, 2, 4], "texture": "#2", "cullface": "up"},
				"west": {"uv": [0, 0, 0, 8], "texture": "#missing"},
				"up": {"uv": [0, 0, 13, 0], "texture": "#missing"},
				"down": {"uv": [0, 0, 13, 0], "texture": "#missing"}
			}
		},
		{
			"from": [2, 19, 2],
			"to": [3.5, 19.5, 2],
			"rotation": {"angle": 22.5, "axis": "z", "origin": [1, 16.25, 2]},
			"faces": {
				"north": {"uv": [3, 2, 6, 3], "texture": "#2", "cullface": "up"},
				"east": {"uv": [0, 0, 0, 8], "texture": "#missing"},
				"south": {"uv": [3, 2, 6, 3], "texture": "#2", "cullface": "up"},
				"west": {"uv": [0, 0, 0, 8], "texture": "#missing"},
				"up": {"uv": [0, 0, 13, 0], "texture": "#missing"},
				"down": {"uv": [0, 0, 13, 0], "texture": "#missing"}
			}
		},
		{
			"from": [2, 13.5, 2],
			"to": [4, 14, 2],
			"rotation": {"angle": 22.5, "axis": "z", "origin": [1, 16.25, 2]},
			"faces": {
				"north": {"uv": [2, 13, 6, 14], "texture": "#2", "cullface": "up"},
				"east": {"uv": [0, 0, 0, 8], "texture": "#missing"},
				"south": {"uv": [6, 13, 2, 14], "texture": "#2", "cullface": "up"},
				"west": {"uv": [0, 0, 0, 8], "texture": "#missing"},
				"up": {"uv": [0, 0, 13, 0], "texture": "#missing"},
				"down": {"uv": [0, 0, 13, 0], "texture": "#missing"}
			}
		},
		{
			"from": [-2.5, 13.5, 2],
			"to": [0.5, 14, 2],
			"rotation": {"angle": 22.5, "axis": "z", "origin": [1, 16.25, 2]},
			"faces": {
				"north": {"uv": [9, 13, 15, 14], "texture": "#2", "cullface": "up"},
				"east": {"uv": [0, 0, 0, 8], "texture": "#missing"},
				"south": {"uv": [9, 13, 15, 14], "texture": "#2", "cullface": "up"},
				"west": {"uv": [0, 0, 0, 8], "texture": "#missing"},
				"up": {"uv": [0, 0, 13, 0], "texture": "#missing"},
				"down": {"uv": [0, 0, 13, 0], "texture": "#missing"}
			}
		},
		{
			"from": [-1.5, 13, 2],
			"to": [0, 13.5, 2],
			"rotation": {"angle": 22.5, "axis": "z", "origin": [1, 16.25, 2]},
			"faces": {
				"north": {"uv": [10, 14, 13, 15], "texture": "#2", "cullface": "up"},
				"east": {"uv": [0, 0, 0, 8], "texture": "#missing"},
				"south": {"uv": [10, 14, 13, 15], "texture": "#2", "cullface": "up"},
				"west": {"uv": [0, 0, 0, 8], "texture": "#missing"},
				"up": {"uv": [0, 0, 13, 0], "texture": "#missing"},
				"down": {"uv": [0, 0, 13, 0], "texture": "#missing"}
			}
		},
		{
			"from": [-2, 19, 2],
			"to": [0.5, 19.5, 2],
			"rotation": {"angle": 22.5, "axis": "z", "origin": [1, 16.25, 2]},
			"faces": {
				"north": {"uv": [9, 2, 14, 3], "texture": "#2", "cullface": "up"},
				"east": {"uv": [0, 0, 0, 8], "texture": "#missing"},
				"south": {"uv": [14, 2, 9, 3], "texture": "#2", "cullface": "up"},
				"west": {"uv": [0, 0, 0, 8], "texture": "#missing"},
				"up": {"uv": [0, 0, 13, 0], "texture": "#missing"},
				"down": {"uv": [0, 0, 13, 0], "texture": "#missing"}
			}
		},
		{
			"from": [-2.5, 17.5, 2],
			"to": [-2, 18.5, 2],
			"rotation": {"angle": 22.5, "axis": "z", "origin": [1, 16.25, 2]},
			"faces": {
				"north": {"uv": [14, 4, 15, 6], "texture": "#2", "cullface": "north"},
				"east": {"uv": [0, 0, 0, 8], "texture": "#missing"},
				"south": {"uv": [14, 4, 15, 6], "texture": "#2", "cullface": "up"},
				"west": {"uv": [0, 0, 0, 8], "texture": "#missing"},
				"up": {"uv": [0, 0, 13, 0], "texture": "#missing"},
				"down": {"uv": [0, 0, 13, 0], "texture": "#missing"}
			}
		},
		{
			"from": [-2.5, 14, 2],
			"to": [-2, 16.5, 2],
			"rotation": {"angle": 22.5, "axis": "z", "origin": [1, 16.25, 2]},
			"faces": {
				"north": {"uv": [14, 8, 15, 13], "texture": "#2", "cullface": "up"},
				"east": {"uv": [0, 0, 0, 8], "texture": "#missing"},
				"south": {"uv": [14, 8, 15, 13], "texture": "#2", "cullface": "up"},
				"west": {"uv": [0, 0, 0, 8], "texture": "#missing"},
				"up": {"uv": [0, 0, 13, 0], "texture": "#missing"},
				"down": {"uv": [0, 0, 13, 0], "texture": "#missing"}
			}
		},
		{
			"from": [-3, 14, 2],
			"to": [-2.5, 16, 2],
			"rotation": {"angle": 22.5, "axis": "z", "origin": [1, 16.25, 2]},
			"faces": {
				"north": {"uv": [15, 9, 16, 13], "texture": "#2", "cullface": "up"},
				"east": {"uv": [0, 0, 0, 8], "texture": "#missing"},
				"south": {"uv": [15, 9, 16, 13], "texture": "#2", "cullface": "up"},
				"west": {"uv": [0, 0, 0, 8], "texture": "#missing"},
				"up": {"uv": [0, 0, 13, 0], "texture": "#missing"},
				"down": {"uv": [0, 0, 13, 0], "texture": "#missing"}
			}
		},
		{
			"from": [4.5, 15.5, 2],
			"to": [5, 17.5, 2],
			"rotation": {"angle": 22.5, "axis": "z", "origin": [1, 16.25, 2]},
			"faces": {
				"north": {"uv": [0, 6, 1, 10], "texture": "#2", "cullface": "up"},
				"east": {"uv": [0, 0, 0, 8], "texture": "#missing"},
				"south": {"uv": [0, 6, 1, 10], "texture": "#2", "cullface": "up"},
				"west": {"uv": [0, 0, 0, 8], "texture": "#missing"},
				"up": {"uv": [0, 0, 13, 0], "texture": "#missing"},
				"down": {"uv": [0, 0, 13, 0], "texture": "#missing"}
			}
		},
		{
			"from": [1, 15.5, 5.5],
			"to": [1, 17.5, 6],
			"rotation": {"angle": 22.5, "axis": "z", "origin": [1, 16.25, 2]},
			"faces": {
				"north": {"uv": [0, 0, 0, 8], "texture": "#missing"},
				"east": {"uv": [0, 6, 1, 10], "texture": "#2", "cullface": "up"},
				"south": {"uv": [0, 0, 0, 8], "texture": "#missing"},
				"west": {"uv": [0, 6, 1, 10], "texture": "#2", "cullface": "up"},
				"up": {"uv": [0, 0, 13, 0], "rotation": 90, "texture": "#missing"},
				"down": {"uv": [0, 0, 13, 0], "rotation": 270, "texture": "#missing"}
			}
		},
		{
			"from": [1, 14, -2],
			"to": [1, 16, -1.5],
			"rotation": {"angle": 22.5, "axis": "z", "origin": [1, 16.25, 2]},
			"faces": {
				"north": {"uv": [0, 0, 0, 8], "texture": "#missing"},
				"east": {"uv": [15, 9, 16, 13], "texture": "#2", "cullface": "up"},
				"south": {"uv": [0, 0, 0, 8], "texture": "#missing"},
				"west": {"uv": [15, 9, 16, 13], "texture": "#2", "cullface": "up"},
				"up": {"uv": [0, 0, 13, 0], "rotation": 90, "texture": "#missing"},
				"down": {"uv": [0, 0, 13, 0], "rotation": 270, "texture": "#missing"}
			}
		},
		{
			"from": [1, 14, -1.5],
			"to": [1, 16.5, -1],
			"rotation": {"angle": 22.5, "axis": "z", "origin": [1, 16.25, 2]},
			"faces": {
				"north": {"uv": [0, 0, 0, 8], "texture": "#missing"},
				"east": {"uv": [14, 8, 15, 13], "texture": "#2", "cullface": "up"},
				"south": {"uv": [0, 0, 0, 8], "texture": "#missing"},
				"west": {"uv": [14, 8, 15, 13], "texture": "#2", "cullface": "up"},
				"up": {"uv": [0, 0, 13, 0], "rotation": 90, "texture": "#missing"},
				"down": {"uv": [0, 0, 13, 0], "rotation": 270, "texture": "#missing"}
			}
		},
		{
			"from": [1, 17.5, -1.5],
			"to": [1, 18.5, -1],
			"rotation": {"angle": 22.5, "axis": "z", "origin": [1, 16.25, 2]},
			"faces": {
				"north": {"uv": [0, 0, 0, 8], "texture": "#missing"},
				"east": {"uv": [14, 4, 15, 6], "texture": "#2", "cullface": "up"},
				"south": {"uv": [0, 0, 0, 8], "texture": "#missing"},
				"west": {"uv": [14, 4, 15, 6], "texture": "#2", "cullface": "up"},
				"up": {"uv": [0, 0, 13, 0], "rotation": 90, "texture": "#missing"},
				"down": {"uv": [0, 0, 13, 0], "rotation": 270, "texture": "#missing"}
			}
		},
		{
			"from": [1, 19, -1],
			"to": [1, 19.5, 1.5],
			"rotation": {"angle": 22.5, "axis": "z", "origin": [1, 16.25, 2]},
			"faces": {
				"north": {"uv": [0, 0, 0, 8], "texture": "#missing"},
				"east": {"uv": [9, 2, 14, 3], "texture": "#2", "cullface": "up"},
				"south": {"uv": [0, 0, 0, 8], "texture": "#missing"},
				"west": {"uv": [14, 2, 9, 3], "texture": "#2", "cullface": "up"},
				"up": {"uv": [0, 0, 13, 0], "rotation": 90, "texture": "#missing"},
				"down": {"uv": [0, 0, 13, 0], "rotation": 270, "texture": "#missing"}
			}
		},
		{
			"from": [1, 13, -0.5],
			"to": [1, 13.5, 1],
			"rotation": {"angle": 22.5, "axis": "z", "origin": [1, 16.25, 2]},
			"faces": {
				"north": {"uv": [0, 0, 0, 8], "texture": "#missing"},
				"east": {"uv": [10, 14, 13, 15], "texture": "#2", "cullface": "up"},
				"south": {"uv": [0, 0, 0, 8], "texture": "#missing"},
				"west": {"uv": [10, 14, 13, 15], "texture": "#2", "cullface": "west"},
				"up": {"uv": [0, 0, 13, 0], "rotation": 90, "texture": "#missing"},
				"down": {"uv": [0, 0, 13, 0], "rotation": 270, "texture": "#missing"}
			}
		},
		{
			"from": [1, 13.5, -1.5],
			"to": [1, 14, 1.5],
			"rotation": {"angle": 22.5, "axis": "z", "origin": [1, 16.25, 2]},
			"faces": {
				"north": {"uv": [0, 0, 0, 8], "texture": "#missing"},
				"east": {"uv": [9, 13, 15, 14], "texture": "#2", "cullface": "up"},
				"south": {"uv": [0, 0, 0, 8], "texture": "#missing"},
				"west": {"uv": [9, 13, 15, 14], "texture": "#2", "cullface": "up"},
				"up": {"uv": [0, 0, 13, 0], "rotation": 90, "texture": "#missing"},
				"down": {"uv": [0, 0, 13, 0], "rotation": 270, "texture": "#missing"}
			}
		},
		{
			"from": [1, 13.5, 3],
			"to": [1, 14, 5],
			"rotation": {"angle": 22.5, "axis": "z", "origin": [1, 16.25, 2]},
			"faces": {
				"north": {"uv": [0, 0, 0, 8], "texture": "#missing"},
				"east": {"uv": [2, 13, 6, 14], "texture": "#2", "cullface": "up"},
				"south": {"uv": [0, 0, 0, 8], "texture": "#missing"},
				"west": {"uv": [6, 13, 2, 14], "texture": "#2", "cullface": "up"},
				"up": {"uv": [0, 0, 13, 0], "rotation": 90, "texture": "#missing"},
				"down": {"uv": [0, 0, 13, 0], "rotation": 270, "texture": "#missing"}
			}
		},
		{
			"from": [1, 19, 3],
			"to": [1, 19.5, 4.5],
			"rotation": {"angle": 22.5, "axis": "z", "origin": [1, 16.25, 2]},
			"faces": {
				"north": {"uv": [0, 0, 0, 8], "texture": "#missing"},
				"east": {"uv": [3, 2, 6, 3], "texture": "#2", "cullface": "up"},
				"south": {"uv": [0, 0, 0, 8], "texture": "#missing"},
				"west": {"uv": [3, 2, 6, 3], "texture": "#2", "cullface": "up"},
				"up": {"uv": [0, 0, 13, 0], "rotation": 90, "texture": "#missing"},
				"down": {"uv": [0, 0, 13, 0], "rotation": 270, "texture": "#missing"}
			}
		},
		{
			"from": [1, 18.5, -1.5],
			"to": [1, 19, 5],
			"rotation": {"angle": 22.5, "axis": "z", "origin": [1, 16.25, 2]},
			"faces": {
				"north": {"uv": [0, 0, 0, 8], "texture": "#missing"},
				"east": {"uv": [2, 3, 15, 4], "texture": "#2", "cullface": "up"},
				"south": {"uv": [0, 0, 0, 8], "texture": "#missing"},
				"west": {"uv": [15, 3, 2, 4], "texture": "#2", "cullface": "up"},
				"up": {"uv": [0, 0, 13, 0], "rotation": 90, "texture": "#missing"},
				"down": {"uv": [0, 0, 13, 0], "rotation": 270, "texture": "#missing"}
			}
		},
		{
			"from": [1, 14, -1],
			"to": [1, 18.5, 5.5],
			"rotation": {"angle": 22.5, "axis": "z", "origin": [1, 16.25, 2]},
			"faces": {
				"north": {"uv": [0, 0, 0, 8], "texture": "#missing"},
				"east": {"uv": [1, 4, 14, 13], "texture": "#2", "cullface": "up"},
				"south": {"uv": [0, 0, 0, 8], "texture": "#missing"},
				"west": {"uv": [14, 4, 1, 13], "texture": "#2", "cullface": "up"},
				"up": {"uv": [0, 0, 13, 0], "rotation": 90, "texture": "#missing"},
				"down": {"uv": [0, 0, 13, 0], "rotation": 270, "texture": "#missing"}
			}
		},
		{
			"from": [11, 6, 0],
			"to": [17.5, 10.5, 0],
			"rotation": {"angle": -45, "axis": "x", "origin": [14, 8.25, 0]},
			"faces": {
				"north": {"uv": [1, 4, 14, 13], "texture": "#2", "cullface": "north"},
				"east": {"uv": [0, 0, 0, 8], "texture": "#missing"},
				"south": {"uv": [14, 4, 1, 13], "texture": "#2", "cullface": "north"},
				"west": {"uv": [0, 0, 0, 8], "texture": "#missing"},
				"up": {"uv": [0, 0, 13, 0], "texture": "#missing"},
				"down": {"uv": [0, 0, 13, 0], "texture": "#missing"}
			}
		},
		{
			"from": [10.5, 10.5, 0],
			"to": [17, 11, 0],
			"rotation": {"angle": -45, "axis": "x", "origin": [14, 8.25, 0]},
			"faces": {
				"north": {"uv": [2, 3, 15, 4], "texture": "#2", "cullface": "north"},
				"east": {"uv": [0, 0, 0, 8], "texture": "#missing"},
				"south": {"uv": [15, 3, 2, 4], "texture": "#2", "cullface": "north"},
				"west": {"uv": [0, 0, 0, 8], "texture": "#missing"},
				"up": {"uv": [0, 0, 13, 0], "texture": "#missing"},
				"down": {"uv": [0, 0, 13, 0], "texture": "#missing"}
			}
		},
		{
			"from": [15, 11, 0],
			"to": [16.5, 11.5, 0],
			"rotation": {"angle": -45, "axis": "x", "origin": [14, 8.25, 0]},
			"faces": {
				"north": {"uv": [3, 2, 6, 3], "texture": "#2", "cullface": "north"},
				"east": {"uv": [0, 0, 0, 8], "texture": "#missing"},
				"south": {"uv": [3, 2, 6, 3], "texture": "#2", "cullface": "north"},
				"west": {"uv": [0, 0, 0, 8], "texture": "#missing"},
				"up": {"uv": [0, 0, 13, 0], "texture": "#missing"},
				"down": {"uv": [0, 0, 13, 0], "texture": "#missing"}
			}
		},
		{
			"from": [15, 5.5, 0],
			"to": [17, 6, 0],
			"rotation": {"angle": -45, "axis": "x", "origin": [14, 8.25, 0]},
			"faces": {
				"north": {"uv": [2, 13, 6, 14], "texture": "#2", "cullface": "north"},
				"east": {"uv": [0, 0, 0, 8], "texture": "#missing"},
				"south": {"uv": [6, 13, 2, 14], "texture": "#2", "cullface": "north"},
				"west": {"uv": [0, 0, 0, 8], "texture": "#missing"},
				"up": {"uv": [0, 0, 13, 0], "texture": "#missing"},
				"down": {"uv": [0, 0, 13, 0], "texture": "#missing"}
			}
		},
		{
			"from": [10.5, 5.5, 0],
			"to": [13.5, 6, 0],
			"rotation": {"angle": -45, "axis": "x", "origin": [14, 8.25, 0]},
			"faces": {
				"north": {"uv": [9, 13, 15, 14], "texture": "#2", "cullface": "north"},
				"east": {"uv": [0, 0, 0, 8], "texture": "#missing"},
				"south": {"uv": [9, 13, 15, 14], "texture": "#2", "cullface": "north"},
				"west": {"uv": [0, 0, 0, 8], "texture": "#missing"},
				"up": {"uv": [0, 0, 13, 0], "texture": "#missing"},
				"down": {"uv": [0, 0, 13, 0], "texture": "#missing"}
			}
		},
		{
			"from": [11.5, 5, 0],
			"to": [13, 5.5, 0],
			"rotation": {"angle": -45, "axis": "x", "origin": [14, 8.25, 0]},
			"faces": {
				"north": {"uv": [10, 14, 13, 15], "texture": "#2", "cullface": "north"},
				"east": {"uv": [0, 0, 0, 8], "texture": "#missing"},
				"south": {"uv": [10, 14, 13, 15], "texture": "#2", "cullface": "north"},
				"west": {"uv": [0, 0, 0, 8], "texture": "#missing"},
				"up": {"uv": [0, 0, 13, 0], "texture": "#missing"},
				"down": {"uv": [0, 0, 13, 0], "texture": "#missing"}
			}
		},
		{
			"from": [11, 11, 0],
			"to": [13.5, 11.5, 0],
			"rotation": {"angle": -45, "axis": "x", "origin": [14, 8.25, 0]},
			"faces": {
				"north": {"uv": [9, 2, 14, 3], "texture": "#2", "cullface": "north"},
				"east": {"uv": [0, 0, 0, 8], "texture": "#missing"},
				"south": {"uv": [14, 2, 9, 3], "texture": "#2", "cullface": "north"},
				"west": {"uv": [0, 0, 0, 8], "texture": "#missing"},
				"up": {"uv": [0, 0, 13, 0], "texture": "#missing"},
				"down": {"uv": [0, 0, 13, 0], "texture": "#missing"}
			}
		},
		{
			"from": [10.5, 9.5, 0],
			"to": [11, 10.5, 0],
			"rotation": {"angle": -45, "axis": "x", "origin": [14, 8.25, 0]},
			"faces": {
				"north": {"uv": [14, 4, 15, 6], "texture": "#2", "cullface": "north"},
				"east": {"uv": [0, 0, 0, 8], "texture": "#missing"},
				"south": {"uv": [14, 4, 15, 6], "texture": "#2", "cullface": "north"},
				"west": {"uv": [0, 0, 0, 8], "texture": "#missing"},
				"up": {"uv": [0, 0, 13, 0], "texture": "#missing"},
				"down": {"uv": [0, 0, 13, 0], "texture": "#missing"}
			}
		},
		{
			"from": [10.5, 6, 0],
			"to": [11, 8.5, 0],
			"rotation": {"angle": -45, "axis": "x", "origin": [14, 8.25, 0]},
			"faces": {
				"north": {"uv": [14, 8, 15, 13], "texture": "#2", "cullface": "north"},
				"east": {"uv": [0, 0, 0, 8], "texture": "#missing"},
				"south": {"uv": [14, 8, 15, 13], "texture": "#2", "cullface": "north"},
				"west": {"uv": [0, 0, 0, 8], "texture": "#missing"},
				"up": {"uv": [0, 0, 13, 0], "texture": "#missing"},
				"down": {"uv": [0, 0, 13, 0], "texture": "#missing"}
			}
		},
		{
			"from": [10, 6, 0],
			"to": [10.5, 8, 0],
			"rotation": {"angle": -45, "axis": "x", "origin": [14, 8.25, 0]},
			"faces": {
				"north": {"uv": [15, 9, 16, 13], "texture": "#2", "cullface": "north"},
				"east": {"uv": [0, 0, 0, 8], "texture": "#missing"},
				"south": {"uv": [15, 9, 16, 13], "texture": "#2", "cullface": "north"},
				"west": {"uv": [0, 0, 0, 8], "texture": "#missing"},
				"up": {"uv": [0, 0, 13, 0], "texture": "#missing"},
				"down": {"uv": [0, 0, 13, 0], "texture": "#missing"}
			}
		},
		{
			"from": [17.5, 7.5, 0],
			"to": [18, 9.5, 0],
			"rotation": {"angle": -45, "axis": "x", "origin": [14, 8.25, 0]},
			"faces": {
				"north": {"uv": [0, 6, 1, 10], "texture": "#2", "cullface": "north"},
				"east": {"uv": [0, 0, 0, 8], "texture": "#missing"},
				"south": {"uv": [0, 6, 1, 10], "texture": "#2", "cullface": "north"},
				"west": {"uv": [0, 0, 0, 8], "texture": "#missing"},
				"up": {"uv": [0, 0, 13, 0], "texture": "#missing"},
				"down": {"uv": [0, 0, 13, 0], "texture": "#missing"}
			}
		},
		{
			"from": [14, 7.5, 3.5],
			"to": [14, 9.5, 4],
			"rotation": {"angle": -45, "axis": "x", "origin": [14, 8.25, 0]},
			"faces": {
				"north": {"uv": [0, 0, 0, 8], "texture": "#missing"},
				"east": {"uv": [0, 6, 1, 10], "texture": "#2", "cullface": "north"},
				"south": {"uv": [0, 0, 0, 8], "texture": "#missing"},
				"west": {"uv": [0, 6, 1, 10], "texture": "#2", "cullface": "north"},
				"up": {"uv": [0, 0, 13, 0], "rotation": 90, "texture": "#missing"},
				"down": {"uv": [0, 0, 13, 0], "rotation": 270, "texture": "#missing"}
			}
		},
		{
			"from": [14, 6, -4],
			"to": [14, 8, -3.5],
			"rotation": {"angle": -45, "axis": "x", "origin": [14, 8.25, 0]},
			"faces": {
				"north": {"uv": [0, 0, 0, 8], "texture": "#missing"},
				"east": {"uv": [15, 9, 16, 13], "texture": "#2", "cullface": "north"},
				"south": {"uv": [0, 0, 0, 8], "texture": "#missing"},
				"west": {"uv": [15, 9, 16, 13], "texture": "#2", "cullface": "north"},
				"up": {"uv": [0, 0, 13, 0], "rotation": 90, "texture": "#missing"},
				"down": {"uv": [0, 0, 13, 0], "rotation": 270, "texture": "#missing"}
			}
		},
		{
			"from": [14, 6, -3.5],
			"to": [14, 8.5, -3],
			"rotation": {"angle": -45, "axis": "x", "origin": [14, 8.25, 0]},
			"faces": {
				"north": {"uv": [0, 0, 0, 8], "texture": "#missing"},
				"east": {"uv": [14, 8, 15, 13], "texture": "#2", "cullface": "north"},
				"south": {"uv": [0, 0, 0, 8], "texture": "#missing"},
				"west": {"uv": [14, 8, 15, 13], "texture": "#2", "cullface": "north"},
				"up": {"uv": [0, 0, 13, 0], "rotation": 90, "texture": "#missing"},
				"down": {"uv": [0, 0, 13, 0], "rotation": 270, "texture": "#missing"}
			}
		},
		{
			"from": [14, 9.5, -3.5],
			"to": [14, 10.5, -3],
			"rotation": {"angle": -45, "axis": "x", "origin": [14, 8.25, 0]},
			"faces": {
				"north": {"uv": [0, 0, 0, 8], "texture": "#missing"},
				"east": {"uv": [14, 4, 15, 6], "texture": "#2", "cullface": "north"},
				"south": {"uv": [0, 0, 0, 8], "texture": "#missing"},
				"west": {"uv": [14, 4, 15, 6], "texture": "#2", "cullface": "north"},
				"up": {"uv": [0, 0, 13, 0], "rotation": 90, "texture": "#missing"},
				"down": {"uv": [0, 0, 13, 0], "rotation": 270, "texture": "#missing"}
			}
		},
		{
			"from": [14, 11, -3],
			"to": [14, 11.5, -0.5],
			"rotation": {"angle": -45, "axis": "x", "origin": [14, 8.25, 0]},
			"faces": {
				"north": {"uv": [0, 0, 0, 8], "texture": "#missing"},
				"east": {"uv": [9, 2, 14, 3], "texture": "#2", "cullface": "north"},
				"south": {"uv": [0, 0, 0, 8], "texture": "#missing"},
				"west": {"uv": [14, 2, 9, 3], "texture": "#2", "cullface": "north"},
				"up": {"uv": [0, 0, 13, 0], "rotation": 90, "texture": "#missing"},
				"down": {"uv": [0, 0, 13, 0], "rotation": 270, "texture": "#missing"}
			}
		},
		{
			"from": [14, 5, -2.5],
			"to": [14, 5.5, -1],
			"rotation": {"angle": -45, "axis": "x", "origin": [14, 8.25, 0]},
			"faces": {
				"north": {"uv": [0, 0, 0, 8], "texture": "#missing"},
				"east": {"uv": [10, 14, 13, 15], "texture": "#2", "cullface": "north"},
				"south": {"uv": [0, 0, 0, 8], "texture": "#missing"},
				"west": {"uv": [10, 14, 13, 15], "texture": "#2", "cullface": "north"},
				"up": {"uv": [0, 0, 13, 0], "rotation": 90, "texture": "#missing"},
				"down": {"uv": [0, 0, 13, 0], "rotation": 270, "texture": "#missing"}
			}
		},
		{
			"from": [14, 5.5, -3.5],
			"to": [14, 6, -0.5],
			"rotation": {"angle": -45, "axis": "x", "origin": [14, 8.25, 0]},
			"faces": {
				"north": {"uv": [0, 0, 0, 8], "texture": "#missing"},
				"east": {"uv": [9, 13, 15, 14], "texture": "#2", "cullface": "north"},
				"south": {"uv": [0, 0, 0, 8], "texture": "#missing"},
				"west": {"uv": [9, 13, 15, 14], "texture": "#2", "cullface": "north"},
				"up": {"uv": [0, 0, 13, 0], "rotation": 90, "texture": "#missing"},
				"down": {"uv": [0, 0, 13, 0], "rotation": 270, "texture": "#missing"}
			}
		},
		{
			"from": [14, 5.5, 1],
			"to": [14, 6, 3],
			"rotation": {"angle": -45, "axis": "x", "origin": [14, 8.25, 0]},
			"faces": {
				"north": {"uv": [0, 0, 0, 8], "texture": "#missing"},
				"east": {"uv": [2, 13, 6, 14], "texture": "#2", "cullface": "north"},
				"south": {"uv": [0, 0, 0, 8], "texture": "#missing"},
				"west": {"uv": [6, 13, 2, 14], "texture": "#2", "cullface": "north"},
				"up": {"uv": [0, 0, 13, 0], "rotation": 90, "texture": "#missing"},
				"down": {"uv": [0, 0, 13, 0], "rotation": 270, "texture": "#missing"}
			}
		},
		{
			"from": [14, 11, 1],
			"to": [14, 11.5, 2.5],
			"rotation": {"angle": -45, "axis": "x", "origin": [14, 8.25, 0]},
			"faces": {
				"north": {"uv": [0, 0, 0, 8], "texture": "#missing"},
				"east": {"uv": [3, 2, 6, 3], "texture": "#2", "cullface": "north"},
				"south": {"uv": [0, 0, 0, 8], "texture": "#missing"},
				"west": {"uv": [3, 2, 6, 3], "texture": "#2", "cullface": "north"},
				"up": {"uv": [0, 0, 13, 0], "rotation": 90, "texture": "#missing"},
				"down": {"uv": [0, 0, 13, 0], "rotation": 270, "texture": "#missing"}
			}
		},
		{
			"from": [14, 10.5, -3.5],
			"to": [14, 11, 3],
			"rotation": {"angle": -45, "axis": "x", "origin": [14, 8.25, 0]},
			"faces": {
				"north": {"uv": [0, 0, 0, 8], "texture": "#missing"},
				"east": {"uv": [2, 3, 15, 4], "texture": "#2", "cullface": "north"},
				"south": {"uv": [0, 0, 0, 8], "texture": "#missing"},
				"west": {"uv": [15, 3, 2, 4], "texture": "#2", "cullface": "north"},
				"up": {"uv": [0, 0, 13, 0], "rotation": 90, "texture": "#missing"},
				"down": {"uv": [0, 0, 13, 0], "rotation": 270, "texture": "#missing"}
			}
		},
		{
			"from": [14, 6, -3],
			"to": [14, 10.5, 3.5],
			"rotation": {"angle": -45, "axis": "x", "origin": [14, 8.25, 0]},
			"faces": {
				"north": {"uv": [0, 0, 0, 8], "texture": "#missing"},
				"east": {"uv": [1, 4, 14, 13], "texture": "#2", "cullface": "north"},
				"south": {"uv": [0, 0, 0, 8], "texture": "#missing"},
				"west": {"uv": [14, 4, 1, 13], "texture": "#2", "cullface": "north"},
				"up": {"uv": [0, 0, 13, 0], "rotation": 90, "texture": "#missing"},
				"down": {"uv": [0, 0, 13, 0], "rotation": 270, "texture": "#missing"}
			}
		},
		{
			"from": [4, 2, 16],
			"to": [10.5, 6.5, 16],
			"rotation": {"angle": 45, "axis": "x", "origin": [7, 4.25, 16]},
			"faces": {
				"north": {"uv": [1, 4, 14, 13], "texture": "#2", "cullface": "south"},
				"east": {"uv": [0, 0, 0, 8], "texture": "#missing"},
				"south": {"uv": [14, 4, 1, 13], "texture": "#2", "cullface": "south"},
				"west": {"uv": [0, 0, 0, 8], "texture": "#missing"},
				"up": {"uv": [0, 0, 13, 0], "texture": "#missing"},
				"down": {"uv": [0, 0, 13, 0], "texture": "#missing"}
			}
		},
		{
			"from": [3.5, 6.5, 16],
			"to": [10, 7, 16],
			"rotation": {"angle": 45, "axis": "x", "origin": [7, 4.25, 16]},
			"faces": {
				"north": {"uv": [2, 3, 15, 4], "texture": "#2", "cullface": "south"},
				"east": {"uv": [0, 0, 0, 8], "texture": "#missing"},
				"south": {"uv": [15, 3, 2, 4], "texture": "#2", "cullface": "south"},
				"west": {"uv": [0, 0, 0, 8], "texture": "#missing"},
				"up": {"uv": [0, 0, 13, 0], "texture": "#missing"},
				"down": {"uv": [0, 0, 13, 0], "texture": "#missing"}
			}
		},
		{
			"from": [8, 7, 16],
			"to": [9.5, 7.5, 16],
			"rotation": {"angle": 45, "axis": "x", "origin": [7, 4.25, 16]},
			"faces": {
				"north": {"uv": [3, 2, 6, 3], "texture": "#2", "cullface": "south"},
				"east": {"uv": [0, 0, 0, 8], "texture": "#missing"},
				"south": {"uv": [3, 2, 6, 3], "texture": "#2", "cullface": "south"},
				"west": {"uv": [0, 0, 0, 8], "texture": "#missing"},
				"up": {"uv": [0, 0, 13, 0], "texture": "#missing"},
				"down": {"uv": [0, 0, 13, 0], "texture": "#missing"}
			}
		},
		{
			"from": [8, 1.5, 16],
			"to": [10, 2, 16],
			"rotation": {"angle": 45, "axis": "x", "origin": [7, 4.25, 16]},
			"faces": {
				"north": {"uv": [2, 13, 6, 14], "texture": "#2", "cullface": "south"},
				"east": {"uv": [0, 0, 0, 8], "texture": "#missing"},
				"south": {"uv": [6, 13, 2, 14], "texture": "#2", "cullface": "south"},
				"west": {"uv": [0, 0, 0, 8], "texture": "#missing"},
				"up": {"uv": [0, 0, 13, 0], "texture": "#missing"},
				"down": {"uv": [0, 0, 13, 0], "texture": "#missing"}
			}
		},
		{
			"from": [3.5, 1.5, 16],
			"to": [6.5, 2, 16],
			"rotation": {"angle": 45, "axis": "x", "origin": [7, 4.25, 16]},
			"faces": {
				"north": {"uv": [9, 13, 15, 14], "texture": "#2", "cullface": "south"},
				"east": {"uv": [0, 0, 0, 8], "texture": "#missing"},
				"south": {"uv": [9, 13, 15, 14], "texture": "#2", "cullface": "south"},
				"west": {"uv": [0, 0, 0, 8], "texture": "#missing"},
				"up": {"uv": [0, 0, 13, 0], "texture": "#missing"},
				"down": {"uv": [0, 0, 13, 0], "texture": "#missing"}
			}
		},
		{
			"from": [4.5, 1, 16],
			"to": [6, 1.5, 16],
			"rotation": {"angle": 45, "axis": "x", "origin": [7, 4.25, 16]},
			"faces": {
				"north": {"uv": [10, 14, 13, 15], "texture": "#2", "cullface": "south"},
				"east": {"uv": [0, 0, 0, 8], "texture": "#missing"},
				"south": {"uv": [10, 14, 13, 15], "texture": "#2", "cullface": "south"},
				"west": {"uv": [0, 0, 0, 8], "texture": "#missing"},
				"up": {"uv": [0, 0, 13, 0], "texture": "#missing"},
				"down": {"uv": [0, 0, 13, 0], "texture": "#missing"}
			}
		},
		{
			"from": [4, 7, 16],
			"to": [6.5, 7.5, 16],
			"rotation": {"angle": 45, "axis": "x", "origin": [7, 4.25, 16]},
			"faces": {
				"north": {"uv": [9, 2, 14, 3], "texture": "#2", "cullface": "south"},
				"east": {"uv": [0, 0, 0, 8], "texture": "#missing"},
				"south": {"uv": [14, 2, 9, 3], "texture": "#2", "cullface": "south"},
				"west": {"uv": [0, 0, 0, 8], "texture": "#missing"},
				"up": {"uv": [0, 0, 13, 0], "texture": "#missing"},
				"down": {"uv": [0, 0, 13, 0], "texture": "#missing"}
			}
		},
		{
			"from": [3.5, 5.5, 16],
			"to": [4, 6.5, 16],
			"rotation": {"angle": 45, "axis": "x", "origin": [7, 4.25, 16]},
			"faces": {
				"north": {"uv": [14, 4, 15, 6], "texture": "#2", "cullface": "south"},
				"east": {"uv": [0, 0, 0, 8], "texture": "#missing"},
				"south": {"uv": [14, 4, 15, 6], "texture": "#2", "cullface": "south"},
				"west": {"uv": [0, 0, 0, 8], "texture": "#missing"},
				"up": {"uv": [0, 0, 13, 0], "texture": "#missing"},
				"down": {"uv": [0, 0, 13, 0], "texture": "#missing"}
			}
		},
		{
			"from": [3.5, 2, 16],
			"to": [4, 4.5, 16],
			"rotation": {"angle": 45, "axis": "x", "origin": [7, 4.25, 16]},
			"faces": {
				"north": {"uv": [14, 8, 15, 13], "texture": "#2", "cullface": "south"},
				"east": {"uv": [0, 0, 0, 8], "texture": "#missing"},
				"south": {"uv": [14, 8, 15, 13], "texture": "#2", "cullface": "south"},
				"west": {"uv": [0, 0, 0, 8], "texture": "#missing"},
				"up": {"uv": [0, 0, 13, 0], "texture": "#missing"},
				"down": {"uv": [0, 0, 13, 0], "texture": "#missing"}
			}
		},
		{
			"from": [3, 2, 16],
			"to": [3.5, 4, 16],
			"rotation": {"angle": 45, "axis": "x", "origin": [7, 4.25, 16]},
			"faces": {
				"north": {"uv": [15, 9, 16, 13], "texture": "#2", "cullface": "south"},
				"east": {"uv": [0, 0, 0, 8], "texture": "#missing"},
				"south": {"uv": [15, 9, 16, 13], "texture": "#2", "cullface": "south"},
				"west": {"uv": [0, 0, 0, 8], "texture": "#missing"},
				"up": {"uv": [0, 0, 13, 0], "texture": "#missing"},
				"down": {"uv": [0, 0, 13, 0], "texture": "#missing"}
			}
		},
		{
			"from": [10.5, 3.5, 16],
			"to": [11, 5.5, 16],
			"rotation": {"angle": 45, "axis": "x", "origin": [7, 4.25, 16]},
			"faces": {
				"north": {"uv": [0, 6, 1, 10], "texture": "#2", "cullface": "south"},
				"east": {"uv": [0, 0, 0, 8], "texture": "#missing"},
				"south": {"uv": [0, 6, 1, 10], "texture": "#2", "cullface": "south"},
				"west": {"uv": [0, 0, 0, 8], "texture": "#missing"},
				"up": {"uv": [0, 0, 13, 0], "texture": "#missing"},
				"down": {"uv": [0, 0, 13, 0], "texture": "#missing"}
			}
		},
		{
			"from": [7, 3.5, 19.5],
			"to": [7, 5.5, 20],
			"rotation": {"angle": 45, "axis": "x", "origin": [7, 4.25, 16]},
			"faces": {
				"north": {"uv": [0, 0, 0, 8], "texture": "#missing"},
				"east": {"uv": [0, 6, 1, 10], "texture": "#2", "cullface": "south"},
				"south": {"uv": [0, 0, 0, 8], "texture": "#missing"},
				"west": {"uv": [0, 6, 1, 10], "texture": "#2", "cullface": "south"},
				"up": {"uv": [0, 0, 13, 0], "rotation": 90, "texture": "#missing"},
				"down": {"uv": [0, 0, 13, 0], "rotation": 270, "texture": "#missing"}
			}
		},
		{
			"from": [7, 2, 12],
			"to": [7, 4, 12.5],
			"rotation": {"angle": 45, "axis": "x", "origin": [7, 4.25, 16]},
			"faces": {
				"north": {"uv": [0, 0, 0, 8], "texture": "#missing"},
				"east": {"uv": [15, 9, 16, 13], "texture": "#2", "cullface": "south"},
				"south": {"uv": [0, 0, 0, 8], "texture": "#missing"},
				"west": {"uv": [15, 9, 16, 13], "texture": "#2", "cullface": "south"},
				"up": {"uv": [0, 0, 13, 0], "rotation": 90, "texture": "#missing"},
				"down": {"uv": [0, 0, 13, 0], "rotation": 270, "texture": "#missing"}
			}
		},
		{
			"from": [7, 2, 12.5],
			"to": [7, 4.5, 13],
			"rotation": {"angle": 45, "axis": "x", "origin": [7, 4.25, 16]},
			"faces": {
				"north": {"uv": [0, 0, 0, 8], "texture": "#missing"},
				"east": {"uv": [14, 8, 15, 13], "texture": "#2", "cullface": "south"},
				"south": {"uv": [0, 0, 0, 8], "texture": "#missing"},
				"west": {"uv": [14, 8, 15, 13], "texture": "#2", "cullface": "south"},
				"up": {"uv": [0, 0, 13, 0], "rotation": 90, "texture": "#missing"},
				"down": {"uv": [0, 0, 13, 0], "rotation": 270, "texture": "#missing"}
			}
		},
		{
			"from": [7, 5.5, 12.5],
			"to": [7, 6.5, 13],
			"rotation": {"angle": 45, "axis": "x", "origin": [7, 4.25, 16]},
			"faces": {
				"north": {"uv": [0, 0, 0, 8], "texture": "#missing"},
				"east": {"uv": [14, 4, 15, 6], "texture": "#2", "cullface": "south"},
				"south": {"uv": [0, 0, 0, 8], "texture": "#missing"},
				"west": {"uv": [14, 4, 15, 6], "texture": "#2", "cullface": "south"},
				"up": {"uv": [0, 0, 13, 0], "rotation": 90, "texture": "#missing"},
				"down": {"uv": [0, 0, 13, 0], "rotation": 270, "texture": "#missing"}
			}
		},
		{
			"from": [7, 7, 13],
			"to": [7, 7.5, 15.5],
			"rotation": {"angle": 45, "axis": "x", "origin": [7, 4.25, 16]},
			"faces": {
				"north": {"uv": [0, 0, 0, 8], "texture": "#missing"},
				"east": {"uv": [9, 2, 14, 3], "texture": "#2", "cullface": "south"},
				"south": {"uv": [0, 0, 0, 8], "texture": "#missing"},
				"west": {"uv": [14, 2, 9, 3], "texture": "#2", "cullface": "south"},
				"up": {"uv": [0, 0, 13, 0], "rotation": 90, "texture": "#missing"},
				"down": {"uv": [0, 0, 13, 0], "rotation": 270, "texture": "#missing"}
			}
		},
		{
			"from": [7, 1, 13.5],
			"to": [7, 1.5, 15],
			"rotation": {"angle": 45, "axis": "x", "origin": [7, 4.25, 16]},
			"faces": {
				"north": {"uv": [0, 0, 0, 8], "texture": "#missing"},
				"east": {"uv": [10, 14, 13, 15], "texture": "#2", "cullface": "east"},
				"south": {"uv": [0, 0, 0, 8], "texture": "#missing"},
				"west": {"uv": [10, 14, 13, 15], "texture": "#2", "cullface": "west"},
				"up": {"uv": [0, 0, 13, 0], "rotation": 90, "texture": "#missing"},
				"down": {"uv": [0, 0, 13, 0], "rotation": 270, "texture": "#missing"}
			}
		},
		{
			"from": [7, 1.5, 12.5],
			"to": [7, 2, 15.5],
			"rotation": {"angle": 45, "axis": "x", "origin": [7, 4.25, 16]},
			"faces": {
				"north": {"uv": [0, 0, 0, 8], "texture": "#missing"},
				"east": {"uv": [9, 13, 15, 14], "texture": "#2", "cullface": "south"},
				"south": {"uv": [0, 0, 0, 8], "texture": "#missing"},
				"west": {"uv": [9, 13, 15, 14], "texture": "#2", "cullface": "south"},
				"up": {"uv": [0, 0, 13, 0], "rotation": 90, "texture": "#missing"},
				"down": {"uv": [0, 0, 13, 0], "rotation": 270, "texture": "#missing"}
			}
		},
		{
			"from": [7, 1.5, 17],
			"to": [7, 2, 19],
			"rotation": {"angle": 45, "axis": "x", "origin": [7, 4.25, 16]},
			"faces": {
				"north": {"uv": [0, 0, 0, 8], "texture": "#missing"},
				"east": {"uv": [2, 13, 6, 14], "texture": "#2", "cullface": "south"},
				"south": {"uv": [0, 0, 0, 8], "texture": "#missing"},
				"west": {"uv": [6, 13, 2, 14], "texture": "#2", "cullface": "south"},
				"up": {"uv": [0, 0, 13, 0], "rotation": 90, "texture": "#missing"},
				"down": {"uv": [0, 0, 13, 0], "rotation": 270, "texture": "#missing"}
			}
		},
		{
			"from": [7, 7, 17],
			"to": [7, 7.5, 18.5],
			"rotation": {"angle": 45, "axis": "x", "origin": [7, 4.25, 16]},
			"faces": {
				"north": {"uv": [0, 0, 0, 8], "texture": "#missing"},
				"east": {"uv": [3, 2, 6, 3], "texture": "#2", "cullface": "east"},
				"south": {"uv": [0, 0, 0, 8], "texture": "#missing"},
				"west": {"uv": [3, 2, 6, 3], "texture": "#2", "cullface": "south"},
				"up": {"uv": [0, 0, 13, 0], "rotation": 90, "texture": "#missing"},
				"down": {"uv": [0, 0, 13, 0], "rotation": 270, "texture": "#missing"}
			}
		},
		{
			"from": [7, 6.5, 12.5],
			"to": [7, 7, 19],
			"rotation": {"angle": 45, "axis": "x", "origin": [7, 4.25, 16]},
			"faces": {
				"north": {"uv": [0, 0, 0, 8], "texture": "#missing"},
				"east": {"uv": [2, 3, 15, 4], "texture": "#2", "cullface": "south"},
				"south": {"uv": [0, 0, 0, 8], "texture": "#missing"},
				"west": {"uv": [15, 3, 2, 4], "texture": "#2", "cullface": "south"},
				"up": {"uv": [0, 0, 13, 0], "rotation": 90, "texture": "#missing"},
				"down": {"uv": [0, 0, 13, 0], "rotation": 270, "texture": "#missing"}
			}
		},
		{
			"from": [7, 2, 13],
			"to": [7, 6.5, 19.5],
			"rotation": {"angle": 45, "axis": "x", "origin": [7, 4.25, 16]},
			"faces": {
				"north": {"uv": [0, 0, 0, 8], "texture": "#missing"},
				"east": {"uv": [1, 4, 14, 13], "texture": "#2", "cullface": "south"},
				"south": {"uv": [0, 0, 0, 8], "texture": "#missing"},
				"west": {"uv": [14, 4, 1, 13], "texture": "#2", "cullface": "south"},
				"up": {"uv": [0, 0, 13, 0], "rotation": 90, "texture": "#missing"},
				"down": {"uv": [0, 0, 13, 0], "rotation": 270, "texture": "#missing"}
			}
		}
	],
	"groups": [
		0,
		{
			"name": "group",
			"origin": [13, 14, -14],
			"color": 0,
			"children": [1, 2, 3, 4, 5, 6, 7, 8, 9, 10, 11, 12, 13, 14, 15, 16, 17, 18, 19, 20, 21, 22]
		},
		{
			"name": "group",
			"origin": [13, 14, -14],
			"color": 0,
			"children": [23, 24, 25, 26, 27, 28, 29, 30, 31, 32, 33, 34, 35, 36, 37, 38, 39, 40, 41, 42, 43, 44]
		},
		{
			"name": "group",
			"origin": [13, 14, -14],
			"color": 0,
			"children": [45, 46, 47, 48, 49, 50, 51, 52, 53, 54, 55, 56, 57, 58, 59, 60, 61, 62, 63, 64, 65, 66]
		}
	]
}