{
	"credit": "Made with Blockbench",
	"textures": {
		"0": "block/emerald",
		"1": "block/deepslate_emerald_ore",
		"particle": "block/deepslate_emerald_ore"
	},
	"elements": [
		{
			"from": [0, 0, 0],
			"to": [16, 16, 16],
			"faces": {
				"north": {"uv": [0, 0, 16, 16], "texture": "#1", "cullface": "north"},
				"east": {"uv": [0, 0, 16, 16], "texture": "#1", "cullface": "east"},
				"south": {"uv": [0, 0, 16, 16], "texture": "#1", "cullface": "south"},
				"west": {"uv": [0, 0, 16, 16], "texture": "#1", "cullface": "west"},
				"up": {"uv": [0, 0, 16, 16], "texture": "#1", "cullface": "up"},
				"down": {"uv": [0, 0, 16, 16], "texture": "#1", "cullface": "down"}
			}
		},
		{
			"from": [-2, 14, 2],
			"to": [3, 17, 2],
			"rotation": {"angle": 45, "axis": "z", "origin": [0.5, 15.5, 2]},
			"faces": {
				"north": {"uv": [3, 5, 13, 11], "texture": "#0", "cullface": "up"},
				"east": {"uv": [0, 0, 0, 8], "texture": "#missing"},
				"south": {"uv": [3, 5, 13, 11], "texture": "#0", "cullface": "up"},
				"west": {"uv": [0, 0, 0, 8], "texture": "#missing"},
				"up": {"uv": [0, 0, 13, 0], "texture": "#missing"},
				"down": {"uv": [0, 0, 13, 0], "texture": "#missing"}
			}
		},
		{
			"from": [-1.5, 17, 2],
			"to": [2.5, 17.5, 2],
			"rotation": {"angle": 45, "axis": "z", "origin": [0.5, 15.5, 2]},
			"faces": {
				"north": {"uv": [4, 4, 12, 5], "texture": "#0", "cullface": "up"},
				"east": {"uv": [0, 0, 0, 8], "texture": "#missing"},
				"south": {"uv": [4, 4, 12, 5], "texture": "#0", "cullface": "up"},
				"west": {"uv": [0, 0, 0, 8], "texture": "#missing"},
				"up": {"uv": [0, 0, 13, 0], "texture": "#missing"},
				"down": {"uv": [0, 0, 13, 0], "texture": "#missing"}
			}
		},
		{
			"from": [-1.5, 13.5, 2],
			"to": [2.5, 14, 2],
			"rotation": {"angle": 45, "axis": "z", "origin": [0.5, 15.5, 2]},
			"faces": {
				"north": {"uv": [4, 11, 12, 12], "texture": "#0", "cullface": "up"},
				"east": {"uv": [0, 0, 0, 8], "texture": "#missing"},
				"south": {"uv": [4, 11, 12, 12], "texture": "#0", "cullface": "up"},
				"west": {"uv": [0, 0, 0, 8], "texture": "#missing"},
				"up": {"uv": [0, 0, 13, 0], "texture": "#missing"},
				"down": {"uv": [0, 0, 13, 0], "texture": "#missing"}
			}
		},
		{
			"from": [-1, 17.5, 2],
			"to": [2, 18, 2],
			"rotation": {"angle": 45, "axis": "z", "origin": [0.5, 15.5, 2]},
			"faces": {
				"north": {"uv": [5, 3, 11, 4], "texture": "#0", "cullface": "up"},
				"east": {"uv": [0, 0, 0, 8], "texture": "#missing"},
				"south": {"uv": [5, 3, 11, 4], "texture": "#0", "cullface": "up"},
				"west": {"uv": [0, 0, 0, 8], "texture": "#missing"},
				"up": {"uv": [0, 0, 13, 0], "texture": "#missing"},
				"down": {"uv": [0, 0, 13, 0], "texture": "#missing"}
			}
		},
		{
			"from": [-1, 13, 2],
			"to": [2, 13.5, 2],
			"rotation": {"angle": 45, "axis": "z", "origin": [0.5, 15.5, 2]},
			"faces": {
				"north": {"uv": [5, 12, 11, 13], "texture": "#0", "cullface": "up"},
				"east": {"uv": [0, 0, 0, 8], "texture": "#missing"},
				"south": {"uv": [5, 12, 11, 13], "texture": "#0", "cullface": "up"},
				"west": {"uv": [0, 0, 0, 8], "texture": "#missing"},
				"up": {"uv": [0, 0, 13, 0], "texture": "#missing"},
				"down": {"uv": [0, 0, 13, 0], "texture": "#missing"}
			}
		},
		{
			"from": [-0.5, 18, 2],
			"to": [1.5, 18.5, 2],
			"rotation": {"angle": 45, "axis": "z", "origin": [0.5, 15.5, 2]},
			"faces": {
				"north": {"uv": [6, 2, 10, 3], "texture": "#0", "cullface": "up"},
				"east": {"uv": [0, 0, 0, 8], "texture": "#missing"},
				"south": {"uv": [10, 2, 6, 3], "texture": "#0", "cullface": "up"},
				"west": {"uv": [0, 0, 0, 8], "texture": "#missing"},
				"up": {"uv": [0, 0, 13, 0], "texture": "#missing"},
				"down": {"uv": [0, 0, 13, 0], "texture": "#missing"}
			}
		},
		{
			"from": [-0.5, 12.5, 2],
			"to": [1.5, 13, 2],
			"rotation": {"angle": 45, "axis": "z", "origin": [0.5, 15.5, 2]},
			"faces": {
				"north": {"uv": [6, 13, 10, 14], "texture": "#0", "cullface": "up"},
				"east": {"uv": [0, 0, 0, 8], "texture": "#missing"},
				"south": {"uv": [6, 13, 10, 14], "texture": "#0", "cullface": "up"},
				"west": {"uv": [0, 0, 0, 8], "texture": "#missing"},
				"up": {"uv": [0, 0, 13, 0], "texture": "#missing"},
				"down": {"uv": [0, 0, 13, 0], "texture": "#missing"}
			}
		},
		{
			"from": [0.5, 12.5, 1],
			"to": [0.5, 13, 3],
			"rotation": {"angle": 45, "axis": "z", "origin": [0.5, 15.5, 2]},
			"faces": {
				"north": {"uv": [0, 0, 0, 8], "texture": "#missing"},
				"east": {"uv": [6, 13, 10, 14], "texture": "#0", "cullface": "up"},
				"south": {"uv": [0, 0, 0, 8], "texture": "#missing"},
				"west": {"uv": [6, 13, 10, 14], "texture": "#0", "cullface": "up"},
				"up": {"uv": [0, 0, 13, 0], "rotation": 270, "texture": "#missing"},
				"down": {"uv": [0, 0, 13, 0], "rotation": 90, "texture": "#missing"}
			}
		},
		{
			"from": [0.5, 18, 1],
			"to": [0.5, 18.5, 3],
			"rotation": {"angle": 45, "axis": "z", "origin": [0.5, 15.5, 2]},
			"faces": {
				"north": {"uv": [0, 0, 0, 8], "texture": "#missing"},
				"east": {"uv": [10, 2, 6, 3], "texture": "#0", "cullface": "up"},
				"south": {"uv": [0, 0, 0, 8], "texture": "#missing"},
				"west": {"uv": [6, 2, 10, 3], "texture": "#0", "cullface": "up"},
				"up": {"uv": [0, 0, 13, 0], "rotation": 270, "texture": "#missing"},
				"down": {"uv": [0, 0, 13, 0], "rotation": 90, "texture": "#missing"}
			}
		},
		{
			"from": [0.5, 13, 0.5],
			"to": [0.5, 13.5, 3.5],
			"rotation": {"angle": 45, "axis": "z", "origin": [0.5, 15.5, 2]},
			"faces": {
				"north": {"uv": [0, 0, 0, 8], "texture": "#missing"},
				"east": {"uv": [5, 12, 11, 13], "texture": "#0", "cullface": "up"},
				"south": {"uv": [0, 0, 0, 8], "texture": "#missing"},
				"west": {"uv": [5, 12, 11, 13], "texture": "#0", "cullface": "up"},
				"up": {"uv": [0, 0, 13, 0], "rotation": 270, "texture": "#missing"},
				"down": {"uv": [0, 0, 13, 0], "rotation": 90, "texture": "#missing"}
			}
		},
		{
			"from": [0.5, 17.5, 0.5],
			"to": [0.5, 18, 3.5],
			"rotation": {"angle": 45, "axis": "z", "origin": [0.5, 15.5, 2]},
			"faces": {
				"north": {"uv": [0, 0, 0, 8], "texture": "#missing"},
				"east": {"uv": [5, 3, 11, 4], "texture": "#0", "cullface": "up"},
				"south": {"uv": [0, 0, 0, 8], "texture": "#missing"},
				"west": {"uv": [5, 3, 11, 4], "texture": "#0", "cullface": "up"},
				"up": {"uv": [0, 0, 13, 0], "rotation": 270, "texture": "#missing"},
				"down": {"uv": [0, 0, 13, 0], "rotation": 90, "texture": "#missing"}
			}
		},
		{
			"from": [0.5, 13.5, 0],
			"to": [0.5, 14, 4],
			"rotation": {"angle": 45, "axis": "z", "origin": [0.5, 15.5, 2]},
			"faces": {
				"north": {"uv": [0, 0, 0, 8], "texture": "#missing"},
				"east": {"uv": [4, 11, 12, 12], "texture": "#0", "cullface": "up"},
				"south": {"uv": [0, 0, 0, 8], "texture": "#missing"},
				"west": {"uv": [4, 11, 12, 12], "texture": "#0", "cullface": "up"},
				"up": {"uv": [0, 0, 13, 0], "rotation": 270, "texture": "#missing"},
				"down": {"uv": [0, 0, 13, 0], "rotation": 90, "texture": "#missing"}
			}
		},
		{
			"from": [0.5, 17, 0],
			"to": [0.5, 17.5, 4],
			"rotation": {"angle": 45, "axis": "z", "origin": [0.5, 15.5, 2]},
			"faces": {
				"north": {"uv": [0, 0, 0, 8], "texture": "#missing"},
				"east": {"uv": [4, 4, 12, 5], "texture": "#0", "cullface": "up"},
				"south": {"uv": [0, 0, 0, 8], "texture": "#missing"},
				"west": {"uv": [4, 4, 12, 5], "texture": "#0", "cullface": "up"},
				"up": {"uv": [0, 0, 13, 0], "rotation": 270, "texture": "#missing"},
				"down": {"uv": [0, 0, 13, 0], "rotation": 90, "texture": "#missing"}
			}
		},
		{
			"from": [0.5, 14, -0.5],
			"to": [0.5, 17, 4.5],
			"rotation": {"angle": 45, "axis": "z", "origin": [0.5, 15.5, 2]},
			"faces": {
				"north": {"uv": [0, 0, 0, 8], "texture": "#missing"},
				"east": {"uv": [3, 5, 13, 11], "texture": "#0", "cullface": "up"},
				"south": {"uv": [0, 0, 0, 8], "texture": "#missing"},
				"west": {"uv": [3, 5, 13, 11], "texture": "#0", "cullface": "up"},
				"up": {"uv": [0, 0, 13, 0], "rotation": 270, "texture": "#missing"},
				"down": {"uv": [0, 0, 13, 0], "rotation": 90, "texture": "#missing"}
			}
		},
		{
			"from": [12, 9.5, -2.5],
			"to": [17, 9.5, 0.5],
			"rotation": {"angle": 22.5, "axis": "x", "origin": [14.5, 9.5, -1]},
			"faces": {
				"north": {"uv": [0, 0, 13, 0], "rotation": 180, "texture": "#missing"},
				"east": {"uv": [0, 0, 0, 8], "rotation": 90, "texture": "#missing"},
				"south": {"uv": [0, 0, 13, 0], "texture": "#missing"},
				"west": {"uv": [0, 0, 0, 8], "rotation": 270, "texture": "#missing"},
				"up": {"uv": [3, 5, 13, 11], "texture": "#0", "cullface": "north"},
				"down": {"uv": [3, 5, 13, 11], "rotation": 180, "texture": "#0", "cullface": "north"}
			}
		},
		{
			"from": [12.5, 9.5, -3],
			"to": [16.5, 9.5, -2.5],
			"rotation": {"angle": 22.5, "axis": "x", "origin": [14.5, 9.5, -1]},
			"faces": {
				"north": {"uv": [0, 0, 13, 0], "rotation": 180, "texture": "#missing"},
				"east": {"uv": [0, 0, 0, 8], "rotation": 90, "texture": "#missing"},
				"south": {"uv": [0, 0, 13, 0], "texture": "#missing"},
				"west": {"uv": [0, 0, 0, 8], "rotation": 270, "texture": "#missing"},
				"up": {"uv": [4, 4, 12, 5], "texture": "#0", "cullface": "north"},
				"down": {"uv": [4, 4, 12, 5], "rotation": 180, "texture": "#0", "cullface": "north"}
			}
		},
		{
			"from": [12.5, 9.5, 0.5],
			"to": [16.5, 9.5, 1],
			"rotation": {"angle": 22.5, "axis": "x", "origin": [14.5, 9.5, -1]},
			"faces": {
				"north": {"uv": [0, 0, 13, 0], "rotation": 180, "texture": "#missing"},
				"east": {"uv": [0, 0, 0, 8], "rotation": 90, "texture": "#missing"},
				"south": {"uv": [0, 0, 13, 0], "texture": "#missing"},
				"west": {"uv": [0, 0, 0, 8], "rotation": 270, "texture": "#missing"},
				"up": {"uv": [4, 11, 12, 12], "texture": "#0", "cullface": "north"},
				"down": {"uv": [4, 11, 12, 12], "rotation": 180, "texture": "#0", "cullface": "north"}
			}
		},
		{
			"from": [13, 9.5, -3.5],
			"to": [16, 9.5, -3],
			"rotation": {"angle": 22.5, "axis": "x", "origin": [14.5, 9.5, -1]},
			"faces": {
				"north": {"uv": [0, 0, 13, 0], "rotation": 180, "texture": "#missing"},
				"east": {"uv": [0, 0, 0, 8], "rotation": 90, "texture": "#missing"},
				"south": {"uv": [0, 0, 13, 0], "texture": "#missing"},
				"west": {"uv": [0, 0, 0, 8], "rotation": 270, "texture": "#missing"},
				"up": {"uv": [5, 3, 11, 4], "texture": "#0", "cullface": "north"},
				"down": {"uv": [5, 3, 11, 4], "rotation": 180, "texture": "#0", "cullface": "north"}
			}
		},
		{
			"from": [13, 9.5, 1],
			"to": [16, 9.5, 1.5],
			"rotation": {"angle": 22.5, "axis": "x", "origin": [14.5, 9.5, -1]},
			"faces": {
				"north": {"uv": [0, 0, 13, 0], "rotation": 180, "texture": "#missing"},
				"east": {"uv": [0, 0, 0, 8], "rotation": 90, "texture": "#missing"},
				"south": {"uv": [0, 0, 13, 0], "texture": "#missing"},
				"west": {"uv": [0, 0, 0, 8], "rotation": 270, "texture": "#missing"},
				"up": {"uv": [5, 12, 11, 13], "texture": "#0", "cullface": "north"},
				"down": {"uv": [5, 12, 11, 13], "rotation": 180, "texture": "#0", "cullface": "north"}
			}
		},
		{
			"from": [13.5, 9.5, -4],
			"to": [15.5, 9.5, -3.5],
			"rotation": {"angle": 22.5, "axis": "x", "origin": [14.5, 9.5, -1]},
			"faces": {
				"north": {"uv": [0, 0, 13, 0], "rotation": 180, "texture": "#missing"},
				"east": {"uv": [0, 0, 0, 8], "rotation": 90, "texture": "#missing"},
				"south": {"uv": [0, 0, 13, 0], "texture": "#missing"},
				"west": {"uv": [0, 0, 0, 8], "rotation": 270, "texture": "#missing"},
				"up": {"uv": [10, 2, 6, 3], "texture": "#0", "cullface": "north"},
				"down": {"uv": [6, 2, 10, 3], "rotation": 180, "texture": "#0", "cullface": "north"}
			}
		},
		{
			"from": [13.5, 9.5, 1.5],
			"to": [15.5, 9.5, 2],
			"rotation": {"angle": 22.5, "axis": "x", "origin": [14.5, 9.5, -1]},
			"faces": {
				"north": {"uv": [0, 0, 13, 0], "rotation": 180, "texture": "#missing"},
				"east": {"uv": [0, 0, 0, 8], "rotation": 90, "texture": "#missing"},
				"south": {"uv": [0, 0, 13, 0], "texture": "#missing"},
				"west": {"uv": [0, 0, 0, 8], "rotation": 270, "texture": "#missing"},
				"up": {"uv": [6, 13, 10, 14], "texture": "#0", "cullface": "north"},
				"down": {"uv": [6, 13, 10, 14], "rotation": 180, "texture": "#0", "cullface": "north"}
			}
		},
		{
			"from": [14.5, 8.5, 1.5],
			"to": [14.5, 10.5, 2],
			"rotation": {"angle": 22.5, "axis": "x", "origin": [14.5, 9.5, -1]},
			"faces": {
				"north": {"uv": [0, 0, 13, 0], "rotation": 90, "texture": "#missing"},
				"east": {"uv": [6, 13, 10, 14], "rotation": 90, "texture": "#0", "cullface": "north"},
				"south": {"uv": [0, 0, 13, 0], "rotation": 90, "texture": "#missing"},
				"west": {"uv": [6, 13, 10, 14], "rotation": 270, "texture": "#0", "cullface": "north"},
				"up": {"uv": [0, 0, 0, 8], "texture": "#missing"},
				"down": {"uv": [0, 0, 0, 8], "rotation": 180, "texture": "#missing"}
			}
		},
		{
			"from": [14.5, 8.5, -4],
			"to": [14.5, 10.5, -3.5],
			"rotation": {"angle": 22.5, "axis": "x", "origin": [14.5, 9.5, -1]},
			"faces": {
				"north": {"uv": [0, 0, 13, 0], "rotation": 90, "texture": "#missing"},
				"east": {"uv": [10, 2, 6, 3], "rotation": 90, "texture": "#0", "cullface": "north"},
				"south": {"uv": [0, 0, 13, 0], "rotation": 90, "texture": "#missing"},
				"west": {"uv": [6, 2, 10, 3], "rotation": 270, "texture": "#0", "cullface": "north"},
				"up": {"uv": [0, 0, 0, 8], "texture": "#missing"},
				"down": {"uv": [0, 0, 0, 8], "rotation": 180, "texture": "#missing"}
			}
		},
		{
			"from": [14.5, 8, 1],
			"to": [14.5, 11, 1.5],
			"rotation": {"angle": 22.5, "axis": "x", "origin": [14.5, 9.5, -1]},
			"faces": {
				"north": {"uv": [0, 0, 13, 0], "rotation": 90, "texture": "#missing"},
				"east": {"uv": [5, 12, 11, 13], "rotation": 90, "texture": "#0", "cullface": "north"},
				"south": {"uv": [0, 0, 13, 0], "rotation": 90, "texture": "#missing"},
				"west": {"uv": [5, 12, 11, 13], "rotation": 270, "texture": "#0", "cullface": "north"},
				"up": {"uv": [0, 0, 0, 8], "texture": "#missing"},
				"down": {"uv": [0, 0, 0, 8], "rotation": 180, "texture": "#missing"}
			}
		},
		{
			"from": [14.5, 8, -3.5],
			"to": [14.5, 11, -3],
			"rotation": {"angle": 22.5, "axis": "x", "origin": [14.5, 9.5, -1]},
			"faces": {
				"north": {"uv": [0, 0, 13, 0], "rotation": 90, "texture": "#missing"},
				"east": {"uv": [5, 3, 11, 4], "rotation": 90, "texture": "#0", "cullface": "north"},
				"south": {"uv": [0, 0, 13, 0], "rotation": 90, "texture": "#missing"},
				"west": {"uv": [5, 3, 11, 4], "rotation": 270, "texture": "#0", "cullface": "north"},
				"up": {"uv": [0, 0, 0, 8], "texture": "#missing"},
				"down": {"uv": [0, 0, 0, 8], "rotation": 180, "texture": "#missing"}
			}
		},
		{
			"from": [14.5, 7.5, 0.5],
			"to": [14.5, 11.5, 1],
			"rotation": {"angle": 22.5, "axis": "x", "origin": [14.5, 9.5, -1]},
			"faces": {
				"north": {"uv": [0, 0, 13, 0], "rotation": 90, "texture": "#missing"},
				"east": {"uv": [4, 11, 12, 12], "rotation": 90, "texture": "#0", "cullface": "north"},
				"south": {"uv": [0, 0, 13, 0], "rotation": 90, "texture": "#missing"},
				"west": {"uv": [4, 11, 12, 12], "rotation": 270, "texture": "#0", "cullface": "north"},
				"up": {"uv": [0, 0, 0, 8], "texture": "#missing"},
				"down": {"uv": [0, 0, 0, 8], "rotation": 180, "texture": "#missing"}
			}
		},
		{
			"from": [14.5, 7.5, -3],
			"to": [14.5, 11.5, -2.5],
			"rotation": {"angle": 22.5, "axis": "x", "origin": [14.5, 9.5, -1]},
			"faces": {
				"north": {"uv": [0, 0, 13, 0], "rotation": 90, "texture": "#missing"},
				"east": {"uv": [4, 4, 12, 5], "rotation": 90, "texture": "#0", "cullface": "north"},
				"south": {"uv": [0, 0, 13, 0], "rotation": 90, "texture": "#missing"},
				"west": {"uv": [4, 4, 12, 5], "rotation": 270, "texture": "#0", "cullface": "north"},
				"up": {"uv": [0, 0, 0, 8], "texture": "#missing"},
				"down": {"uv": [0, 0, 0, 8], "rotation": 180, "texture": "#missing"}
			}
		},
		{
			"from": [14.5, 7, -2.5],
			"to": [14.5, 12, 0.5],
			"rotation": {"angle": 22.5, "axis": "x", "origin": [14.5, 9.5, -1]},
			"faces": {
				"north": {"uv": [0, 0, 13, 0], "rotation": 90, "texture": "#missing"},
				"east": {"uv": [3, 5, 13, 11], "rotation": 90, "texture": "#0", "cullface": "north"},
				"south": {"uv": [0, 0, 13, 0], "rotation": 90, "texture": "#missing"},
				"west": {"uv": [3, 5, 13, 11], "rotation": 270, "texture": "#0", "cullface": "north"},
				"up": {"uv": [0, 0, 0, 8], "texture": "#missing"},
				"down": {"uv": [0, 0, 0, 8], "rotation": 180, "texture": "#missing"}
			}
		},
		{
			"from": [5, 4.5, 14.5],
			"to": [10, 4.5, 17.5],
			"rotation": {"angle": -22.5, "axis": "x", "origin": [7.5, 4.5, 16]},
			"faces": {
				"north": {"uv": [0, 0, 13, 0], "rotation": 180, "texture": "#missing"},
				"east": {"uv": [0, 0, 0, 8], "rotation": 270, "texture": "#missing"},
				"south": {"uv": [0, 0, 13, 0], "texture": "#missing"},
				"west": {"uv": [0, 0, 0, 8], "rotation": 90, "texture": "#missing"},
				"up": {"uv": [3, 5, 13, 11], "rotation": 180, "texture": "#0", "cullface": "south"},
				"down": {"uv": [3, 5, 13, 11], "texture": "#0", "cullface": "south"}
			}
		},
		{
			"from": [5.5, 4.5, 17.5],
			"to": [9.5, 4.5, 18],
			"rotation": {"angle": -22.5, "axis": "x", "origin": [7.5, 4.5, 16]},
			"faces": {
				"north": {"uv": [0, 0, 13, 0], "rotation": 180, "texture": "#missing"},
				"east": {"uv": [0, 0, 0, 8], "rotation": 270, "texture": "#missing"},
				"south": {"uv": [0, 0, 13, 0], "texture": "#missing"},
				"west": {"uv": [0, 0, 0, 8], "rotation": 90, "texture": "#missing"},
				"up": {"uv": [4, 4, 12, 5], "rotation": 180, "texture": "#0", "cullface": "south"},
				"down": {"uv": [4, 4, 12, 5], "texture": "#0", "cullface": "south"}
			}
		},
		{
			"from": [5.5, 4.5, 14],
			"to": [9.5, 4.5, 14.5],
			"rotation": {"angle": -22.5, "axis": "x", "origin": [7.5, 4.5, 16]},
			"faces": {
				"north": {"uv": [0, 0, 13, 0], "rotation": 180, "texture": "#missing"},
				"east": {"uv": [0, 0, 0, 8], "rotation": 270, "texture": "#missing"},
				"south": {"uv": [0, 0, 13, 0], "texture": "#missing"},
				"west": {"uv": [0, 0, 0, 8], "rotation": 90, "texture": "#missing"},
				"up": {"uv": [4, 11, 12, 12], "rotation": 180, "texture": "#0", "cullface": "south"},
				"down": {"uv": [4, 11, 12, 12], "texture": "#0", "cullface": "south"}
			}
		},
		{
			"from": [6, 4.5, 18],
			"to": [9, 4.5, 18.5],
			"rotation": {"angle": -22.5, "axis": "x", "origin": [7.5, 4.5, 16]},
			"faces": {
				"north": {"uv": [0, 0, 13, 0], "rotation": 180, "texture": "#missing"},
				"east": {"uv": [0, 0, 0, 8], "rotation": 270, "texture": "#missing"},
				"south": {"uv": [0, 0, 13, 0], "texture": "#missing"},
				"west": {"uv": [0, 0, 0, 8], "rotation": 90, "texture": "#missing"},
				"up": {"uv": [5, 3, 11, 4], "rotation": 180, "texture": "#0", "cullface": "south"},
				"down": {"uv": [5, 3, 11, 4], "texture": "#0", "cullface": "south"}
			}
		},
		{
			"from": [6, 4.5, 13.5],
			"to": [9, 4.5, 14],
			"rotation": {"angle": -22.5, "axis": "x", "origin": [7.5, 4.5, 16]},
			"faces": {
				"north": {"uv": [0, 0, 13, 0], "rotation": 180, "texture": "#missing"},
				"east": {"uv": [0, 0, 0, 8], "rotation": 270, "texture": "#missing"},
				"south": {"uv": [0, 0, 13, 0], "texture": "#missing"},
				"west": {"uv": [0, 0, 0, 8], "rotation": 90, "texture": "#missing"},
				"up": {"uv": [5, 12, 11, 13], "rotation": 180, "texture": "#0", "cullface": "south"},
				"down": {"uv": [5, 12, 11, 13], "texture": "#0", "cullface": "south"}
			}
		},
		{
			"from": [6.5, 4.5, 18.5],
			"to": [8.5, 4.5, 19],
			"rotation": {"angle": -22.5, "axis": "x", "origin": [7.5, 4.5, 16]},
			"faces": {
				"north": {"uv": [0, 0, 13, 0], "rotation": 180, "texture": "#missing"},
				"east": {"uv": [0, 0, 0, 8], "rotation": 270, "texture": "#missing"},
				"south": {"uv": [0, 0, 13, 0], "texture": "#missing"},
				"west": {"uv": [0, 0, 0, 8], "rotation": 90, "texture": "#missing"},
				"up": {"uv": [6, 2, 10, 3], "rotation": 180, "texture": "#0", "cullface": "south"},
				"down": {"uv": [10, 2, 6, 3], "texture": "#0", "cullface": "south"}
			}
		},
		{
			"from": [6.5, 4.5, 13],
			"to": [8.5, 4.5, 13.5],
			"rotation": {"angle": -22.5, "axis": "x", "origin": [7.5, 4.5, 16]},
			"faces": {
				"north": {"uv": [0, 0, 13, 0], "rotation": 180, "texture": "#missing"},
				"east": {"uv": [0, 0, 0, 8], "rotation": 270, "texture": "#missing"},
				"south": {"uv": [0, 0, 13, 0], "texture": "#missing"},
				"west": {"uv": [0, 0, 0, 8], "rotation": 90, "texture": "#missing"},
				"up": {"uv": [6, 13, 10, 14], "rotation": 180, "texture": "#0", "cullface": "south"},
				"down": {"uv": [6, 13, 10, 14], "texture": "#0", "cullface": "south"}
			}
		},
		{
			"from": [7.5, 3.5, 13],
			"to": [7.5, 5.5, 13.5],
			"rotation": {"angle": -22.5, "axis": "x", "origin": [7.5, 4.5, 16]},
			"faces": {
				"north": {"uv": [0, 0, 13, 0], "rotation": 270, "texture": "#missing"},
				"east": {"uv": [6, 13, 10, 14], "rotation": 270, "texture": "#0", "cullface": "south"},
				"south": {"uv": [0, 0, 13, 0], "rotation": 270, "texture": "#missing"},
				"west": {"uv": [6, 13, 10, 14], "rotation": 90, "texture": "#0", "cullface": "south"},
				"up": {"uv": [0, 0, 0, 8], "rotation": 180, "texture": "#missing"},
				"down": {"uv": [0, 0, 0, 8], "texture": "#missing"}
			}
		},
		{
			"from": [7.5, 3.5, 18.5],
			"to": [7.5, 5.5, 19],
			"rotation": {"angle": -22.5, "axis": "x", "origin": [7.5, 4.5, 16]},
			"faces": {
				"north": {"uv": [0, 0, 13, 0], "rotation": 270, "texture": "#missing"},
				"east": {"uv": [10, 2, 6, 3], "rotation": 270, "texture": "#0", "cullface": "south"},
				"south": {"uv": [0, 0, 13, 0], "rotation": 270, "texture": "#missing"},
				"west": {"uv": [6, 2, 10, 3], "rotation": 90, "texture": "#0", "cullface": "south"},
				"up": {"uv": [0, 0, 0, 8], "rotation": 180, "texture": "#missing"},
				"down": {"uv": [0, 0, 0, 8], "texture": "#missing"}
			}
		},
		{
			"from": [7.5, 3, 13.5],
			"to": [7.5, 6, 14],
			"rotation": {"angle": -22.5, "axis": "x", "origin": [7.5, 4.5, 16]},
			"faces": {
				"north": {"uv": [0, 0, 13, 0], "rotation": 270, "texture": "#missing"},
				"east": {"uv": [5, 12, 11, 13], "rotation": 270, "texture": "#0", "cullface": "south"},
				"south": {"uv": [0, 0, 13, 0], "rotation": 270, "texture": "#missing"},
				"west": {"uv": [5, 12, 11, 13], "rotation": 90, "texture": "#0", "cullface": "south"},
				"up": {"uv": [0, 0, 0, 8], "rotation": 180, "texture": "#missing"},
				"down": {"uv": [0, 0, 0, 8], "texture": "#missing"}
			}
		},
		{
			"from": [7.5, 3, 18],
			"to": [7.5, 6, 18.5],
			"rotation": {"angle": -22.5, "axis": "x", "origin": [7.5, 4.5, 16]},
			"faces": {
				"north": {"uv": [0, 0, 13, 0], "rotation": 270, "texture": "#missing"},
				"east": {"uv": [5, 3, 11, 4], "rotation": 270, "texture": "#0", "cullface": "south"},
				"south": {"uv": [0, 0, 13, 0], "rotation": 270, "texture": "#missing"},
				"west": {"uv": [5, 3, 11, 4], "rotation": 90, "texture": "#0", "cullface": "south"},
				"up": {"uv": [0, 0, 0, 8], "rotation": 180, "texture": "#missing"},
				"down": {"uv": [0, 0, 0, 8], "texture": "#missing"}
			}
		},
		{
			"from": [7.5, 2.5, 14],
			"to": [7.5, 6.5, 14.5],
			"rotation": {"angle": -22.5, "axis": "x", "origin": [7.5, 4.5, 16]},
			"faces": {
				"north": {"uv": [0, 0, 13, 0], "rotation": 270, "texture": "#missing"},
				"east": {"uv": [4, 11, 12, 12], "rotation": 270, "texture": "#0", "cullface": "south"},
				"south": {"uv": [0, 0, 13, 0], "rotation": 270, "texture": "#missing"},
				"west": {"uv": [4, 11, 12, 12], "rotation": 90, "texture": "#0", "cullface": "south"},
				"up": {"uv": [0, 0, 0, 8], "rotation": 180, "texture": "#missing"},
				"down": {"uv": [0, 0, 0, 8], "texture": "#missing"}
			}
		},
		{
			"from": [7.5, 2.5, 17.5],
			"to": [7.5, 6.5, 18],
			"rotation": {"angle": -22.5, "axis": "x", "origin": [7.5, 4.5, 16]},
			"faces": {
				"north": {"uv": [0, 0, 13, 0], "rotation": 270, "texture": "#missing"},
				"east": {"uv": [4, 4, 12, 5], "rotation": 270, "texture": "#0", "cullface": "south"},
				"south": {"uv": [0, 0, 13, 0], "rotation": 270, "texture": "#missing"},
				"west": {"uv": [4, 4, 12, 5], "rotation": 90, "texture": "#0", "cullface": "south"},
				"up": {"uv": [0, 0, 0, 8], "rotation": 180, "texture": "#missing"},
				"down": {"uv": [0, 0, 0, 8], "texture": "#missing"}
			}
		},
		{
			"from": [7.5, 2, 14.5],
			"to": [7.5, 7, 17.5],
			"rotation": {"angle": -22.5, "axis": "x", "origin": [7.5, 4.5, 16]},
			"faces": {
				"north": {"uv": [0, 0, 13, 0], "rotation": 270, "texture": "#missing"},
				"east": {"uv": [3, 5, 13, 11], "rotation": 270, "texture": "#0", "cullface": "south"},
				"south": {"uv": [0, 0, 13, 0], "rotation": 270, "texture": "#missing"},
				"west": {"uv": [3, 5, 13, 11], "rotation": 90, "texture": "#0", "cullface": "south"},
				"up": {"uv": [0, 0, 0, 8], "rotation": 180, "texture": "#missing"},
				"down": {"uv": [0, 0, 0, 8], "texture": "#missing"}
			}
		}
	],
	"groups": [
		0,
		{
			"name": "group",
			"origin": [13, 14, -14],
			"color": 0,
			"children": [1, 2, 3, 4, 5, 6, 7, 8, 9, 10, 11, 12, 13, 14]
		},
		{
			"name": "group",
			"origin": [13, 14, -14],
			"color": 0,
			"children": [15, 16, 17, 18, 19, 20, 21, 22, 23, 24, 25, 26, 27, 28]
		},
		{
			"name": "group",
			"origin": [13, 14, -14],
			"color": 0,
			"children": [29, 30, 31, 32, 33, 34, 35, 36, 37, 38, 39, 40, 41, 42]
		}
	]
}