{
	"credit": "Made with Blockbench",
	"textures": {
		"1": "block/deepslate_redstone_ore",
		"2": "block/redstone",
		"particle": "block/deepslate_redstone_ore"
	},
	"elements": [
		{
			"from": [0, 0, 0],
			"to": [16, 16, 16],
			"faces": {
				"north": {"uv": [0, 0, 16, 16], "texture": "#1", "cullface": "north"},
				"east": {"uv": [0, 0, 16, 16], "texture": "#1", "cullface": "east"},
				"south": {"uv": [0, 0, 16, 16], "texture": "#1", "cullface": "south"},
				"west": {"uv": [0, 0, 16, 16], "texture": "#1", "cullface": "west"},
				"up": {"uv": [0, 0, 16, 16], "texture": "#1", "cullface": "up"},
				"down": {"uv": [0, 0, 16, 16], "texture": "#1", "cullface": "down"}
			}
		},
		{
			"from": [-1, 14, 1],
			"to": [3, 17.5, 1],
			"rotation": {"angle": 22.5, "axis": "z", "origin": [1, 16.25, 1]},
			"faces": {
				"north": {"uv": [4, 6, 12, 13], "texture": "#2", "cullface": "up"},
				"east": {"uv": [0, 0, 0, 8], "texture": "#missing"},
				"south": {"uv": [4, 6, 12, 13], "texture": "#2", "cullface": "up"},
				"west": {"uv": [0, 0, 0, 8], "texture": "#missing"},
				"up": {"uv": [0, 0, 13, 0], "texture": "#missing"},
				"down": {"uv": [0, 0, 13, 0], "texture": "#missing"}
			}
		},
		{
			"from": [0, 13.5, 1],
			"to": [2, 14, 1],
			"rotation": {"angle": 22.5, "axis": "z", "origin": [1, 16.25, 1]},
			"faces": {
				"north": {"uv": [6, 13, 10, 14], "texture": "#2", "cullface": "up"},
				"east": {"uv": [0, 0, 0, 8], "texture": "#missing"},
				"south": {"uv": [6, 13, 10, 14], "texture": "#2", "cullface": "up"},
				"west": {"uv": [0, 0, 0, 8], "texture": "#missing"},
				"up": {"uv": [0, 0, 13, 0], "texture": "#missing"},
				"down": {"uv": [0, 0, 13, 0], "texture": "#missing"}
			}
		},
		{
			"from": [-1.5, 14.5, 1],
			"to": [-1, 17, 1],
			"rotation": {"angle": 22.5, "axis": "z", "origin": [1, 16.25, 1]},
			"faces": {
				"north": {"uv": [12, 7, 13, 12], "texture": "#2", "cullface": "up"},
				"east": {"uv": [0, 0, 0, 8], "texture": "#missing"},
				"south": {"uv": [3, 7, 4, 12], "texture": "#2", "cullface": "up"},
				"west": {"uv": [0, 0, 0, 8], "texture": "#missing"},
				"up": {"uv": [0, 0, 13, 0], "texture": "#missing"},
				"down": {"uv": [0, 0, 13, 0], "texture": "#missing"}
			}
		},
		{
			"from": [3, 14.5, 1],
			"to": [3.5, 17, 1],
			"rotation": {"angle": 22.5, "axis": "z", "origin": [1, 16.25, 1]},
			"faces": {
				"north": {"uv": [3, 7, 4, 12], "texture": "#2", "cullface": "up"},
				"east": {"uv": [0, 0, 0, 8], "texture": "#missing"},
				"south": {"uv": [12, 7, 13, 12], "texture": "#2", "cullface": "up"},
				"west": {"uv": [0, 0, 0, 8], "texture": "#missing"},
				"up": {"uv": [0, 0, 13, 0], "texture": "#missing"},
				"down": {"uv": [0, 0, 13, 0], "texture": "#missing"}
			}
		},
		{
			"from": [-2, 15, 1],
			"to": [-1.5, 16.5, 1],
			"rotation": {"angle": 22.5, "axis": "z", "origin": [1, 16.25, 1]},
			"faces": {
				"north": {"uv": [13, 8, 14, 11], "texture": "#2", "cullface": "up"},
				"east": {"uv": [0, 0, 0, 8], "texture": "#missing"},
				"south": {"uv": [2, 8, 3, 11], "texture": "#2", "cullface": "up"},
				"west": {"uv": [0, 0, 0, 8], "texture": "#missing"},
				"up": {"uv": [0, 0, 13, 0], "texture": "#missing"},
				"down": {"uv": [0, 0, 13, 0], "texture": "#missing"}
			}
		},
		{
			"from": [3.5, 15, 1],
			"to": [4, 16.5, 1],
			"rotation": {"angle": 22.5, "axis": "z", "origin": [1, 16.25, 1]},
			"faces": {
				"north": {"uv": [2, 8, 3, 11], "texture": "#2", "cullface": "up"},
				"east": {"uv": [0, 0, 0, 8], "texture": "#missing"},
				"south": {"uv": [13, 8, 14, 11], "texture": "#2", "cullface": "up"},
				"west": {"uv": [0, 0, 0, 8], "texture": "#missing"},
				"up": {"uv": [0, 0, 13, 0], "texture": "#missing"},
				"down": {"uv": [0, 0, 13, 0], "texture": "#missing"}
			}
		},
		{
			"from": [-0.5, 17.5, 1],
			"to": [2.5, 18, 1],
			"rotation": {"angle": 22.5, "axis": "z", "origin": [1, 16.25, 1]},
			"faces": {
				"north": {"uv": [5, 5, 11, 6], "texture": "#2", "cullface": "up"},
				"east": {"uv": [0, 0, 0, 8], "texture": "#missing"},
				"south": {"uv": [5, 5, 11, 6], "texture": "#2", "cullface": "up"},
				"west": {"uv": [0, 0, 0, 8], "texture": "#missing"},
				"up": {"uv": [0, 0, 13, 0], "texture": "#missing"},
				"down": {"uv": [0, 0, 13, 0], "texture": "#missing"}
			}
		},
		{
			"from": [0, 18, 1],
			"to": [2, 18.5, 1],
			"rotation": {"angle": 22.5, "axis": "z", "origin": [1, 16.25, 1]},
			"faces": {
				"north": {"uv": [6, 4, 10, 5], "texture": "#2", "cullface": "up"},
				"east": {"uv": [0, 0, 0, 8], "texture": "#missing"},
				"south": {"uv": [6, 4, 10, 5], "texture": "#2", "cullface": "up"},
				"west": {"uv": [0, 0, 0, 8], "texture": "#missing"},
				"up": {"uv": [0, 0, 13, 0], "texture": "#missing"},
				"down": {"uv": [0, 0, 13, 0], "texture": "#missing"}
			}
		},
		{
			"from": [0.5, 18.5, 1],
			"to": [1.5, 19, 1],
			"rotation": {"angle": 22.5, "axis": "z", "origin": [1, 16.25, 1]},
			"faces": {
				"north": {"uv": [7, 3, 9, 4], "texture": "#2", "cullface": "up"},
				"east": {"uv": [0, 0, 0, 8], "texture": "#missing"},
				"south": {"uv": [7, 3, 9, 4], "texture": "#2", "cullface": "up"},
				"west": {"uv": [0, 0, 0, 8], "texture": "#missing"},
				"up": {"uv": [0, 0, 13, 0], "texture": "#missing"},
				"down": {"uv": [0, 0, 13, 0], "texture": "#missing"}
			}
		},
		{
			"from": [1, 18.5, 0.5],
			"to": [1, 19, 1.5],
			"rotation": {"angle": 22.5, "axis": "z", "origin": [1, 16.25, 1]},
			"faces": {
				"north": {"uv": [0, 0, 0, 8], "texture": "#missing"},
				"east": {"uv": [7, 3, 9, 4], "texture": "#2", "cullface": "up"},
				"south": {"uv": [0, 0, 0, 8], "texture": "#missing"},
				"west": {"uv": [7, 3, 9, 4], "texture": "#2", "cullface": "up"},
				"up": {"uv": [0, 0, 13, 0], "rotation": 270, "texture": "#missing"},
				"down": {"uv": [0, 0, 13, 0], "rotation": 90, "texture": "#missing"}
			}
		},
		{
			"from": [1, 18, 0],
			"to": [1, 18.5, 2],
			"rotation": {"angle": 22.5, "axis": "z", "origin": [1, 16.25, 1]},
			"faces": {
				"north": {"uv": [0, 0, 0, 8], "texture": "#missing"},
				"east": {"uv": [6, 4, 10, 5], "texture": "#2", "cullface": "up"},
				"south": {"uv": [0, 0, 0, 8], "texture": "#missing"},
				"west": {"uv": [6, 4, 10, 5], "texture": "#2", "cullface": "up"},
				"up": {"uv": [0, 0, 13, 0], "rotation": 270, "texture": "#missing"},
				"down": {"uv": [0, 0, 13, 0], "rotation": 90, "texture": "#missing"}
			}
		},
		{
			"from": [1, 17.5, -0.5],
			"to": [1, 18, 2.5],
			"rotation": {"angle": 22.5, "axis": "z", "origin": [1, 16.25, 1]},
			"faces": {
				"north": {"uv": [0, 0, 0, 8], "texture": "#missing"},
				"east": {"uv": [5, 5, 11, 6], "texture": "#2", "cullface": "up"},
				"south": {"uv": [0, 0, 0, 8], "texture": "#missing"},
				"west": {"uv": [5, 5, 11, 6], "texture": "#2", "cullface": "up"},
				"up": {"uv": [0, 0, 13, 0], "rotation": 270, "texture": "#missing"},
				"down": {"uv": [0, 0, 13, 0], "rotation": 90, "texture": "#missing"}
			}
		},
		{
			"from": [1, 15, -2],
			"to": [1, 16.5, -1.5],
			"rotation": {"angle": 22.5, "axis": "z", "origin": [1, 16.25, 1]},
			"faces": {
				"north": {"uv": [0, 0, 0, 8], "texture": "#missing"},
				"east": {"uv": [13, 8, 14, 11], "texture": "#2", "cullface": "up"},
				"south": {"uv": [0, 0, 0, 8], "texture": "#missing"},
				"west": {"uv": [2, 8, 3, 11], "texture": "#2", "cullface": "up"},
				"up": {"uv": [0, 0, 13, 0], "rotation": 270, "texture": "#missing"},
				"down": {"uv": [0, 0, 13, 0], "rotation": 90, "texture": "#missing"}
			}
		},
		{
			"from": [1, 15, 3.5],
			"to": [1, 16.5, 4],
			"rotation": {"angle": 22.5, "axis": "z", "origin": [1, 16.25, 1]},
			"faces": {
				"north": {"uv": [0, 0, 0, 8], "texture": "#missing"},
				"east": {"uv": [2, 8, 3, 11], "texture": "#2", "cullface": "up"},
				"south": {"uv": [0, 0, 0, 8], "texture": "#missing"},
				"west": {"uv": [13, 8, 14, 11], "texture": "#2", "cullface": "up"},
				"up": {"uv": [0, 0, 13, 0], "rotation": 270, "texture": "#missing"},
				"down": {"uv": [0, 0, 13, 0], "rotation": 90, "texture": "#missing"}
			}
		},
		{
			"from": [1, 14.5, -1.5],
			"to": [1, 17, -1],
			"rotation": {"angle": 22.5, "axis": "z", "origin": [1, 16.25, 1]},
			"faces": {
				"north": {"uv": [0, 0, 0, 8], "texture": "#missing"},
				"east": {"uv": [12, 7, 13, 12], "texture": "#2", "cullface": "up"},
				"south": {"uv": [0, 0, 0, 8], "texture": "#missing"},
				"west": {"uv": [3, 7, 4, 12], "texture": "#2", "cullface": "up"},
				"up": {"uv": [0, 0, 13, 0], "rotation": 270, "texture": "#missing"},
				"down": {"uv": [0, 0, 13, 0], "rotation": 90, "texture": "#missing"}
			}
		},
		{
			"from": [1, 14.5, 3],
			"to": [1, 17, 3.5],
			"rotation": {"angle": 22.5, "axis": "z", "origin": [1, 16.25, 1]},
			"faces": {
				"north": {"uv": [0, 0, 0, 8], "texture": "#missing"},
				"east": {"uv": [3, 7, 4, 12], "texture": "#2", "cullface": "up"},
				"south": {"uv": [0, 0, 0, 8], "texture": "#missing"},
				"west": {"uv": [12, 7, 13, 12], "texture": "#2", "cullface": "up"},
				"up": {"uv": [0, 0, 13, 0], "rotation": 270, "texture": "#missing"},
				"down": {"uv": [0, 0, 13, 0], "rotation": 90, "texture": "#missing"}
			}
		},
		{
			"from": [1, 13.5, 0],
			"to": [1, 14, 2],
			"rotation": {"angle": 22.5, "axis": "z", "origin": [1, 16.25, 1]},
			"faces": {
				"north": {"uv": [0, 0, 0, 8], "texture": "#missing"},
				"east": {"uv": [6, 13, 10, 14], "texture": "#2", "cullface": "up"},
				"south": {"uv": [0, 0, 0, 8], "texture": "#missing"},
				"west": {"uv": [6, 13, 10, 14], "texture": "#2", "cullface": "up"},
				"up": {"uv": [0, 0, 13, 0], "rotation": 270, "texture": "#missing"},
				"down": {"uv": [0, 0, 13, 0], "rotation": 90, "texture": "#missing"}
			}
		},
		{
			"from": [1, 14, -1],
			"to": [1, 17.5, 3],
			"rotation": {"angle": 22.5, "axis": "z", "origin": [1, 16.25, 1]},
			"faces": {
				"north": {"uv": [0, 0, 0, 8], "texture": "#missing"},
				"east": {"uv": [4, 6, 12, 13], "texture": "#2", "cullface": "up"},
				"south": {"uv": [0, 0, 0, 8], "texture": "#missing"},
				"west": {"uv": [4, 6, 12, 13], "texture": "#2", "cullface": "up"},
				"up": {"uv": [0, 0, 13, 0], "rotation": 270, "texture": "#missing"},
				"down": {"uv": [0, 0, 13, 0], "rotation": 90, "texture": "#missing"}
			}
		},
		{
			"from": [13, 10.25, -2.25],
			"to": [17, 10.25, 1.25],
			"rotation": {"angle": 22.5, "axis": "x", "origin": [15, 10.25, -1]},
			"faces": {
				"north": {"uv": [0, 0, 13, 0], "rotation": 180, "texture": "#missing"},
				"east": {"uv": [0, 0, 0, 8], "rotation": 90, "texture": "#missing"},
				"south": {"uv": [0, 0, 13, 0], "texture": "#missing"},
				"west": {"uv": [0, 0, 0, 8], "rotation": 270, "texture": "#missing"},
				"up": {"uv": [4, 6, 12, 13], "texture": "#2", "cullface": "north"},
				"down": {"uv": [4, 6, 12, 13], "rotation": 180, "texture": "#2", "cullface": "north"}
			}
		},
		{
			"from": [14, 10.25, 1.25],
			"to": [16, 10.25, 1.75],
			"rotation": {"angle": 22.5, "axis": "x", "origin": [15, 10.25, -1]},
			"faces": {
				"north": {"uv": [0, 0, 13, 0], "rotation": 180, "texture": "#missing"},
				"east": {"uv": [0, 0, 0, 8], "rotation": 90, "texture": "#missing"},
				"south": {"uv": [0, 0, 13, 0], "texture": "#missing"},
				"west": {"uv": [0, 0, 0, 8], "rotation": 270, "texture": "#missing"},
				"up": {"uv": [6, 13, 10, 14], "texture": "#2", "cullface": "north"},
				"down": {"uv": [6, 13, 10, 14], "rotation": 180, "texture": "#2", "cullface": "north"}
			}
		},
		{
			"from": [12.5, 10.25, -1.75],
			"to": [13, 10.25, 0.75],
			"rotation": {"angle": 22.5, "axis": "x", "origin": [15, 10.25, -1]},
			"faces": {
				"north": {"uv": [0, 0, 13, 0], "rotation": 180, "texture": "#missing"},
				"east": {"uv": [0, 0, 0, 8], "rotation": 90, "texture": "#missing"},
				"south": {"uv": [0, 0, 13, 0], "texture": "#missing"},
				"west": {"uv": [0, 0, 0, 8], "rotation": 270, "texture": "#missing"},
				"up": {"uv": [3, 7, 4, 12], "texture": "#2", "cullface": "north"},
				"down": {"uv": [12, 7, 13, 12], "rotation": 180, "texture": "#2", "cullface": "north"}
			}
		},
		{
			"from": [17, 10.25, -1.75],
			"to": [17.5, 10.25, 0.75],
			"rotation": {"angle": 22.5, "axis": "x", "origin": [15, 10.25, -1]},
			"faces": {
				"north": {"uv": [0, 0, 13, 0], "rotation": 180, "texture": "#missing"},
				"east": {"uv": [0, 0, 0, 8], "rotation": 90, "texture": "#missing"},
				"south": {"uv": [0, 0, 13, 0], "texture": "#missing"},
				"west": {"uv": [0, 0, 0, 8], "rotation": 270, "texture": "#missing"},
				"up": {"uv": [12, 7, 13, 12], "texture": "#2", "cullface": "north"},
				"down": {"uv": [3, 7, 4, 12], "rotation": 180, "texture": "#2", "cullface": "north"}
			}
		},
		{
			"from": [12, 10.25, -1.25],
			"to": [12.5, 10.25, 0.25],
			"rotation": {"angle": 22.5, "axis": "x", "origin": [15, 10.25, -1]},
			"faces": {
				"north": {"uv": [0, 0, 13, 0], "rotation": 180, "texture": "#missing"},
				"east": {"uv": [0, 0, 0, 8], "rotation": 90, "texture": "#missing"},
				"south": {"uv": [0, 0, 13, 0], "texture": "#missing"},
				"west": {"uv": [0, 0, 0, 8], "rotation": 270, "texture": "#missing"},
				"up": {"uv": [2, 8, 3, 11], "texture": "#2", "cullface": "north"},
				"down": {"uv": [13, 8, 14, 11], "rotation": 180, "texture": "#2", "cullface": "north"}
			}
		},
		{
			"from": [17.5, 10.25, -1.25],
			"to": [18, 10.25, 0.25],
			"rotation": {"angle": 22.5, "axis": "x", "origin": [15, 10.25, -1]},
			"faces": {
				"north": {"uv": [0, 0, 13, 0], "rotation": 180, "texture": "#missing"},
				"east": {"uv": [0, 0, 0, 8], "rotation": 90, "texture": "#missing"},
				"south": {"uv": [0, 0, 13, 0], "texture": "#missing"},
				"west": {"uv": [0, 0, 0, 8], "rotation": 270, "texture": "#missing"},
				"up": {"uv": [13, 8, 14, 11], "texture": "#2", "cullface": "north"},
				"down": {"uv": [2, 8, 3, 11], "rotation": 180, "texture": "#2", "cullface": "north"}
			}
		},
		{
			"from": [13.5, 10.25, -2.75],
			"to": [16.5, 10.25, -2.25],
			"rotation": {"angle": 22.5, "axis": "x", "origin": [15, 10.25, -1]},
			"faces": {
				"north": {"uv": [0, 0, 13, 0], "rotation": 180, "texture": "#missing"},
				"east": {"uv": [0, 0, 0, 8], "rotation": 90, "texture": "#missing"},
				"south": {"uv": [0, 0, 13, 0], "texture": "#missing"},
				"west": {"uv": [0, 0, 0, 8], "rotation": 270, "texture": "#missing"},
				"up": {"uv": [5, 5, 11, 6], "texture": "#2", "cullface": "north"},
				"down": {"uv": [5, 5, 11, 6], "rotation": 180, "texture": "#2", "cullface": "north"}
			}
		},
		{
			"from": [14, 10.25, -3.25],
			"to": [16, 10.25, -2.75],
			"rotation": {"angle": 22.5, "axis": "x", "origin": [15, 10.25, -1]},
			"faces": {
				"north": {"uv": [0, 0, 13, 0], "rotation": 180, "texture": "#missing"},
				"east": {"uv": [0, 0, 0, 8], "rotation": 90, "texture": "#missing"},
				"south": {"uv": [0, 0, 13, 0], "texture": "#missing"},
				"west": {"uv": [0, 0, 0, 8], "rotation": 270, "texture": "#missing"},
				"up": {"uv": [6, 4, 10, 5], "texture": "#2", "cullface": "north"},
				"down": {"uv": [6, 4, 10, 5], "rotation": 180, "texture": "#2", "cullface": "north"}
			}
		},
		{
			"from": [14.5, 10.25, -3.75],
			"to": [15.5, 10.25, -3.25],
			"rotation": {"angle": 22.5, "axis": "x", "origin": [15, 10.25, -1]},
			"faces": {
				"north": {"uv": [0, 0, 13, 0], "rotation": 180, "texture": "#missing"},
				"east": {"uv": [0, 0, 0, 8], "rotation": 90, "texture": "#missing"},
				"south": {"uv": [0, 0, 13, 0], "texture": "#missing"},
				"west": {"uv": [0, 0, 0, 8], "rotation": 270, "texture": "#missing"},
				"up": {"uv": [7, 3, 9, 4], "texture": "#2", "cullface": "north"},
				"down": {"uv": [7, 3, 9, 4], "rotation": 180, "texture": "#2", "cullface": "north"}
			}
		},
		{
			"from": [15, 9.75, -3.75],
			"to": [15, 10.75, -3.25],
			"rotation": {"angle": 22.5, "axis": "x", "origin": [15, 10.25, -1]},
			"faces": {
				"north": {"uv": [0, 0, 13, 0], "rotation": 90, "texture": "#missing"},
				"east": {"uv": [7, 3, 9, 4], "rotation": 90, "texture": "#2", "cullface": "north"},
				"south": {"uv": [0, 0, 13, 0], "rotation": 90, "texture": "#missing"},
				"west": {"uv": [7, 3, 9, 4], "rotation": 270, "texture": "#2", "cullface": "north"},
				"up": {"uv": [0, 0, 0, 8], "texture": "#missing"},
				"down": {"uv": [0, 0, 0, 8], "rotation": 180, "texture": "#missing"}
			}
		},
		{
			"from": [15, 9.25, -3.25],
			"to": [15, 11.25, -2.75],
			"rotation": {"angle": 22.5, "axis": "x", "origin": [15, 10.25, -1]},
			"faces": {
				"north": {"uv": [0, 0, 13, 0], "rotation": 90, "texture": "#missing"},
				"east": {"uv": [6, 4, 10, 5], "rotation": 90, "texture": "#2", "cullface": "north"},
				"south": {"uv": [0, 0, 13, 0], "rotation": 90, "texture": "#missing"},
				"west": {"uv": [6, 4, 10, 5], "rotation": 270, "texture": "#2", "cullface": "north"},
				"up": {"uv": [0, 0, 0, 8], "texture": "#missing"},
				"down": {"uv": [0, 0, 0, 8], "rotation": 180, "texture": "#missing"}
			}
		},
		{
			"from": [15, 8.75, -2.75],
			"to": [15, 11.75, -2.25],
			"rotation": {"angle": 22.5, "axis": "x", "origin": [15, 10.25, -1]},
			"faces": {
				"north": {"uv": [0, 0, 13, 0], "rotation": 90, "texture": "#missing"},
				"east": {"uv": [5, 5, 11, 6], "rotation": 90, "texture": "#2", "cullface": "north"},
				"south": {"uv": [0, 0, 13, 0], "rotation": 90, "texture": "#missing"},
				"west": {"uv": [5, 5, 11, 6], "rotation": 270, "texture": "#2", "cullface": "north"},
				"up": {"uv": [0, 0, 0, 8], "texture": "#missing"},
				"down": {"uv": [0, 0, 0, 8], "rotation": 180, "texture": "#missing"}
			}
		},
		{
			"from": [15, 7.25, -1.25],
			"to": [15, 7.75, 0.25],
			"rotation": {"angle": 22.5, "axis": "x", "origin": [15, 10.25, -1]},
			"faces": {
				"north": {"uv": [0, 0, 13, 0], "rotation": 90, "texture": "#missing"},
				"east": {"uv": [13, 8, 14, 11], "rotation": 90, "texture": "#2", "cullface": "north"},
				"south": {"uv": [0, 0, 13, 0], "rotation": 90, "texture": "#missing"},
				"west": {"uv": [2, 8, 3, 11], "rotation": 270, "texture": "#2", "cullface": "north"},
				"up": {"uv": [0, 0, 0, 8], "texture": "#missing"},
				"down": {"uv": [0, 0, 0, 8], "rotation": 180, "texture": "#missing"}
			}
		},
		{
			"from": [15, 12.75, -1.25],
			"to": [15, 13.25, 0.25],
			"rotation": {"angle": 22.5, "axis": "x", "origin": [15, 10.25, -1]},
			"faces": {
				"north": {"uv": [0, 0, 13, 0], "rotation": 90, "texture": "#missing"},
				"east": {"uv": [2, 8, 3, 11], "rotation": 90, "texture": "#2", "cullface": "north"},
				"south": {"uv": [0, 0, 13, 0], "rotation": 90, "texture": "#missing"},
				"west": {"uv": [13, 8, 14, 11], "rotation": 270, "texture": "#2", "cullface": "north"},
				"up": {"uv": [0, 0, 0, 8], "texture": "#missing"},
				"down": {"uv": [0, 0, 0, 8], "rotation": 180, "texture": "#missing"}
			}
		},
		{
			"from": [15, 7.75, -1.75],
			"to": [15, 8.25, 0.75],
			"rotation": {"angle": 22.5, "axis": "x", "origin": [15, 10.25, -1]},
			"faces": {
				"north": {"uv": [0, 0, 13, 0], "rotation": 90, "texture": "#missing"},
				"east": {"uv": [12, 7, 13, 12], "rotation": 90, "texture": "#2", "cullface": "north"},
				"south": {"uv": [0, 0, 13, 0], "rotation": 90, "texture": "#missing"},
				"west": {"uv": [3, 7, 4, 12], "rotation": 270, "texture": "#2", "cullface": "north"},
				"up": {"uv": [0, 0, 0, 8], "texture": "#missing"},
				"down": {"uv": [0, 0, 0, 8], "rotation": 180, "texture": "#missing"}
			}
		},
		{
			"from": [15, 12.25, -1.75],
			"to": [15, 12.75, 0.75],
			"rotation": {"angle": 22.5, "axis": "x", "origin": [15, 10.25, -1]},
			"faces": {
				"north": {"uv": [0, 0, 13, 0], "rotation": 90, "texture": "#missing"},
				"east": {"uv": [3, 7, 4, 12], "rotation": 90, "texture": "#2", "cullface": "north"},
				"south": {"uv": [0, 0, 13, 0], "rotation": 90, "texture": "#missing"},
				"west": {"uv": [12, 7, 13, 12], "rotation": 270, "texture": "#2", "cullface": "north"},
				"up": {"uv": [0, 0, 0, 8], "texture": "#missing"},
				"down": {"uv": [0, 0, 0, 8], "rotation": 180, "texture": "#missing"}
			}
		},
		{
			"from": [15, 9.25, 1.25],
			"to": [15, 11.25, 1.75],
			"rotation": {"angle": 22.5, "axis": "x", "origin": [15, 10.25, -1]},
			"faces": {
				"north": {"uv": [0, 0, 13, 0], "rotation": 90, "texture": "#missing"},
				"east": {"uv": [6, 13, 10, 14], "rotation": 90, "texture": "#2", "cullface": "north"},
				"south": {"uv": [0, 0, 13, 0], "rotation": 90, "texture": "#missing"},
				"west": {"uv": [6, 13, 10, 14], "rotation": 270, "texture": "#2", "cullface": "north"},
				"up": {"uv": [0, 0, 0, 8], "texture": "#missing"},
				"down": {"uv": [0, 0, 0, 8], "rotation": 180, "texture": "#missing"}
			}
		},
		{
			"from": [15, 8.25, -2.25],
			"to": [15, 12.25, 1.25],
			"rotation": {"angle": 22.5, "axis": "x", "origin": [15, 10.25, -1]},
			"faces": {
				"north": {"uv": [0, 0, 13, 0], "rotation": 90, "texture": "#missing"},
				"east": {"uv": [4, 6, 12, 13], "rotation": 90, "texture": "#2", "cullface": "north"},
				"south": {"uv": [0, 0, 13, 0], "rotation": 90, "texture": "#missing"},
				"west": {"uv": [4, 6, 12, 13], "rotation": 270, "texture": "#2", "cullface": "north"},
				"up": {"uv": [0, 0, 0, 8], "texture": "#missing"},
				"down": {"uv": [0, 0, 0, 8], "rotation": 180, "texture": "#missing"}
			}
		},
		{
			"from": [6, 6.25, 14.75],
			"to": [10, 6.25, 18.25],
			"rotation": {"angle": -22.5, "axis": "x", "origin": [8, 6.25, 17]},
			"faces": {
				"north": {"uv": [0, 0, 13, 0], "rotation": 180, "texture": "#missing"},
				"east": {"uv": [0, 0, 0, 8], "rotation": 270, "texture": "#missing"},
				"south": {"uv": [0, 0, 13, 0], "texture": "#missing"},
				"west": {"uv": [0, 0, 0, 8], "rotation": 90, "texture": "#missing"},
				"up": {"uv": [4, 6, 12, 13], "rotation": 180, "texture": "#2", "cullface": "south"},
				"down": {"uv": [4, 6, 12, 13], "texture": "#2", "cullface": "south"}
			}
		},
		{
			"from": [7, 6.25, 14.25],
			"to": [9, 6.25, 14.75],
			"rotation": {"angle": -22.5, "axis": "x", "origin": [8, 6.25, 17]},
			"faces": {
				"north": {"uv": [0, 0, 13, 0], "rotation": 180, "texture": "#missing"},
				"east": {"uv": [0, 0, 0, 8], "rotation": 270, "texture": "#missing"},
				"south": {"uv": [0, 0, 13, 0], "texture": "#missing"},
				"west": {"uv": [0, 0, 0, 8], "rotation": 90, "texture": "#missing"},
				"up": {"uv": [6, 13, 10, 14], "rotation": 180, "texture": "#2", "cullface": "south"},
				"down": {"uv": [6, 13, 10, 14], "texture": "#2", "cullface": "south"}
			}
		},
		{
			"from": [5.5, 6.25, 15.25],
			"to": [6, 6.25, 17.75],
			"rotation": {"angle": -22.5, "axis": "x", "origin": [8, 6.25, 17]},
			"faces": {
				"north": {"uv": [0, 0, 13, 0], "rotation": 180, "texture": "#missing"},
				"east": {"uv": [0, 0, 0, 8], "rotation": 270, "texture": "#missing"},
				"south": {"uv": [0, 0, 13, 0], "texture": "#missing"},
				"west": {"uv": [0, 0, 0, 8], "rotation": 90, "texture": "#missing"},
				"up": {"uv": [12, 7, 13, 12], "rotation": 180, "texture": "#2", "cullface": "south"},
				"down": {"uv": [3, 7, 4, 12], "texture": "#2", "cullface": "south"}
			}
		},
		{
			"from": [10, 6.25, 15.25],
			"to": [10.5, 6.25, 17.75],
			"rotation": {"angle": -22.5, "axis": "x", "origin": [8, 6.25, 17]},
			"faces": {
				"north": {"uv": [0, 0, 13, 0], "rotation": 180, "texture": "#missing"},
				"east": {"uv": [0, 0, 0, 8], "rotation": 270, "texture": "#missing"},
				"south": {"uv": [0, 0, 13, 0], "texture": "#missing"},
				"west": {"uv": [0, 0, 0, 8], "rotation": 90, "texture": "#missing"},
				"up": {"uv": [3, 7, 4, 12], "rotation": 180, "texture": "#2", "cullface": "south"},
				"down": {"uv": [12, 7, 13, 12], "texture": "#2", "cullface": "south"}
			}
		},
		{
			"from": [5, 6.25, 15.75],
			"to": [5.5, 6.25, 17.25],
			"rotation": {"angle": -22.5, "axis": "x", "origin": [8, 6.25, 17]},
			"faces": {
				"north": {"uv": [0, 0, 13, 0], "rotation": 180, "texture": "#missing"},
				"east": {"uv": [0, 0, 0, 8], "rotation": 270, "texture": "#missing"},
				"south": {"uv": [0, 0, 13, 0], "texture": "#missing"},
				"west": {"uv": [0, 0, 0, 8], "rotation": 90, "texture": "#missing"},
				"up": {"uv": [13, 8, 14, 11], "rotation": 180, "texture": "#2", "cullface": "south"},
				"down": {"uv": [2, 8, 3, 11], "texture": "#2", "cullface": "south"}
			}
		},
		{
			"from": [10.5, 6.25, 15.75],
			"to": [11, 6.25, 17.25],
			"rotation": {"angle": -22.5, "axis": "x", "origin": [8, 6.25, 17]},
			"faces": {
				"north": {"uv": [0, 0, 13, 0], "rotation": 180, "texture": "#missing"},
				"east": {"uv": [0, 0, 0, 8], "rotation": 270, "texture": "#missing"},
				"south": {"uv": [0, 0, 13, 0], "texture": "#missing"},
				"west": {"uv": [0, 0, 0, 8], "rotation": 90, "texture": "#missing"},
				"up": {"uv": [2, 8, 3, 11], "rotation": 180, "texture": "#2", "cullface": "south"},
				"down": {"uv": [13, 8, 14, 11], "texture": "#2", "cullface": "south"}
			}
		},
		{
			"from": [6.5, 6.25, 18.25],
			"to": [9.5, 6.25, 18.75],
			"rotation": {"angle": -22.5, "axis": "x", "origin": [8, 6.25, 17]},
			"faces": {
				"north": {"uv": [0, 0, 13, 0], "rotation": 180, "texture": "#missing"},
				"east": {"uv": [0, 0, 0, 8], "rotation": 270, "texture": "#missing"},
				"south": {"uv": [0, 0, 13, 0], "texture": "#missing"},
				"west": {"uv": [0, 0, 0, 8], "rotation": 90, "texture": "#missing"},
				"up": {"uv": [5, 5, 11, 6], "rotation": 180, "texture": "#2", "cullface": "south"},
				"down": {"uv": [5, 5, 11, 6], "texture": "#2", "cullface": "south"}
			}
		},
		{
			"from": [7, 6.25, 18.75],
			"to": [9, 6.25, 19.25],
			"rotation": {"angle": -22.5, "axis": "x", "origin": [8, 6.25, 17]},
			"faces": {
				"north": {"uv": [0, 0, 13, 0], "rotation": 180, "texture": "#missing"},
				"east": {"uv": [0, 0, 0, 8], "rotation": 270, "texture": "#missing"},
				"south": {"uv": [0, 0, 13, 0], "texture": "#missing"},
				"west": {"uv": [0, 0, 0, 8], "rotation": 90, "texture": "#missing"},
				"up": {"uv": [6, 4, 10, 5], "rotation": 180, "texture": "#2", "cullface": "south"},
				"down": {"uv": [6, 4, 10, 5], "texture": "#2", "cullface": "south"}
			}
		},
		{
			"from": [7.5, 6.25, 19.25],
			"to": [8.5, 6.25, 19.75],
			"rotation": {"angle": -22.5, "axis": "x", "origin": [8, 6.25, 17]},
			"faces": {
				"north": {"uv": [0, 0, 13, 0], "rotation": 180, "texture": "#missing"},
				"east": {"uv": [0, 0, 0, 8], "rotation": 270, "texture": "#missing"},
				"south": {"uv": [0, 0, 13, 0], "texture": "#missing"},
				"west": {"uv": [0, 0, 0, 8], "rotation": 90, "texture": "#missing"},
				"up": {"uv": [7, 3, 9, 4], "rotation": 180, "texture": "#2", "cullface": "south"},
				"down": {"uv": [7, 3, 9, 4], "texture": "#2", "cullface": "south"}
			}
		},
		{
			"from": [8, 5.75, 19.25],
			"to": [8, 6.75, 19.75],
			"rotation": {"angle": -22.5, "axis": "x", "origin": [8, 6.25, 17]},
			"faces": {
				"north": {"uv": [0, 0, 13, 0], "rotation": 270, "texture": "#missing"},
				"east": {"uv": [7, 3, 9, 4], "rotation": 270, "texture": "#2", "cullface": "south"},
				"south": {"uv": [0, 0, 13, 0], "rotation": 270, "texture": "#missing"},
				"west": {"uv": [7, 3, 9, 4], "rotation": 90, "texture": "#2", "cullface": "south"},
				"up": {"uv": [0, 0, 0, 8], "rotation": 180, "texture": "#missing"},
				"down": {"uv": [0, 0, 0, 8], "texture": "#missing"}
			}
		},
		{
			"from": [8, 5.25, 18.75],
			"to": [8, 7.25, 19.25],
			"rotation": {"angle": -22.5, "axis": "x", "origin": [8, 6.25, 17]},
			"faces": {
				"north": {"uv": [0, 0, 13, 0], "rotation": 270, "texture": "#missing"},
				"east": {"uv": [6, 4, 10, 5], "rotation": 270, "texture": "#2", "cullface": "south"},
				"south": {"uv": [0, 0, 13, 0], "rotation": 270, "texture": "#missing"},
				"west": {"uv": [6, 4, 10, 5], "rotation": 90, "texture": "#2", "cullface": "south"},
				"up": {"uv": [0, 0, 0, 8], "rotation": 180, "texture": "#missing"},
				"down": {"uv": [0, 0, 0, 8], "texture": "#missing"}
			}
		},
		{
			"from": [8, 4.75, 18.25],
			"to": [8, 7.75, 18.75],
			"rotation": {"angle": -22.5, "axis": "x", "origin": [8, 6.25, 17]},
			"faces": {
				"north": {"uv": [0, 0, 13, 0], "rotation": 270, "texture": "#missing"},
				"east": {"uv": [5, 5, 11, 6], "rotation": 270, "texture": "#2", "cullface": "south"},
				"south": {"uv": [0, 0, 13, 0], "rotation": 270, "texture": "#missing"},
				"west": {"uv": [5, 5, 11, 6], "rotation": 90, "texture": "#2", "cullface": "south"},
				"up": {"uv": [0, 0, 0, 8], "rotation": 180, "texture": "#missing"},
				"down": {"uv": [0, 0, 0, 8], "texture": "#missing"}
			}
		},
		{
			"from": [8, 8.75, 15.75],
			"to": [8, 9.25, 17.25],
			"rotation": {"angle": -22.5, "axis": "x", "origin": [8, 6.25, 17]},
			"faces": {
				"north": {"uv": [0, 0, 13, 0], "rotation": 270, "texture": "#missing"},
				"east": {"uv": [13, 8, 14, 11], "rotation": 270, "texture": "#2", "cullface": "south"},
				"south": {"uv": [0, 0, 13, 0], "rotation": 270, "texture": "#missing"},
				"west": {"uv": [2, 8, 3, 11], "rotation": 90, "texture": "#2", "cullface": "south"},
				"up": {"uv": [0, 0, 0, 8], "rotation": 180, "texture": "#missing"},
				"down": {"uv": [0, 0, 0, 8], "texture": "#missing"}
			}
		},
		{
			"from": [8, 3.25, 15.75],
			"to": [8, 3.75, 17.25],
			"rotation": {"angle": -22.5, "axis": "x", "origin": [8, 6.25, 17]},
			"faces": {
				"north": {"uv": [0, 0, 13, 0], "rotation": 270, "texture": "#missing"},
				"east": {"uv": [2, 8, 3, 11], "rotation": 270, "texture": "#2", "cullface": "south"},
				"south": {"uv": [0, 0, 13, 0], "rotation": 270, "texture": "#missing"},
				"west": {"uv": [13, 8, 14, 11], "rotation": 90, "texture": "#2", "cullface": "south"},
				"up": {"uv": [0, 0, 0, 8], "rotation": 180, "texture": "#missing"},
				"down": {"uv": [0, 0, 0, 8], "texture": "#missing"}
			}
		},
		{
			"from": [8, 8.25, 15.25],
			"to": [8, 8.75, 17.75],
			"rotation": {"angle": -22.5, "axis": "x", "origin": [8, 6.25, 17]},
			"faces": {
				"north": {"uv": [0, 0, 13, 0], "rotation": 270, "texture": "#missing"},
				"east": {"uv": [12, 7, 13, 12], "rotation": 270, "texture": "#2", "cullface": "south"},
				"south": {"uv": [0, 0, 13, 0], "rotation": 270, "texture": "#missing"},
				"west": {"uv": [3, 7, 4, 12], "rotation": 90, "texture": "#2", "cullface": "south"},
				"up": {"uv": [0, 0, 0, 8], "rotation": 180, "texture": "#missing"},
				"down": {"uv": [0, 0, 0, 8], "texture": "#missing"}
			}
		},
		{
			"from": [8, 3.75, 15.25],
			"to": [8, 4.25, 17.75],
			"rotation": {"angle": -22.5, "axis": "x", "origin": [8, 6.25, 17]},
			"faces": {
				"north": {"uv": [0, 0, 13, 0], "rotation": 270, "texture": "#missing"},
				"east": {"uv": [3, 7, 4, 12], "rotation": 270, "texture": "#2", "cullface": "south"},
				"south": {"uv": [0, 0, 13, 0], "rotation": 270, "texture": "#missing"},
				"west": {"uv": [12, 7, 13, 12], "rotation": 90, "texture": "#2", "cullface": "south"},
				"up": {"uv": [0, 0, 0, 8], "rotation": 180, "texture": "#missing"},
				"down": {"uv": [0, 0, 0, 8], "texture": "#missing"}
			}
		},
		{
			"from": [8, 5.25, 14.25],
			"to": [8, 7.25, 14.75],
			"rotation": {"angle": -22.5, "axis": "x", "origin": [8, 6.25, 17]},
			"faces": {
				"north": {"uv": [0, 0, 13, 0], "rotation": 270, "texture": "#missing"},
				"east": {"uv": [6, 13, 10, 14], "rotation": 270, "texture": "#2", "cullface": "south"},
				"south": {"uv": [0, 0, 13, 0], "rotation": 270, "texture": "#missing"},
				"west": {"uv": [6, 13, 10, 14], "rotation": 90, "texture": "#2", "cullface": "south"},
				"up": {"uv": [0, 0, 0, 8], "rotation": 180, "texture": "#missing"},
				"down": {"uv": [0, 0, 0, 8], "texture": "#missing"}
			}
		},
		{
			"from": [8, 4.25, 14.75],
			"to": [8, 8.25, 18.25],
			"rotation": {"angle": -22.5, "axis": "x", "origin": [8, 6.25, 17]},
			"faces": {
				"north": {"uv": [0, 0, 13, 0], "rotation": 270, "texture": "#missing"},
				"east": {"uv": [4, 6, 12, 13], "rotation": 270, "texture": "#2", "cullface": "south"},
				"south": {"uv": [0, 0, 13, 0], "rotation": 270, "texture": "#missing"},
				"west": {"uv": [4, 6, 12, 13], "rotation": 90, "texture": "#2", "cullface": "south"},
				"up": {"uv": [0, 0, 0, 8], "rotation": 180, "texture": "#missing"},
				"down": {"uv": [0, 0, 0, 8], "texture": "#missing"}
			}
		}
	],
	"groups": [
		0,
		{
			"name": "group",
			"origin": [13, 14, -14],
			"color": 0,
			"children": [1, 2, 3, 4, 5, 6, 7, 8, 9, 10, 11, 12, 13, 14, 15, 16, 17, 18]
		},
		{
			"name": "group",
			"origin": [13, 14, -14],
			"color": 0,
			"children": [19, 20, 21, 22, 23, 24, 25, 26, 27, 28, 29, 30, 31, 32, 33, 34, 35, 36]
		},
		{
			"name": "group",
			"origin": [13, 14, -14],
			"color": 0,
			"children": [37, 38, 39, 40, 41, 42, 43, 44, 45, 46, 47, 48, 49, 50, 51, 52, 53, 54]
		}
	]
}