{
	"credit": "Made with Blockbench",
	"textures": {
		"0": "block/deepslate_coal_ore",
		"1": "block/coal",
		"particle": "block/deepslate_coal_ore"
	},
	"elements": [
		{
			"from": [0, 0, 0],
			"to": [16, 16, 16],
			"faces": {
				"north": {"uv": [0, 0, 16, 16], "texture": "#0", "cullface": "north"},
				"east": {"uv": [0, 0, 16, 16], "texture": "#0", "cullface": "east"},
				"south": {"uv": [0, 0, 16, 16], "texture": "#0", "cullface": "south"},
				"west": {"uv": [0, 0, 16, 16], "texture": "#0", "cullface": "west"},
				"up": {"uv": [0, 0, 16, 16], "texture": "#0", "cullface": "up"},
				"down": {"uv": [0, 0, 16, 16], "texture": "#0", "cullface": "down"}
			}
		},
		{
			"from": [0, 14, 5],
			"to": [4, 18.5, 5],
			"rotation": {"angle": -22.5, "axis": "x", "origin": [1.25, 16.25, 5]},
			"faces": {
				"north": {"uv": [3, 4, 11, 13], "texture": "#1", "cullface": "up"},
				"east": {"uv": [0, 0, 0, 8], "texture": "#missing"},
				"south": {"uv": [11, 4, 3, 13], "texture": "#1", "cullface": "up"},
				"west": {"uv": [0, 0, 0, 8], "texture": "#missing"},
				"up": {"uv": [0, 0, 13, 0], "texture": "#missing"},
				"down": {"uv": [0, 0, 13, 0], "texture": "#missing"}
			}
		},
		{
			"from": [0.5, 18.5, 5],
			"to": [3.5, 19, 5],
			"rotation": {"angle": -22.5, "axis": "x", "origin": [1.25, 16.25, 5]},
			"faces": {
				"north": {"uv": [4, 3, 10, 4], "texture": "#1", "cullface": "up"},
				"east": {"uv": [0, 0, 0, 8], "texture": "#missing"},
				"south": {"uv": [10, 3, 4, 4], "texture": "#1", "cullface": "up"},
				"west": {"uv": [0, 0, 0, 8], "texture": "#missing"},
				"up": {"uv": [0, 0, 13, 0], "texture": "#missing"},
				"down": {"uv": [0, 0, 13, 0], "texture": "#missing"}
			}
		},
		{
			"from": [1, 19, 5],
			"to": [3, 19.5, 5],
			"rotation": {"angle": -22.5, "axis": "x", "origin": [1.25, 16.25, 5]},
			"faces": {
				"north": {"uv": [5, 2, 9, 3], "texture": "#1", "cullface": "up"},
				"east": {"uv": [0, 0, 0, 8], "texture": "#missing"},
				"south": {"uv": [9, 2, 5, 3], "texture": "#1", "cullface": "up"},
				"west": {"uv": [0, 0, 0, 8], "texture": "#missing"},
				"up": {"uv": [0, 0, 13, 0], "texture": "#missing"},
				"down": {"uv": [0, 0, 13, 0], "texture": "#missing"}
			}
		},
		{
			"from": [-1, 13.5, 5],
			"to": [3.5, 14, 5],
			"rotation": {"angle": -22.5, "axis": "x", "origin": [1.25, 16.25, 5]},
			"faces": {
				"north": {"uv": [4, 13, 13, 14], "texture": "#1", "cullface": "up"},
				"east": {"uv": [0, 0, 0, 8], "texture": "#missing"},
				"south": {"uv": [13, 13, 4, 14], "texture": "#1", "cullface": "up"},
				"west": {"uv": [0, 0, 0, 8], "texture": "#missing"},
				"up": {"uv": [0, 0, 13, 0], "texture": "#missing"},
				"down": {"uv": [0, 0, 13, 0], "texture": "#missing"}
			}
		},
		{
			"from": [-0.5, 14, 5],
			"to": [0, 18, 5],
			"rotation": {"angle": -22.5, "axis": "x", "origin": [1.25, 16.25, 5]},
			"faces": {
				"north": {"uv": [11, 5, 12, 13], "texture": "#1", "cullface": "up"},
				"east": {"uv": [0, 0, 0, 8], "texture": "#missing"},
				"south": {"uv": [12, 5, 11, 13], "texture": "#1", "cullface": "up"},
				"west": {"uv": [0, 0, 0, 8], "texture": "#missing"},
				"up": {"uv": [0, 0, 13, 0], "texture": "#missing"},
				"down": {"uv": [0, 0, 13, 0], "texture": "#missing"}
			}
		},
		{
			"from": [-1, 14, 5],
			"to": [-0.5, 17.5, 5],
			"rotation": {"angle": -22.5, "axis": "x", "origin": [1.25, 16.25, 5]},
			"faces": {
				"north": {"uv": [12, 6, 13, 13], "texture": "#1", "cullface": "up"},
				"east": {"uv": [0, 0, 0, 8], "texture": "#missing"},
				"south": {"uv": [13, 6, 12, 13], "texture": "#1", "cullface": "up"},
				"west": {"uv": [0, 0, 0, 8], "texture": "#missing"},
				"up": {"uv": [0, 0, 13, 0], "texture": "#missing"},
				"down": {"uv": [0, 0, 13, 0], "texture": "#missing"}
			}
		},
		{
			"from": [4, 14.5, 5],
			"to": [4.5, 17, 5],
			"rotation": {"angle": -22.5, "axis": "x", "origin": [1.25, 16.25, 5]},
			"faces": {
				"north": {"uv": [2, 7, 3, 12], "texture": "#1", "cullface": "up"},
				"east": {"uv": [0, 0, 0, 8], "texture": "#missing"},
				"south": {"uv": [3, 7, 2, 12], "texture": "#1", "cullface": "up"},
				"west": {"uv": [0, 0, 0, 8], "texture": "#missing"},
				"up": {"uv": [0, 0, 13, 0], "texture": "#missing"},
				"down": {"uv": [0, 0, 13, 0], "texture": "#missing"}
			}
		},
		{
			"from": [-1.5, 14, 5],
			"to": [-1, 17, 5],
			"rotation": {"angle": -22.5, "axis": "x", "origin": [1.25, 16.25, 5]},
			"faces": {
				"north": {"uv": [13, 7, 14, 13], "texture": "#1", "cullface": "up"},
				"east": {"uv": [0, 0, 0, 8], "texture": "#missing"},
				"south": {"uv": [14, 7, 13, 13], "texture": "#1", "cullface": "up"},
				"west": {"uv": [0, 0, 0, 8], "texture": "#missing"},
				"up": {"uv": [0, 0, 13, 0], "texture": "#missing"},
				"down": {"uv": [0, 0, 13, 0], "texture": "#missing"}
			}
		},
		{
			"from": [-2, 14.5, 5],
			"to": [-1.5, 16, 5],
			"rotation": {"angle": -22.5, "axis": "x", "origin": [1.25, 16.25, 5]},
			"faces": {
				"north": {"uv": [14, 9, 15, 12], "texture": "#1", "cullface": "up"},
				"east": {"uv": [0, 0, 0, 8], "texture": "#missing"},
				"south": {"uv": [15, 9, 14, 12], "texture": "#1", "cullface": "up"},
				"west": {"uv": [0, 0, 0, 8], "texture": "#missing"},
				"up": {"uv": [0, 0, 13, 0], "texture": "#missing"},
				"down": {"uv": [0, 0, 13, 0], "texture": "#missing"}
			}
		},
		{
			"from": [1, 13, 5],
			"to": [3, 13.5, 5],
			"rotation": {"angle": -22.5, "axis": "x", "origin": [1.25, 16.25, 5]},
			"faces": {
				"north": {"uv": [5, 14, 9, 15], "texture": "#1", "cullface": "up"},
				"east": {"uv": [0, 0, 0, 8], "texture": "#missing"},
				"south": {"uv": [5, 14, 9, 15], "texture": "#1", "cullface": "up"},
				"west": {"uv": [0, 0, 0, 8], "texture": "#missing"},
				"up": {"uv": [0, 0, 13, 0], "texture": "#missing"},
				"down": {"uv": [0, 0, 13, 0], "texture": "#missing"}
			}
		},
		{
			"from": [1.5, 13, 4.75],
			"to": [1.5, 13.5, 6.75],
			"rotation": {"angle": -22.5, "axis": "x", "origin": [1.25, 16.25, 5]},
			"faces": {
				"north": {"uv": [0, 0, 0, 8], "texture": "#missing"},
				"east": {"uv": [5, 14, 9, 15], "texture": "#1", "cullface": "up"},
				"south": {"uv": [0, 0, 0, 8], "texture": "#missing"},
				"west": {"uv": [5, 14, 9, 15], "texture": "#1", "cullface": "up"},
				"up": {"uv": [0, 0, 13, 0], "rotation": 90, "texture": "#missing"},
				"down": {"uv": [0, 0, 13, 0], "rotation": 270, "texture": "#missing"}
			}
		},
		{
			"from": [1.5, 14.5, 1.75],
			"to": [1.5, 16, 2.25],
			"rotation": {"angle": -22.5, "axis": "x", "origin": [1.25, 16.25, 5]},
			"faces": {
				"north": {"uv": [0, 0, 0, 8], "texture": "#missing"},
				"east": {"uv": [14, 9, 15, 12], "texture": "#1", "cullface": "up"},
				"south": {"uv": [0, 0, 0, 8], "texture": "#missing"},
				"west": {"uv": [15, 9, 14, 12], "texture": "#1", "cullface": "up"},
				"up": {"uv": [0, 0, 13, 0], "rotation": 90, "texture": "#missing"},
				"down": {"uv": [0, 0, 13, 0], "rotation": 270, "texture": "#missing"}
			}
		},
		{
			"from": [1.5, 14, 2.25],
			"to": [1.5, 17, 2.75],
			"rotation": {"angle": -22.5, "axis": "x", "origin": [1.25, 16.25, 5]},
			"faces": {
				"north": {"uv": [0, 0, 0, 8], "texture": "#missing"},
				"east": {"uv": [13, 7, 14, 13], "texture": "#1", "cullface": "up"},
				"south": {"uv": [0, 0, 0, 8], "texture": "#missing"},
				"west": {"uv": [14, 7, 13, 13], "texture": "#1", "cullface": "up"},
				"up": {"uv": [0, 0, 13, 0], "rotation": 90, "texture": "#missing"},
				"down": {"uv": [0, 0, 13, 0], "rotation": 270, "texture": "#missing"}
			}
		},
		{
			"from": [1.5, 14.5, 7.75],
			"to": [1.5, 17, 8.25],
			"rotation": {"angle": -22.5, "axis": "x", "origin": [1.25, 16.25, 5]},
			"faces": {
				"north": {"uv": [0, 0, 0, 8], "texture": "#missing"},
				"east": {"uv": [2, 7, 3, 12], "texture": "#1", "cullface": "up"},
				"south": {"uv": [0, 0, 0, 8], "texture": "#missing"},
				"west": {"uv": [3, 7, 2, 12], "texture": "#1", "cullface": "up"},
				"up": {"uv": [0, 0, 13, 0], "rotation": 90, "texture": "#missing"},
				"down": {"uv": [0, 0, 13, 0], "rotation": 270, "texture": "#missing"}
			}
		},
		{
			"from": [1.5, 14, 2.75],
			"to": [1.5, 17.5, 3.25],
			"rotation": {"angle": -22.5, "axis": "x", "origin": [1.25, 16.25, 5]},
			"faces": {
				"north": {"uv": [0, 0, 0, 8], "texture": "#missing"},
				"east": {"uv": [12, 6, 13, 13], "texture": "#1", "cullface": "up"},
				"south": {"uv": [0, 0, 0, 8], "texture": "#missing"},
				"west": {"uv": [13, 6, 12, 13], "texture": "#1", "cullface": "up"},
				"up": {"uv": [0, 0, 13, 0], "rotation": 90, "texture": "#missing"},
				"down": {"uv": [0, 0, 13, 0], "rotation": 270, "texture": "#missing"}
			}
		},
		{
			"from": [1.5, 14, 3.25],
			"to": [1.5, 18, 3.75],
			"rotation": {"angle": -22.5, "axis": "x", "origin": [1.25, 16.25, 5]},
			"faces": {
				"north": {"uv": [0, 0, 0, 8], "texture": "#missing"},
				"east": {"uv": [11, 5, 12, 13], "texture": "#1", "cullface": "up"},
				"south": {"uv": [0, 0, 0, 8], "texture": "#missing"},
				"west": {"uv": [12, 5, 11, 13], "texture": "#1", "cullface": "up"},
				"up": {"uv": [0, 0, 13, 0], "rotation": 90, "texture": "#missing"},
				"down": {"uv": [0, 0, 13, 0], "rotation": 270, "texture": "#missing"}
			}
		},
		{
			"from": [1.5, 13.5, 2.75],
			"to": [1.5, 14, 7.25],
			"rotation": {"angle": -22.5, "axis": "x", "origin": [1.25, 16.25, 5]},
			"faces": {
				"north": {"uv": [0, 0, 0, 8], "texture": "#missing"},
				"east": {"uv": [4, 13, 13, 14], "texture": "#1", "cullface": "up"},
				"south": {"uv": [0, 0, 0, 8], "texture": "#missing"},
				"west": {"uv": [13, 13, 4, 14], "texture": "#1", "cullface": "up"},
				"up": {"uv": [0, 0, 13, 0], "rotation": 90, "texture": "#missing"},
				"down": {"uv": [0, 0, 13, 0], "rotation": 270, "texture": "#missing"}
			}
		},
		{
			"from": [1.5, 19, 4.75],
			"to": [1.5, 19.5, 6.75],
			"rotation": {"angle": -22.5, "axis": "x", "origin": [1.25, 16.25, 5]},
			"faces": {
				"north": {"uv": [0, 0, 0, 8], "texture": "#missing"},
				"east": {"uv": [5, 2, 9, 3], "texture": "#1", "cullface": "up"},
				"south": {"uv": [0, 0, 0, 8], "texture": "#missing"},
				"west": {"uv": [9, 2, 5, 3], "texture": "#1", "cullface": "up"},
				"up": {"uv": [0, 0, 13, 0], "rotation": 90, "texture": "#missing"},
				"down": {"uv": [0, 0, 13, 0], "rotation": 270, "texture": "#missing"}
			}
		},
		{
			"from": [1.5, 18.5, 4.25],
			"to": [1.5, 19, 7.25],
			"rotation": {"angle": -22.5, "axis": "x", "origin": [1.25, 16.25, 5]},
			"faces": {
				"north": {"uv": [0, 0, 0, 8], "texture": "#missing"},
				"east": {"uv": [4, 3, 10, 4], "texture": "#1", "cullface": "up"},
				"south": {"uv": [0, 0, 0, 8], "texture": "#missing"},
				"west": {"uv": [10, 3, 4, 4], "texture": "#1", "cullface": "up"},
				"up": {"uv": [0, 0, 13, 0], "rotation": 90, "texture": "#missing"},
				"down": {"uv": [0, 0, 13, 0], "rotation": 270, "texture": "#missing"}
			}
		},
		{
			"from": [1.5, 14, 3.75],
			"to": [1.5, 18.5, 7.75],
			"rotation": {"angle": -22.5, "axis": "x", "origin": [1.25, 16.25, 5]},
			"faces": {
				"north": {"uv": [0, 0, 0, 8], "texture": "#missing"},
				"east": {"uv": [3, 4, 11, 13], "texture": "#1", "cullface": "up"},
				"south": {"uv": [0, 0, 0, 8], "texture": "#missing"},
				"west": {"uv": [11, 4, 3, 13], "texture": "#1", "cullface": "up"},
				"up": {"uv": [0, 0, 13, 0], "rotation": 90, "texture": "#missing"},
				"down": {"uv": [0, 0, 13, 0], "rotation": 270, "texture": "#missing"}
			}
		},
		{
			"from": [12, 8.25, -3.25],
			"to": [16, 8.25, 1.25],
			"rotation": {"angle": 45, "axis": "x", "origin": [13.25, 8.25, -1]},
			"faces": {
				"north": {"uv": [0, 0, 13, 0], "rotation": 180, "texture": "#missing"},
				"east": {"uv": [0, 0, 0, 8], "rotation": 90, "texture": "#missing"},
				"south": {"uv": [0, 0, 13, 0], "texture": "#missing"},
				"west": {"uv": [0, 0, 0, 8], "rotation": 270, "texture": "#missing"},
				"up": {"uv": [11, 4, 3, 13], "texture": "#1", "cullface": "north"},
				"down": {"uv": [3, 4, 11, 13], "rotation": 180, "texture": "#1", "cullface": "north"}
			}
		},
		{
			"from": [12.5, 8.25, -3.75],
			"to": [15.5, 8.25, -3.25],
			"rotation": {"angle": 45, "axis": "x", "origin": [13.25, 8.25, -1]},
			"faces": {
				"north": {"uv": [0, 0, 13, 0], "rotation": 180, "texture": "#missing"},
				"east": {"uv": [0, 0, 0, 8], "rotation": 90, "texture": "#missing"},
				"south": {"uv": [0, 0, 13, 0], "texture": "#missing"},
				"west": {"uv": [0, 0, 0, 8], "rotation": 270, "texture": "#missing"},
				"up": {"uv": [10, 3, 4, 4], "texture": "#1", "cullface": "north"},
				"down": {"uv": [4, 3, 10, 4], "rotation": 180, "texture": "#1", "cullface": "north"}
			}
		},
		{
			"from": [13, 8.25, -4.25],
			"to": [15, 8.25, -3.75],
			"rotation": {"angle": 45, "axis": "x", "origin": [13.25, 8.25, -1]},
			"faces": {
				"north": {"uv": [0, 0, 13, 0], "rotation": 180, "texture": "#missing"},
				"east": {"uv": [0, 0, 0, 8], "rotation": 90, "texture": "#missing"},
				"south": {"uv": [0, 0, 13, 0], "texture": "#missing"},
				"west": {"uv": [0, 0, 0, 8], "rotation": 270, "texture": "#missing"},
				"up": {"uv": [9, 2, 5, 3], "texture": "#1", "cullface": "north"},
				"down": {"uv": [5, 2, 9, 3], "rotation": 180, "texture": "#1", "cullface": "north"}
			}
		},
		{
			"from": [11, 8.25, 1.25],
			"to": [15.5, 8.25, 1.75],
			"rotation": {"angle": 45, "axis": "x", "origin": [13.25, 8.25, -1]},
			"faces": {
				"north": {"uv": [0, 0, 13, 0], "rotation": 180, "texture": "#missing"},
				"east": {"uv": [0, 0, 0, 8], "rotation": 90, "texture": "#missing"},
				"south": {"uv": [0, 0, 13, 0], "texture": "#missing"},
				"west": {"uv": [0, 0, 0, 8], "rotation": 270, "texture": "#missing"},
				"up": {"uv": [13, 13, 4, 14], "texture": "#1", "cullface": "north"},
				"down": {"uv": [4, 13, 13, 14], "rotation": 180, "texture": "#1", "cullface": "north"}
			}
		},
		{
			"from": [11.5, 8.25, -2.75],
			"to": [12, 8.25, 1.25],
			"rotation": {"angle": 45, "axis": "x", "origin": [13.25, 8.25, -1]},
			"faces": {
				"north": {"uv": [0, 0, 13, 0], "rotation": 180, "texture": "#missing"},
				"east": {"uv": [0, 0, 0, 8], "rotation": 90, "texture": "#missing"},
				"south": {"uv": [0, 0, 13, 0], "texture": "#missing"},
				"west": {"uv": [0, 0, 0, 8], "rotation": 270, "texture": "#missing"},
				"up": {"uv": [12, 5, 11, 13], "texture": "#1", "cullface": "north"},
				"down": {"uv": [11, 5, 12, 13], "rotation": 180, "texture": "#1", "cullface": "north"}
			}
		},
		{
			"from": [11, 8.25, -2.25],
			"to": [11.5, 8.25, 1.25],
			"rotation": {"angle": 45, "axis": "x", "origin": [13.25, 8.25, -1]},
			"faces": {
				"north": {"uv": [0, 0, 13, 0], "rotation": 180, "texture": "#missing"},
				"east": {"uv": [0, 0, 0, 8], "rotation": 90, "texture": "#missing"},
				"south": {"uv": [0, 0, 13, 0], "texture": "#missing"},
				"west": {"uv": [0, 0, 0, 8], "rotation": 270, "texture": "#missing"},
				"up": {"uv": [13, 6, 12, 13], "texture": "#1", "cullface": "north"},
				"down": {"uv": [12, 6, 13, 13], "rotation": 180, "texture": "#1", "cullface": "north"}
			}
		},
		{
			"from": [16, 8.25, -1.75],
			"to": [16.5, 8.25, 0.75],
			"rotation": {"angle": 45, "axis": "x", "origin": [13.25, 8.25, -1]},
			"faces": {
				"north": {"uv": [0, 0, 13, 0], "rotation": 180, "texture": "#missing"},
				"east": {"uv": [0, 0, 0, 8], "rotation": 90, "texture": "#missing"},
				"south": {"uv": [0, 0, 13, 0], "texture": "#missing"},
				"west": {"uv": [0, 0, 0, 8], "rotation": 270, "texture": "#missing"},
				"up": {"uv": [3, 7, 2, 12], "texture": "#1", "cullface": "north"},
				"down": {"uv": [2, 7, 3, 12], "rotation": 180, "texture": "#1", "cullface": "north"}
			}
		},
		{
			"from": [10.5, 8.25, -1.75],
			"to": [11, 8.25, 1.25],
			"rotation": {"angle": 45, "axis": "x", "origin": [13.25, 8.25, -1]},
			"faces": {
				"north": {"uv": [0, 0, 13, 0], "rotation": 180, "texture": "#missing"},
				"east": {"uv": [0, 0, 0, 8], "rotation": 90, "texture": "#missing"},
				"south": {"uv": [0, 0, 13, 0], "texture": "#missing"},
				"west": {"uv": [0, 0, 0, 8], "rotation": 270, "texture": "#missing"},
				"up": {"uv": [14, 7, 13, 13], "texture": "#1", "cullface": "north"},
				"down": {"uv": [13, 7, 14, 13], "rotation": 180, "texture": "#1", "cullface": "north"}
			}
		},
		{
			"from": [10, 8.25, -0.75],
			"to": [10.5, 8.25, 0.75],
			"rotation": {"angle": 45, "axis": "x", "origin": [13.25, 8.25, -1]},
			"faces": {
				"north": {"uv": [0, 0, 13, 0], "rotation": 180, "texture": "#missing"},
				"east": {"uv": [0, 0, 0, 8], "rotation": 90, "texture": "#missing"},
				"south": {"uv": [0, 0, 13, 0], "texture": "#missing"},
				"west": {"uv": [0, 0, 0, 8], "rotation": 270, "texture": "#missing"},
				"up": {"uv": [15, 9, 14, 12], "texture": "#1", "cullface": "north"},
				"down": {"uv": [14, 9, 15, 12], "rotation": 180, "texture": "#1", "cullface": "north"}
			}
		},
		{
			"from": [13, 8.25, 1.75],
			"to": [15, 8.25, 2.25],
			"rotation": {"angle": 45, "axis": "x", "origin": [13.25, 8.25, -1]},
			"faces": {
				"north": {"uv": [0, 0, 13, 0], "rotation": 180, "texture": "#missing"},
				"east": {"uv": [0, 0, 0, 8], "rotation": 90, "texture": "#missing"},
				"south": {"uv": [0, 0, 13, 0], "texture": "#missing"},
				"west": {"uv": [0, 0, 0, 8], "rotation": 270, "texture": "#missing"},
				"up": {"uv": [5, 14, 9, 15], "texture": "#1", "cullface": "north"},
				"down": {"uv": [5, 14, 9, 15], "rotation": 180, "texture": "#1", "cullface": "north"}
			}
		},
		{
			"from": [13.5, 8, 1.75],
			"to": [13.5, 10, 2.25],
			"rotation": {"angle": 45, "axis": "x", "origin": [13.25, 8.25, -1]},
			"faces": {
				"north": {"uv": [0, 0, 13, 0], "rotation": 270, "texture": "#missing"},
				"east": {"uv": [5, 14, 9, 15], "rotation": 90, "texture": "#1", "cullface": "north"},
				"south": {"uv": [0, 0, 13, 0], "rotation": 270, "texture": "#missing"},
				"west": {"uv": [5, 14, 9, 15], "rotation": 270, "texture": "#1", "cullface": "north"},
				"up": {"uv": [0, 0, 0, 8], "texture": "#missing"},
				"down": {"uv": [0, 0, 0, 8], "rotation": 180, "texture": "#missing"}
			}
		},
		{
			"from": [13.5, 5, -0.75],
			"to": [13.5, 5.5, 0.75],
			"rotation": {"angle": 45, "axis": "x", "origin": [13.25, 8.25, -1]},
			"faces": {
				"north": {"uv": [0, 0, 13, 0], "rotation": 270, "texture": "#missing"},
				"east": {"uv": [14, 9, 15, 12], "rotation": 90, "texture": "#1", "cullface": "north"},
				"south": {"uv": [0, 0, 13, 0], "rotation": 270, "texture": "#missing"},
				"west": {"uv": [15, 9, 14, 12], "rotation": 270, "texture": "#1", "cullface": "north"},
				"up": {"uv": [0, 0, 0, 8], "texture": "#missing"},
				"down": {"uv": [0, 0, 0, 8], "rotation": 180, "texture": "#missing"}
			}
		},
		{
			"from": [13.5, 5.5, -1.75],
			"to": [13.5, 6, 1.25],
			"rotation": {"angle": 45, "axis": "x", "origin": [13.25, 8.25, -1]},
			"faces": {
				"north": {"uv": [0, 0, 13, 0], "rotation": 270, "texture": "#missing"},
				"east": {"uv": [13, 7, 14, 13], "rotation": 90, "texture": "#1", "cullface": "north"},
				"south": {"uv": [0, 0, 13, 0], "rotation": 270, "texture": "#missing"},
				"west": {"uv": [14, 7, 13, 13], "rotation": 270, "texture": "#1", "cullface": "north"},
				"up": {"uv": [0, 0, 0, 8], "texture": "#missing"},
				"down": {"uv": [0, 0, 0, 8], "rotation": 180, "texture": "#missing"}
			}
		},
		{
			"from": [13.5, 11, -1.75],
			"to": [13.5, 11.5, 0.75],
			"rotation": {"angle": 45, "axis": "x", "origin": [13.25, 8.25, -1]},
			"faces": {
				"north": {"uv": [0, 0, 13, 0], "rotation": 270, "texture": "#missing"},
				"east": {"uv": [2, 7, 3, 12], "rotation": 90, "texture": "#1", "cullface": "north"},
				"south": {"uv": [0, 0, 13, 0], "rotation": 270, "texture": "#missing"},
				"west": {"uv": [3, 7, 2, 12], "rotation": 270, "texture": "#1", "cullface": "north"},
				"up": {"uv": [0, 0, 0, 8], "texture": "#missing"},
				"down": {"uv": [0, 0, 0, 8], "rotation": 180, "texture": "#missing"}
			}
		},
		{
			"from": [13.5, 6, -2.25],
			"to": [13.5, 6.5, 1.25],
			"rotation": {"angle": 45, "axis": "x", "origin": [13.25, 8.25, -1]},
			"faces": {
				"north": {"uv": [0, 0, 13, 0], "rotation": 270, "texture": "#missing"},
				"east": {"uv": [12, 6, 13, 13], "rotation": 90, "texture": "#1", "cullface": "north"},
				"south": {"uv": [0, 0, 13, 0], "rotation": 270, "texture": "#missing"},
				"west": {"uv": [13, 6, 12, 13], "rotation": 270, "texture": "#1", "cullface": "north"},
				"up": {"uv": [0, 0, 0, 8], "texture": "#missing"},
				"down": {"uv": [0, 0, 0, 8], "rotation": 180, "texture": "#missing"}
			}
		},
		{
			"from": [13.5, 6.5, -2.75],
			"to": [13.5, 7, 1.25],
			"rotation": {"angle": 45, "axis": "x", "origin": [13.25, 8.25, -1]},
			"faces": {
				"north": {"uv": [0, 0, 13, 0], "rotation": 270, "texture": "#missing"},
				"east": {"uv": [11, 5, 12, 13], "rotation": 90, "texture": "#1", "cullface": "north"},
				"south": {"uv": [0, 0, 13, 0], "rotation": 270, "texture": "#missing"},
				"west": {"uv": [12, 5, 11, 13], "rotation": 270, "texture": "#1", "cullface": "north"},
				"up": {"uv": [0, 0, 0, 8], "texture": "#missing"},
				"down": {"uv": [0, 0, 0, 8], "rotation": 180, "texture": "#missing"}
			}
		},
		{
			"from": [13.5, 6, 1.25],
			"to": [13.5, 10.5, 1.75],
			"rotation": {"angle": 45, "axis": "x", "origin": [13.25, 8.25, -1]},
			"faces": {
				"north": {"uv": [0, 0, 13, 0], "rotation": 270, "texture": "#missing"},
				"east": {"uv": [4, 13, 13, 14], "rotation": 90, "texture": "#1", "cullface": "north"},
				"south": {"uv": [0, 0, 13, 0], "rotation": 270, "texture": "#missing"},
				"west": {"uv": [13, 13, 4, 14], "rotation": 270, "texture": "#1", "cullface": "north"},
				"up": {"uv": [0, 0, 0, 8], "texture": "#missing"},
				"down": {"uv": [0, 0, 0, 8], "rotation": 180, "texture": "#missing"}
			}
		},
		{
			"from": [13.5, 8, -4.25],
			"to": [13.5, 10, -3.75],
			"rotation": {"angle": 45, "axis": "x", "origin": [13.25, 8.25, -1]},
			"faces": {
				"north": {"uv": [0, 0, 13, 0], "rotation": 270, "texture": "#missing"},
				"east": {"uv": [5, 2, 9, 3], "rotation": 90, "texture": "#1", "cullface": "north"},
				"south": {"uv": [0, 0, 13, 0], "rotation": 270, "texture": "#missing"},
				"west": {"uv": [9, 2, 5, 3], "rotation": 270, "texture": "#1", "cullface": "north"},
				"up": {"uv": [0, 0, 0, 8], "texture": "#missing"},
				"down": {"uv": [0, 0, 0, 8], "rotation": 180, "texture": "#missing"}
			}
		},
		{
			"from": [13.5, 7.5, -3.75],
			"to": [13.5, 10.5, -3.25],
			"rotation": {"angle": 45, "axis": "x", "origin": [13.25, 8.25, -1]},
			"faces": {
				"north": {"uv": [0, 0, 13, 0], "rotation": 270, "texture": "#missing"},
				"east": {"uv": [4, 3, 10, 4], "rotation": 90, "texture": "#1", "cullface": "north"},
				"south": {"uv": [0, 0, 13, 0], "rotation": 270, "texture": "#missing"},
				"west": {"uv": [10, 3, 4, 4], "rotation": 270, "texture": "#1", "cullface": "north"},
				"up": {"uv": [0, 0, 0, 8], "texture": "#missing"},
				"down": {"uv": [0, 0, 0, 8], "rotation": 180, "texture": "#missing"}
			}
		},
		{
			"from": [13.5, 7, -3.25],
			"to": [13.5, 11, 1.25],
			"rotation": {"angle": 45, "axis": "x", "origin": [13.25, 8.25, -1]},
			"faces": {
				"north": {"uv": [0, 0, 13, 0], "rotation": 270, "texture": "#missing"},
				"east": {"uv": [3, 4, 11, 13], "rotation": 90, "texture": "#1", "cullface": "north"},
				"south": {"uv": [0, 0, 13, 0], "rotation": 270, "texture": "#missing"},
				"west": {"uv": [11, 4, 3, 13], "rotation": 270, "texture": "#1", "cullface": "north"},
				"up": {"uv": [0, 0, 0, 8], "texture": "#missing"},
				"down": {"uv": [0, 0, 0, 8], "rotation": 180, "texture": "#missing"}
			}
		},
		{
			"from": [7, 4.25, 13.75],
			"to": [11, 4.25, 18.25],
			"rotation": {"angle": -22.5, "axis": "x", "origin": [8.25, 4.25, 16]},
			"faces": {
				"north": {"uv": [0, 0, 13, 0], "rotation": 180, "texture": "#missing"},
				"east": {"uv": [0, 0, 0, 8], "rotation": 270, "texture": "#missing"},
				"south": {"uv": [0, 0, 13, 0], "texture": "#missing"},
				"west": {"uv": [0, 0, 0, 8], "rotation": 90, "texture": "#missing"},
				"up": {"uv": [3, 4, 11, 13], "rotation": 180, "texture": "#1", "cullface": "south"},
				"down": {"uv": [11, 4, 3, 13], "texture": "#1", "cullface": "south"}
			}
		},
		{
			"from": [7.5, 4.25, 18.25],
			"to": [10.5, 4.25, 18.75],
			"rotation": {"angle": -22.5, "axis": "x", "origin": [8.25, 4.25, 16]},
			"faces": {
				"north": {"uv": [0, 0, 13, 0], "rotation": 180, "texture": "#missing"},
				"east": {"uv": [0, 0, 0, 8], "rotation": 270, "texture": "#missing"},
				"south": {"uv": [0, 0, 13, 0], "texture": "#missing"},
				"west": {"uv": [0, 0, 0, 8], "rotation": 90, "texture": "#missing"},
				"up": {"uv": [4, 3, 10, 4], "rotation": 180, "texture": "#1", "cullface": "south"},
				"down": {"uv": [10, 3, 4, 4], "texture": "#1", "cullface": "south"}
			}
		},
		{
			"from": [8, 4.25, 18.75],
			"to": [10, 4.25, 19.25],
			"rotation": {"angle": -22.5, "axis": "x", "origin": [8.25, 4.25, 16]},
			"faces": {
				"north": {"uv": [0, 0, 13, 0], "rotation": 180, "texture": "#missing"},
				"east": {"uv": [0, 0, 0, 8], "rotation": 270, "texture": "#missing"},
				"south": {"uv": [0, 0, 13, 0], "texture": "#missing"},
				"west": {"uv": [0, 0, 0, 8], "rotation": 90, "texture": "#missing"},
				"up": {"uv": [5, 2, 9, 3], "rotation": 180, "texture": "#1", "cullface": "south"},
				"down": {"uv": [9, 2, 5, 3], "texture": "#1", "cullface": "south"}
			}
		},
		{
			"from": [6, 4.25, 13.25],
			"to": [10.5, 4.25, 13.75],
			"rotation": {"angle": -22.5, "axis": "x", "origin": [8.25, 4.25, 16]},
			"faces": {
				"north": {"uv": [0, 0, 13, 0], "rotation": 180, "texture": "#missing"},
				"east": {"uv": [0, 0, 0, 8], "rotation": 270, "texture": "#missing"},
				"south": {"uv": [0, 0, 13, 0], "texture": "#missing"},
				"west": {"uv": [0, 0, 0, 8], "rotation": 90, "texture": "#missing"},
				"up": {"uv": [4, 13, 13, 14], "rotation": 180, "texture": "#1", "cullface": "south"},
				"down": {"uv": [13, 13, 4, 14], "texture": "#1", "cullface": "south"}
			}
		},
		{
			"from": [6.5, 4.25, 13.75],
			"to": [7, 4.25, 17.75],
			"rotation": {"angle": -22.5, "axis": "x", "origin": [8.25, 4.25, 16]},
			"faces": {
				"north": {"uv": [0, 0, 13, 0], "rotation": 180, "texture": "#missing"},
				"east": {"uv": [0, 0, 0, 8], "rotation": 270, "texture": "#missing"},
				"south": {"uv": [0, 0, 13, 0], "texture": "#missing"},
				"west": {"uv": [0, 0, 0, 8], "rotation": 90, "texture": "#missing"},
				"up": {"uv": [11, 5, 12, 13], "rotation": 180, "texture": "#1", "cullface": "south"},
				"down": {"uv": [12, 5, 11, 13], "texture": "#1", "cullface": "south"}
			}
		},
		{
			"from": [6, 4.25, 13.75],
			"to": [6.5, 4.25, 17.25],
			"rotation": {"angle": -22.5, "axis": "x", "origin": [8.25, 4.25, 16]},
			"faces": {
				"north": {"uv": [0, 0, 13, 0], "rotation": 180, "texture": "#missing"},
				"east": {"uv": [0, 0, 0, 8], "rotation": 270, "texture": "#missing"},
				"south": {"uv": [0, 0, 13, 0], "texture": "#missing"},
				"west": {"uv": [0, 0, 0, 8], "rotation": 90, "texture": "#missing"},
				"up": {"uv": [12, 6, 13, 13], "rotation": 180, "texture": "#1", "cullface": "south"},
				"down": {"uv": [13, 6, 12, 13], "texture": "#1", "cullface": "south"}
			}
		},
		{
			"from": [11, 4.25, 14.25],
			"to": [11.5, 4.25, 16.75],
			"rotation": {"angle": -22.5, "axis": "x", "origin": [8.25, 4.25, 16]},
			"faces": {
				"north": {"uv": [0, 0, 13, 0], "rotation": 180, "texture": "#missing"},
				"east": {"uv": [0, 0, 0, 8], "rotation": 270, "texture": "#missing"},
				"south": {"uv": [0, 0, 13, 0], "texture": "#missing"},
				"west": {"uv": [0, 0, 0, 8], "rotation": 90, "texture": "#missing"},
				"up": {"uv": [2, 7, 3, 12], "rotation": 180, "texture": "#1", "cullface": "south"},
				"down": {"uv": [3, 7, 2, 12], "texture": "#1", "cullface": "south"}
			}
		},
		{
			"from": [5.5, 4.25, 13.75],
			"to": [6, 4.25, 16.75],
			"rotation": {"angle": -22.5, "axis": "x", "origin": [8.25, 4.25, 16]},
			"faces": {
				"north": {"uv": [0, 0, 13, 0], "rotation": 180, "texture": "#missing"},
				"east": {"uv": [0, 0, 0, 8], "rotation": 270, "texture": "#missing"},
				"south": {"uv": [0, 0, 13, 0], "texture": "#missing"},
				"west": {"uv": [0, 0, 0, 8], "rotation": 90, "texture": "#missing"},
				"up": {"uv": [13, 7, 14, 13], "rotation": 180, "texture": "#1", "cullface": "south"},
				"down": {"uv": [14, 7, 13, 13], "texture": "#1", "cullface": "south"}
			}
		},
		{
			"from": [5, 4.25, 14.25],
			"to": [5.5, 4.25, 15.75],
			"rotation": {"angle": -22.5, "axis": "x", "origin": [8.25, 4.25, 16]},
			"faces": {
				"north": {"uv": [0, 0, 13, 0], "rotation": 180, "texture": "#missing"},
				"east": {"uv": [0, 0, 0, 8], "rotation": 270, "texture": "#missing"},
				"south": {"uv": [0, 0, 13, 0], "texture": "#missing"},
				"west": {"uv": [0, 0, 0, 8], "rotation": 90, "texture": "#missing"},
				"up": {"uv": [14, 9, 15, 12], "rotation": 180, "texture": "#1", "cullface": "south"},
				"down": {"uv": [15, 9, 14, 12], "texture": "#1", "cullface": "south"}
			}
		},
		{
			"from": [8, 4.25, 12.75],
			"to": [10, 4.25, 13.25],
			"rotation": {"angle": -22.5, "axis": "x", "origin": [8.25, 4.25, 16]},
			"faces": {
				"north": {"uv": [0, 0, 13, 0], "rotation": 180, "texture": "#missing"},
				"east": {"uv": [0, 0, 0, 8], "rotation": 270, "texture": "#missing"},
				"south": {"uv": [0, 0, 13, 0], "texture": "#missing"},
				"west": {"uv": [0, 0, 0, 8], "rotation": 90, "texture": "#missing"},
				"up": {"uv": [5, 14, 9, 15], "rotation": 180, "texture": "#1", "cullface": "south"},
				"down": {"uv": [5, 14, 9, 15], "texture": "#1", "cullface": "south"}
			}
		},
		{
			"from": [8.5, 2.5, 12.75],
			"to": [8.5, 4.5, 13.25],
			"rotation": {"angle": -22.5, "axis": "x", "origin": [8.25, 4.25, 16]},
			"faces": {
				"north": {"uv": [0, 0, 13, 0], "rotation": 90, "texture": "#missing"},
				"east": {"uv": [5, 14, 9, 15], "rotation": 270, "texture": "#1", "cullface": "south"},
				"south": {"uv": [0, 0, 13, 0], "rotation": 90, "texture": "#missing"},
				"west": {"uv": [5, 14, 9, 15], "rotation": 90, "texture": "#1", "cullface": "south"},
				"up": {"uv": [0, 0, 0, 8], "rotation": 180, "texture": "#missing"},
				"down": {"uv": [0, 0, 0, 8], "texture": "#missing"}
			}
		},
		{
			"from": [8.5, 7, 14.25],
			"to": [8.5, 7.5, 15.75],
			"rotation": {"angle": -22.5, "axis": "x", "origin": [8.25, 4.25, 16]},
			"faces": {
				"north": {"uv": [0, 0, 13, 0], "rotation": 90, "texture": "#missing"},
				"east": {"uv": [14, 9, 15, 12], "rotation": 270, "texture": "#1", "cullface": "south"},
				"south": {"uv": [0, 0, 13, 0], "rotation": 90, "texture": "#missing"},
				"west": {"uv": [15, 9, 14, 12], "rotation": 90, "texture": "#1", "cullface": "south"},
				"up": {"uv": [0, 0, 0, 8], "rotation": 180, "texture": "#missing"},
				"down": {"uv": [0, 0, 0, 8], "texture": "#missing"}
			}
		},
		{
			"from": [8.5, 6.5, 13.75],
			"to": [8.5, 7, 16.75],
			"rotation": {"angle": -22.5, "axis": "x", "origin": [8.25, 4.25, 16]},
			"faces": {
				"north": {"uv": [0, 0, 13, 0], "rotation": 90, "texture": "#missing"},
				"east": {"uv": [13, 7, 14, 13], "rotation": 270, "texture": "#1", "cullface": "south"},
				"south": {"uv": [0, 0, 13, 0], "rotation": 90, "texture": "#missing"},
				"west": {"uv": [14, 7, 13, 13], "rotation": 90, "texture": "#1", "cullface": "south"},
				"up": {"uv": [0, 0, 0, 8], "rotation": 180, "texture": "#missing"},
				"down": {"uv": [0, 0, 0, 8], "texture": "#missing"}
			}
		},
		{
			"from": [8.5, 1, 14.25],
			"to": [8.5, 1.5, 16.75],
			"rotation": {"angle": -22.5, "axis": "x", "origin": [8.25, 4.25, 16]},
			"faces": {
				"north": {"uv": [0, 0, 13, 0], "rotation": 90, "texture": "#missing"},
				"east": {"uv": [2, 7, 3, 12], "rotation": 270, "texture": "#1", "cullface": "south"},
				"south": {"uv": [0, 0, 13, 0], "rotation": 90, "texture": "#missing"},
				"west": {"uv": [3, 7, 2, 12], "rotation": 90, "texture": "#1", "cullface": "south"},
				"up": {"uv": [0, 0, 0, 8], "rotation": 180, "texture": "#missing"},
				"down": {"uv": [0, 0, 0, 8], "texture": "#missing"}
			}
		},
		{
			"from": [8.5, 6, 13.75],
			"to": [8.5, 6.5, 17.25],
			"rotation": {"angle": -22.5, "axis": "x", "origin": [8.25, 4.25, 16]},
			"faces": {
				"north": {"uv": [0, 0, 13, 0], "rotation": 90, "texture": "#missing"},
				"east": {"uv": [12, 6, 13, 13], "rotation": 270, "texture": "#1", "cullface": "south"},
				"south": {"uv": [0, 0, 13, 0], "rotation": 90, "texture": "#missing"},
				"west": {"uv": [13, 6, 12, 13], "rotation": 90, "texture": "#1", "cullface": "south"},
				"up": {"uv": [0, 0, 0, 8], "rotation": 180, "texture": "#missing"},
				"down": {"uv": [0, 0, 0, 8], "texture": "#missing"}
			}
		},
		{
			"from": [8.5, 5.5, 13.75],
			"to": [8.5, 6, 17.75],
			"rotation": {"angle": -22.5, "axis": "x", "origin": [8.25, 4.25, 16]},
			"faces": {
				"north": {"uv": [0, 0, 13, 0], "rotation": 90, "texture": "#missing"},
				"east": {"uv": [11, 5, 12, 13], "rotation": 270, "texture": "#1", "cullface": "south"},
				"south": {"uv": [0, 0, 13, 0], "rotation": 90, "texture": "#missing"},
				"west": {"uv": [12, 5, 11, 13], "rotation": 90, "texture": "#1", "cullface": "south"},
				"up": {"uv": [0, 0, 0, 8], "rotation": 180, "texture": "#missing"},
				"down": {"uv": [0, 0, 0, 8], "texture": "#missing"}
			}
		},
		{
			"from": [8.5, 2, 13.25],
			"to": [8.5, 6.5, 13.75],
			"rotation": {"angle": -22.5, "axis": "x", "origin": [8.25, 4.25, 16]},
			"faces": {
				"north": {"uv": [0, 0, 13, 0], "rotation": 90, "texture": "#missing"},
				"east": {"uv": [4, 13, 13, 14], "rotation": 270, "texture": "#1", "cullface": "south"},
				"south": {"uv": [0, 0, 13, 0], "rotation": 90, "texture": "#missing"},
				"west": {"uv": [13, 13, 4, 14], "rotation": 90, "texture": "#1", "cullface": "south"},
				"up": {"uv": [0, 0, 0, 8], "rotation": 180, "texture": "#missing"},
				"down": {"uv": [0, 0, 0, 8], "texture": "#missing"}
			}
		},
		{
			"from": [8.5, 2.5, 18.75],
			"to": [8.5, 4.5, 19.25],
			"rotation": {"angle": -22.5, "axis": "x", "origin": [8.25, 4.25, 16]},
			"faces": {
				"north": {"uv": [0, 0, 13, 0], "rotation": 90, "texture": "#missing"},
				"east": {"uv": [5, 2, 9, 3], "rotation": 270, "texture": "#1", "cullface": "south"},
				"south": {"uv": [0, 0, 13, 0], "rotation": 90, "texture": "#missing"},
				"west": {"uv": [9, 2, 5, 3], "rotation": 90, "texture": "#1", "cullface": "south"},
				"up": {"uv": [0, 0, 0, 8], "rotation": 180, "texture": "#missing"},
				"down": {"uv": [0, 0, 0, 8], "texture": "#missing"}
			}
		},
		{
			"from": [8.5, 2, 18.25],
			"to": [8.5, 5, 18.75],
			"rotation": {"angle": -22.5, "axis": "x", "origin": [8.25, 4.25, 16]},
			"faces": {
				"north": {"uv": [0, 0, 13, 0], "rotation": 90, "texture": "#missing"},
				"east": {"uv": [4, 3, 10, 4], "rotation": 270, "texture": "#1", "cullface": "south"},
				"south": {"uv": [0, 0, 13, 0], "rotation": 90, "texture": "#missing"},
				"west": {"uv": [10, 3, 4, 4], "rotation": 90, "texture": "#1", "cullface": "south"},
				"up": {"uv": [0, 0, 0, 8], "rotation": 180, "texture": "#missing"},
				"down": {"uv": [0, 0, 0, 8], "texture": "#missing"}
			}
		},
		{
			"from": [8.5, 1.5, 13.75],
			"to": [8.5, 5.5, 18.25],
			"rotation": {"angle": -22.5, "axis": "x", "origin": [8.25, 4.25, 16]},
			"faces": {
				"north": {"uv": [0, 0, 13, 0], "rotation": 90, "texture": "#missing"},
				"east": {"uv": [3, 4, 11, 13], "rotation": 270, "texture": "#1", "cullface": "south"},
				"south": {"uv": [0, 0, 13, 0], "rotation": 90, "texture": "#missing"},
				"west": {"uv": [11, 4, 3, 13], "rotation": 90, "texture": "#1", "cullface": "south"},
				"up": {"uv": [0, 0, 0, 8], "rotation": 180, "texture": "#missing"},
				"down": {"uv": [0, 0, 0, 8], "texture": "#missing"}
			}
		}
	],
	"groups": [
		0,
		{
			"name": "group",
			"origin": [13, 14, -14],
			"color": 0,
			"children": [1, 2, 3, 4, 5, 6, 7, 8, 9, 10, 11, 12, 13, 14, 15, 16, 17, 18, 19, 20]
		},
		{
			"name": "group",
			"origin": [13, 14, -14],
			"color": 0,
			"children": [21, 22, 23, 24, 25, 26, 27, 28, 29, 30, 31, 32, 33, 34, 35, 36, 37, 38, 39, 40]
		},
		{
			"name": "group",
			"origin": [13, 14, -14],
			"color": 0,
			"children": [41, 42, 43, 44, 45, 46, 47, 48, 49, 50, 51, 52, 53, 54, 55, 56, 57, 58, 59, 60]
		}
	]
}