{
	"credit": "Made with Blockbench",
	"textures": {
		"0": "block/raw_iron",
		"1": "block/deepslate_iron_ore",
		"particle": "block/deepslate_iron_ore"
	},
	"elements": [
		{
			"from": [0, 0, 0],
			"to": [16, 16, 16],
			"faces": {
				"north": {"uv": [0, 0, 16, 16], "texture": "#1", "cullface": "north"},
				"east": {"uv": [0, 0, 16, 16], "texture": "#1", "cullface": "east"},
				"south": {"uv": [0, 0, 16, 16], "texture": "#1", "cullface": "south"},
				"west": {"uv": [0, 0, 16, 16], "texture": "#1", "cullface": "west"},
				"up": {"uv": [0, 0, 16, 16], "texture": "#1", "cullface": "up"},
				"down": {"uv": [0, 0, 16, 16], "texture": "#1", "cullface": "down"}
			}
		},
		{
			"from": [-2, 15, 4],
			"to": [4.5, 19, 4],
			"rotation": {"angle": 22.5, "axis": "z", "origin": [1, 17, 4]},
			"faces": {
				"north": {"uv": [1, 4, 14, 12], "texture": "#0", "cullface": "up"},
				"east": {"uv": [0, 0, 0, 8], "texture": "#missing"},
				"south": {"uv": [14, 4, 1, 12], "texture": "#0", "cullface": "up"},
				"west": {"uv": [0, 0, 0, 8], "texture": "#missing"},
				"up": {"uv": [0, 0, 13, 0], "texture": "#missing"},
				"down": {"uv": [0, 0, 13, 0], "texture": "#missing"}
			}
		},
		{
			"from": [2, 14.5, 4],
			"to": [4, 15, 4],
			"rotation": {"angle": 22.5, "axis": "z", "origin": [1, 17, 4]},
			"faces": {
				"north": {"uv": [2, 12, 6, 13], "texture": "#0", "cullface": "up"},
				"east": {"uv": [0, 0, 0, 1], "texture": "#missing"},
				"south": {"uv": [6, 12, 2, 13], "texture": "#0", "cullface": "up"},
				"west": {"uv": [0, 0, 0, 1], "texture": "#missing"},
				"up": {"uv": [0, 0, 5, 0], "texture": "#missing"},
				"down": {"uv": [0, 0, 5, 0], "texture": "#missing"}
			}
		},
		{
			"from": [-3, 14.5, 4],
			"to": [1, 15, 4],
			"rotation": {"angle": 22.5, "axis": "z", "origin": [1, 17, 4]},
			"faces": {
				"north": {"uv": [8, 12, 16, 13], "texture": "#0", "cullface": "up"},
				"east": {"uv": [0, 0, 0, 1], "texture": "#missing"},
				"south": {"uv": [16, 12, 8, 13], "texture": "#0", "cullface": "up"},
				"west": {"uv": [0, 0, 0, 1], "texture": "#missing"},
				"up": {"uv": [0, 0, 6, 0], "texture": "#missing"},
				"down": {"uv": [0, 0, 6, 0], "texture": "#missing"}
			}
		},
		{
			"from": [-2.5, 15, 4],
			"to": [-2, 18.5, 4],
			"rotation": {"angle": 22.5, "axis": "z", "origin": [1, 17, 4]},
			"faces": {
				"north": {"uv": [14, 5, 15, 12], "texture": "#0", "cullface": "up"},
				"east": {"uv": [0, 0, 0, 4], "texture": "#missing"},
				"south": {"uv": [14, 5, 15, 12], "texture": "#0", "cullface": "up"},
				"west": {"uv": [0, 0, 0, 4], "texture": "#missing"},
				"up": {"uv": [0, 0, 1, 0], "texture": "#missing"},
				"down": {"uv": [0, 0, 1, 0], "texture": "#missing"}
			}
		},
		{
			"from": [-3, 15, 4],
			"to": [-2.5, 16, 4],
			"rotation": {"angle": 22.5, "axis": "z", "origin": [1, 17, 4]},
			"faces": {
				"north": {"uv": [15, 10, 16, 12], "texture": "#0", "cullface": "up"},
				"east": {"uv": [0, 0, 0, 4], "texture": "#missing"},
				"south": {"uv": [15, 10, 16, 12], "texture": "#0", "cullface": "up"},
				"west": {"uv": [0, 0, 0, 4], "texture": "#missing"},
				"up": {"uv": [0, 0, 1, 0], "texture": "#missing"},
				"down": {"uv": [0, 0, 1, 0], "texture": "#missing"}
			}
		},
		{
			"from": [-2.5, 14, 4],
			"to": [0.5, 14.5, 4],
			"rotation": {"angle": 22.5, "axis": "z", "origin": [1, 17, 4]},
			"faces": {
				"north": {"uv": [9, 13, 15, 14], "texture": "#0", "cullface": "up"},
				"east": {"uv": [0, 0, 0, 1], "texture": "#missing"},
				"south": {"uv": [15, 13, 9, 14], "texture": "#0", "cullface": "up"},
				"west": {"uv": [0, 0, 0, 1], "texture": "#missing"},
				"up": {"uv": [0, 0, 4, 0], "texture": "#missing"},
				"down": {"uv": [0, 0, 4, 0], "texture": "#missing"}
			}
		},
		{
			"from": [-2, 13.5, 4],
			"to": [0, 14, 4],
			"rotation": {"angle": 22.5, "axis": "z", "origin": [1, 17, 4]},
			"faces": {
				"north": {"uv": [10, 14, 14, 15], "texture": "#0", "cullface": "up"},
				"east": {"uv": [0, 0, 0, 1], "texture": "#missing"},
				"south": {"uv": [10, 14, 14, 15], "texture": "#0", "cullface": "up"},
				"west": {"uv": [0, 0, 0, 1], "texture": "#missing"},
				"up": {"uv": [0, 0, 4, 0], "texture": "#missing"},
				"down": {"uv": [0, 0, 4, 0], "texture": "#missing"}
			}
		},
		{
			"from": [-2, 19, 4],
			"to": [4, 19.5, 4],
			"rotation": {"angle": 22.5, "axis": "z", "origin": [1, 17, 4]},
			"faces": {
				"north": {"uv": [1, 3, 13, 4], "texture": "#0", "cullface": "up"},
				"east": {"uv": [0, 0, 0, 1], "texture": "#missing"},
				"south": {"uv": [13, 3, 1, 4], "texture": "#0", "cullface": "up"},
				"west": {"uv": [0, 0, 0, 1], "texture": "#missing"},
				"up": {"uv": [0, 0, 12, 0], "texture": "#missing"},
				"down": {"uv": [0, 0, 12, 0], "texture": "#missing"}
			}
		},
		{
			"from": [-0.5, 19.5, 4],
			"to": [4, 20, 4],
			"rotation": {"angle": 22.5, "axis": "z", "origin": [1, 17, 4]},
			"faces": {
				"north": {"uv": [1, 2, 10, 3], "texture": "#0", "cullface": "up"},
				"east": {"uv": [0, 0, 0, 1], "texture": "#missing"},
				"south": {"uv": [10, 2, 1, 3], "texture": "#0", "cullface": "up"},
				"west": {"uv": [0, 0, 0, 1], "texture": "#missing"},
				"up": {"uv": [0, 0, 10, 0], "texture": "#missing"},
				"down": {"uv": [0, 0, 10, 0], "texture": "#missing"}
			}
		},
		{
			"from": [1.5, 20, 4],
			"to": [4, 20.5, 4],
			"rotation": {"angle": 22.5, "axis": "z", "origin": [1, 17, 4]},
			"faces": {
				"north": {"uv": [2, 1, 7, 2], "texture": "#0", "cullface": "up"},
				"east": {"uv": [0, 0, 0, 1], "texture": "#missing"},
				"south": {"uv": [2, 1, 7, 2], "texture": "#0", "cullface": "up"},
				"west": {"uv": [0, 0, 0, 1], "texture": "#missing"},
				"up": {"uv": [0, 0, 7, 0], "texture": "#missing"},
				"down": {"uv": [0, 0, 7, 0], "texture": "#missing"}
			}
		},
		{
			"from": [4.5, 15.5, 4],
			"to": [5, 19, 4],
			"rotation": {"angle": 22.5, "axis": "z", "origin": [1, 17, 4]},
			"faces": {
				"north": {"uv": [0, 4, 1, 11], "texture": "#0", "cullface": "up"},
				"east": {"uv": [0, 0, 0, 5], "texture": "#missing"},
				"south": {"uv": [0, 4, 1, 11], "texture": "#0", "cullface": "up"},
				"west": {"uv": [0, 0, 0, 5], "texture": "#missing"},
				"up": {"uv": [0, 0, 1, 0], "texture": "#missing"},
				"down": {"uv": [0, 0, 1, 0], "texture": "#missing"}
			}
		},
		{
			"from": [1, 15.5, 0],
			"to": [1, 19, 0.5],
			"rotation": {"angle": 22.5, "axis": "z", "origin": [1, 17, 4]},
			"faces": {
				"north": {"uv": [0, 0, 0, 5], "texture": "#missing"},
				"east": {"uv": [0, 4, 1, 11], "texture": "#0", "cullface": "up"},
				"south": {"uv": [0, 0, 0, 5], "texture": "#missing"},
				"west": {"uv": [0, 4, 1, 11], "texture": "#0", "cullface": "up"},
				"up": {"uv": [0, 0, 1, 0], "rotation": 270, "texture": "#missing"},
				"down": {"uv": [0, 0, 1, 0], "rotation": 90, "texture": "#missing"}
			}
		},
		{
			"from": [1, 20, 1],
			"to": [1, 20.5, 3.5],
			"rotation": {"angle": 22.5, "axis": "z", "origin": [1, 17, 4]},
			"faces": {
				"north": {"uv": [0, 0, 0, 1], "texture": "#missing"},
				"east": {"uv": [2, 1, 7, 2], "texture": "#0", "cullface": "up"},
				"south": {"uv": [0, 0, 0, 1], "texture": "#missing"},
				"west": {"uv": [2, 1, 7, 2], "texture": "#0", "cullface": "up"},
				"up": {"uv": [0, 0, 7, 0], "rotation": 270, "texture": "#missing"},
				"down": {"uv": [0, 0, 7, 0], "rotation": 90, "texture": "#missing"}
			}
		},
		{
			"from": [1, 19.5, 1],
			"to": [1, 20, 5.5],
			"rotation": {"angle": 22.5, "axis": "z", "origin": [1, 17, 4]},
			"faces": {
				"north": {"uv": [0, 0, 0, 1], "texture": "#missing"},
				"east": {"uv": [10, 2, 1, 3], "texture": "#0", "cullface": "up"},
				"south": {"uv": [0, 0, 0, 1], "texture": "#missing"},
				"west": {"uv": [1, 2, 10, 3], "texture": "#0", "cullface": "up"},
				"up": {"uv": [0, 0, 10, 0], "rotation": 270, "texture": "#missing"},
				"down": {"uv": [0, 0, 10, 0], "rotation": 90, "texture": "#missing"}
			}
		},
		{
			"from": [1, 19, 1],
			"to": [1, 19.5, 7],
			"rotation": {"angle": 22.5, "axis": "z", "origin": [1, 17, 4]},
			"faces": {
				"north": {"uv": [0, 0, 0, 1], "texture": "#missing"},
				"east": {"uv": [13, 3, 1, 4], "texture": "#0", "cullface": "up"},
				"south": {"uv": [0, 0, 0, 1], "texture": "#missing"},
				"west": {"uv": [1, 3, 13, 4], "texture": "#0", "cullface": "up"},
				"up": {"uv": [0, 0, 12, 0], "rotation": 270, "texture": "#missing"},
				"down": {"uv": [0, 0, 12, 0], "rotation": 90, "texture": "#missing"}
			}
		},
		{
			"from": [1, 13.5, 5],
			"to": [1, 14, 7],
			"rotation": {"angle": 22.5, "axis": "z", "origin": [1, 17, 4]},
			"faces": {
				"north": {"uv": [0, 0, 0, 1], "texture": "#missing"},
				"east": {"uv": [10, 14, 14, 15], "texture": "#0", "cullface": "up"},
				"south": {"uv": [0, 0, 0, 1], "texture": "#missing"},
				"west": {"uv": [10, 14, 14, 15], "texture": "#0", "cullface": "up"},
				"up": {"uv": [0, 0, 4, 0], "rotation": 270, "texture": "#missing"},
				"down": {"uv": [0, 0, 4, 0], "rotation": 90, "texture": "#missing"}
			}
		},
		{
			"from": [1, 14, 4.5],
			"to": [1, 14.5, 7.5],
			"rotation": {"angle": 22.5, "axis": "z", "origin": [1, 17, 4]},
			"faces": {
				"north": {"uv": [0, 0, 0, 1], "texture": "#missing"},
				"east": {"uv": [15, 13, 9, 14], "texture": "#0", "cullface": "up"},
				"south": {"uv": [0, 0, 0, 1], "texture": "#missing"},
				"west": {"uv": [9, 13, 15, 14], "texture": "#0", "cullface": "up"},
				"up": {"uv": [0, 0, 4, 0], "rotation": 270, "texture": "#missing"},
				"down": {"uv": [0, 0, 4, 0], "rotation": 90, "texture": "#missing"}
			}
		},
		{
			"from": [1, 15, 7.5],
			"to": [1, 16, 8],
			"rotation": {"angle": 22.5, "axis": "z", "origin": [1, 17, 4]},
			"faces": {
				"north": {"uv": [0, 0, 0, 4], "texture": "#missing"},
				"east": {"uv": [15, 10, 16, 12], "texture": "#0", "cullface": "up"},
				"south": {"uv": [0, 0, 0, 4], "texture": "#missing"},
				"west": {"uv": [15, 10, 16, 12], "texture": "#0", "cullface": "up"},
				"up": {"uv": [0, 0, 1, 0], "rotation": 270, "texture": "#missing"},
				"down": {"uv": [0, 0, 1, 0], "rotation": 90, "texture": "#missing"}
			}
		},
		{
			"from": [1, 15, 7],
			"to": [1, 18.5, 7.5],
			"rotation": {"angle": 22.5, "axis": "z", "origin": [1, 17, 4]},
			"faces": {
				"north": {"uv": [0, 0, 0, 4], "texture": "#missing"},
				"east": {"uv": [14, 5, 15, 12], "texture": "#0", "cullface": "up"},
				"south": {"uv": [0, 0, 0, 4], "texture": "#missing"},
				"west": {"uv": [14, 5, 15, 12], "texture": "#0", "cullface": "up"},
				"up": {"uv": [0, 0, 1, 0], "rotation": 270, "texture": "#missing"},
				"down": {"uv": [0, 0, 1, 0], "rotation": 90, "texture": "#missing"}
			}
		},
		{
			"from": [1, 14.5, 4],
			"to": [1, 15, 8],
			"rotation": {"angle": 22.5, "axis": "z", "origin": [1, 17, 4]},
			"faces": {
				"north": {"uv": [0, 0, 0, 1], "texture": "#missing"},
				"east": {"uv": [16, 12, 8, 13], "texture": "#0", "cullface": "up"},
				"south": {"uv": [0, 0, 0, 1], "texture": "#missing"},
				"west": {"uv": [8, 12, 16, 13], "texture": "#0", "cullface": "up"},
				"up": {"uv": [0, 0, 6, 0], "rotation": 270, "texture": "#missing"},
				"down": {"uv": [0, 0, 6, 0], "rotation": 90, "texture": "#missing"}
			}
		},
		{
			"from": [1, 14.5, 1],
			"to": [1, 15, 3],
			"rotation": {"angle": 22.5, "axis": "z", "origin": [1, 17, 4]},
			"faces": {
				"north": {"uv": [0, 0, 0, 1], "texture": "#missing"},
				"east": {"uv": [6, 12, 2, 13], "texture": "#0", "cullface": "up"},
				"south": {"uv": [0, 0, 0, 1], "texture": "#missing"},
				"west": {"uv": [2, 12, 6, 13], "texture": "#0", "cullface": "up"},
				"up": {"uv": [0, 0, 5, 0], "rotation": 270, "texture": "#missing"},
				"down": {"uv": [0, 0, 5, 0], "rotation": 90, "texture": "#missing"}
			}
		},
		{
			"from": [1, 15, 0.5],
			"to": [1, 19, 7],
			"rotation": {"angle": 22.5, "axis": "z", "origin": [1, 17, 4]},
			"faces": {
				"north": {"uv": [0, 0, 0, 8], "texture": "#missing"},
				"east": {"uv": [14, 4, 1, 12], "texture": "#0", "cullface": "up"},
				"south": {"uv": [0, 0, 0, 8], "texture": "#missing"},
				"west": {"uv": [1, 4, 14, 12], "texture": "#0", "cullface": "up"},
				"up": {"uv": [0, 0, 13, 0], "rotation": 270, "texture": "#missing"},
				"down": {"uv": [0, 0, 13, 0], "rotation": 90, "texture": "#missing"}
			}
		},
		{
			"from": [12, 8, -3],
			"to": [18.5, 8, 1],
			"rotation": {"angle": 0, "axis": "x", "origin": [15, 8, -1]},
			"faces": {
				"north": {"uv": [0, 0, 13, 0], "rotation": 180, "texture": "#missing"},
				"east": {"uv": [0, 0, 0, 8], "rotation": 90, "texture": "#missing"},
				"south": {"uv": [0, 0, 13, 0], "texture": "#missing"},
				"west": {"uv": [0, 0, 0, 8], "rotation": 270, "texture": "#missing"},
				"up": {"uv": [14, 4, 1, 12], "texture": "#0", "cullface": "north"},
				"down": {"uv": [1, 4, 14, 12], "rotation": 180, "texture": "#0", "cullface": "north"}
			}
		},
		{
			"from": [16, 8, 1],
			"to": [18, 8, 1.5],
			"rotation": {"angle": 0, "axis": "x", "origin": [15, 8, -1]},
			"faces": {
				"north": {"uv": [0, 0, 5, 0], "rotation": 180, "texture": "#missing"},
				"east": {"uv": [0, 0, 0, 1], "rotation": 90, "texture": "#missing"},
				"south": {"uv": [0, 0, 5, 0], "texture": "#missing"},
				"west": {"uv": [0, 0, 0, 1], "rotation": 270, "texture": "#missing"},
				"up": {"uv": [6, 12, 2, 13], "texture": "#0", "cullface": "north"},
				"down": {"uv": [2, 12, 6, 13], "rotation": 180, "texture": "#0", "cullface": "north"}
			}
		},
		{
			"from": [11, 8, 1],
			"to": [15, 8, 1.5],
			"rotation": {"angle": 0, "axis": "x", "origin": [15, 8, -1]},
			"faces": {
				"north": {"uv": [0, 0, 6, 0], "rotation": 180, "texture": "#missing"},
				"east": {"uv": [0, 0, 0, 1], "rotation": 90, "texture": "#missing"},
				"south": {"uv": [0, 0, 6, 0], "texture": "#missing"},
				"west": {"uv": [0, 0, 0, 1], "rotation": 270, "texture": "#missing"},
				"up": {"uv": [16, 12, 8, 13], "texture": "#0", "cullface": "north"},
				"down": {"uv": [8, 12, 16, 13], "rotation": 180, "texture": "#0", "cullface": "north"}
			}
		},
		{
			"from": [11.5, 8, -2.5],
			"to": [12, 8, 1],
			"rotation": {"angle": 0, "axis": "x", "origin": [15, 8, -1]},
			"faces": {
				"north": {"uv": [0, 0, 1, 0], "rotation": 180, "texture": "#missing"},
				"east": {"uv": [0, 0, 0, 4], "rotation": 90, "texture": "#missing"},
				"south": {"uv": [0, 0, 1, 0], "texture": "#missing"},
				"west": {"uv": [0, 0, 0, 4], "rotation": 270, "texture": "#missing"},
				"up": {"uv": [14, 5, 15, 12], "texture": "#0", "cullface": "north"},
				"down": {"uv": [14, 5, 15, 12], "rotation": 180, "texture": "#0", "cullface": "north"}
			}
		},
		{
			"from": [11, 8, 0],
			"to": [11.5, 8, 1],
			"rotation": {"angle": 0, "axis": "x", "origin": [15, 8, -1]},
			"faces": {
				"north": {"uv": [0, 0, 1, 0], "rotation": 180, "texture": "#missing"},
				"east": {"uv": [0, 0, 0, 4], "rotation": 90, "texture": "#missing"},
				"south": {"uv": [0, 0, 1, 0], "texture": "#missing"},
				"west": {"uv": [0, 0, 0, 4], "rotation": 270, "texture": "#missing"},
				"up": {"uv": [15, 10, 16, 12], "texture": "#0", "cullface": "north"},
				"down": {"uv": [15, 10, 16, 12], "rotation": 180, "texture": "#0", "cullface": "north"}
			}
		},
		{
			"from": [11.5, 8, 1.5],
			"to": [14.5, 8, 2],
			"rotation": {"angle": 0, "axis": "x", "origin": [15, 8, -1]},
			"faces": {
				"north": {"uv": [0, 0, 4, 0], "rotation": 180, "texture": "#missing"},
				"east": {"uv": [0, 0, 0, 1], "rotation": 90, "texture": "#missing"},
				"south": {"uv": [0, 0, 4, 0], "texture": "#missing"},
				"west": {"uv": [0, 0, 0, 1], "rotation": 270, "texture": "#missing"},
				"up": {"uv": [15, 13, 9, 14], "texture": "#0", "cullface": "north"},
				"down": {"uv": [9, 13, 15, 14], "rotation": 180, "texture": "#0", "cullface": "north"}
			}
		},
		{
			"from": [12, 8, 2],
			"to": [14, 8, 2.5],
			"rotation": {"angle": 0, "axis": "x", "origin": [15, 8, -1]},
			"faces": {
				"north": {"uv": [0, 0, 4, 0], "rotation": 180, "texture": "#missing"},
				"east": {"uv": [0, 0, 0, 1], "rotation": 90, "texture": "#missing"},
				"south": {"uv": [0, 0, 4, 0], "texture": "#missing"},
				"west": {"uv": [0, 0, 0, 1], "rotation": 270, "texture": "#missing"},
				"up": {"uv": [10, 14, 14, 15], "texture": "#0", "cullface": "north"},
				"down": {"uv": [10, 14, 14, 15], "rotation": 180, "texture": "#0", "cullface": "north"}
			}
		},
		{
			"from": [12, 8, -3.5],
			"to": [18, 8, -3],
			"rotation": {"angle": 0, "axis": "x", "origin": [15, 8, -1]},
			"faces": {
				"north": {"uv": [0, 0, 12, 0], "rotation": 180, "texture": "#missing"},
				"east": {"uv": [0, 0, 0, 1], "rotation": 90, "texture": "#missing"},
				"south": {"uv": [0, 0, 12, 0], "texture": "#missing"},
				"west": {"uv": [0, 0, 0, 1], "rotation": 270, "texture": "#missing"},
				"up": {"uv": [13, 3, 1, 4], "texture": "#0", "cullface": "north"},
				"down": {"uv": [1, 3, 13, 4], "rotation": 180, "texture": "#0", "cullface": "north"}
			}
		},
		{
			"from": [13.5, 8, -4],
			"to": [18, 8, -3.5],
			"rotation": {"angle": 0, "axis": "x", "origin": [15, 8, -1]},
			"faces": {
				"north": {"uv": [0, 0, 10, 0], "rotation": 180, "texture": "#missing"},
				"east": {"uv": [0, 0, 0, 1], "rotation": 90, "texture": "#missing"},
				"south": {"uv": [0, 0, 10, 0], "texture": "#missing"},
				"west": {"uv": [0, 0, 0, 1], "rotation": 270, "texture": "#missing"},
				"up": {"uv": [10, 2, 1, 3], "texture": "#0", "cullface": "north"},
				"down": {"uv": [1, 2, 10, 3], "rotation": 180, "texture": "#0", "cullface": "north"}
			}
		},
		{
			"from": [15.5, 8, -4.5],
			"to": [18, 8, -4],
			"rotation": {"angle": 0, "axis": "x", "origin": [15, 8, -1]},
			"faces": {
				"north": {"uv": [0, 0, 7, 0], "rotation": 180, "texture": "#missing"},
				"east": {"uv": [0, 0, 0, 1], "rotation": 90, "texture": "#missing"},
				"south": {"uv": [0, 0, 7, 0], "texture": "#missing"},
				"west": {"uv": [0, 0, 0, 1], "rotation": 270, "texture": "#missing"},
				"up": {"uv": [2, 1, 7, 2], "texture": "#0", "cullface": "north"},
				"down": {"uv": [2, 1, 7, 2], "rotation": 180, "texture": "#0", "cullface": "north"}
			}
		},
		{
			"from": [18.5, 8, -3],
			"to": [19, 8, 0.5],
			"rotation": {"angle": 0, "axis": "x", "origin": [15, 8, -1]},
			"faces": {
				"north": {"uv": [0, 0, 1, 0], "rotation": 180, "texture": "#missing"},
				"east": {"uv": [0, 0, 0, 5], "rotation": 90, "texture": "#missing"},
				"south": {"uv": [0, 0, 1, 0], "texture": "#missing"},
				"west": {"uv": [0, 0, 0, 5], "rotation": 270, "texture": "#missing"},
				"up": {"uv": [0, 4, 1, 11], "texture": "#0", "cullface": "north"},
				"down": {"uv": [0, 4, 1, 11], "rotation": 180, "texture": "#0", "cullface": "north"}
			}
		},
		{
			"from": [15, 4, -3],
			"to": [15, 4.5, 0.5],
			"rotation": {"angle": 0, "axis": "x", "origin": [15, 8, -1]},
			"faces": {
				"north": {"uv": [0, 0, 1, 0], "rotation": 90, "texture": "#missing"},
				"east": {"uv": [0, 4, 1, 11], "rotation": 90, "texture": "#0", "cullface": "north"},
				"south": {"uv": [0, 0, 1, 0], "rotation": 90, "texture": "#missing"},
				"west": {"uv": [0, 4, 1, 11], "rotation": 270, "texture": "#0", "cullface": "north"},
				"up": {"uv": [0, 0, 0, 5], "texture": "#missing"},
				"down": {"uv": [0, 0, 0, 5], "rotation": 180, "texture": "#missing"}
			}
		},
		{
			"from": [15, 5, -4.5],
			"to": [15, 7.5, -4],
			"rotation": {"angle": 0, "axis": "x", "origin": [15, 8, -1]},
			"faces": {
				"north": {"uv": [0, 0, 7, 0], "rotation": 90, "texture": "#missing"},
				"east": {"uv": [2, 1, 7, 2], "rotation": 90, "texture": "#0", "cullface": "north"},
				"south": {"uv": [0, 0, 7, 0], "rotation": 90, "texture": "#missing"},
				"west": {"uv": [2, 1, 7, 2], "rotation": 270, "texture": "#0", "cullface": "north"},
				"up": {"uv": [0, 0, 0, 1], "texture": "#missing"},
				"down": {"uv": [0, 0, 0, 1], "rotation": 180, "texture": "#missing"}
			}
		},
		{
			"from": [15, 5, -4],
			"to": [15, 9.5, -3.5],
			"rotation": {"angle": 0, "axis": "x", "origin": [15, 8, -1]},
			"faces": {
				"north": {"uv": [0, 0, 10, 0], "rotation": 90, "texture": "#missing"},
				"east": {"uv": [10, 2, 1, 3], "rotation": 90, "texture": "#0", "cullface": "north"},
				"south": {"uv": [0, 0, 10, 0], "rotation": 90, "texture": "#missing"},
				"west": {"uv": [1, 2, 10, 3], "rotation": 270, "texture": "#0", "cullface": "north"},
				"up": {"uv": [0, 0, 0, 1], "texture": "#missing"},
				"down": {"uv": [0, 0, 0, 1], "rotation": 180, "texture": "#missing"}
			}
		},
		{
			"from": [15, 5, -3.5],
			"to": [15, 11, -3],
			"rotation": {"angle": 0, "axis": "x", "origin": [15, 8, -1]},
			"faces": {
				"north": {"uv": [0, 0, 12, 0], "rotation": 90, "texture": "#missing"},
				"east": {"uv": [13, 3, 1, 4], "rotation": 90, "texture": "#0", "cullface": "north"},
				"south": {"uv": [0, 0, 12, 0], "rotation": 90, "texture": "#missing"},
				"west": {"uv": [1, 3, 13, 4], "rotation": 270, "texture": "#0", "cullface": "north"},
				"up": {"uv": [0, 0, 0, 1], "texture": "#missing"},
				"down": {"uv": [0, 0, 0, 1], "rotation": 180, "texture": "#missing"}
			}
		},
		{
			"from": [15, 9, 2],
			"to": [15, 11, 2.5],
			"rotation": {"angle": 0, "axis": "x", "origin": [15, 8, -1]},
			"faces": {
				"north": {"uv": [0, 0, 4, 0], "rotation": 90, "texture": "#missing"},
				"east": {"uv": [10, 14, 14, 15], "rotation": 90, "texture": "#0", "cullface": "north"},
				"south": {"uv": [0, 0, 4, 0], "rotation": 90, "texture": "#missing"},
				"west": {"uv": [10, 14, 14, 15], "rotation": 270, "texture": "#0", "cullface": "north"},
				"up": {"uv": [0, 0, 0, 1], "texture": "#missing"},
				"down": {"uv": [0, 0, 0, 1], "rotation": 180, "texture": "#missing"}
			}
		},
		{
			"from": [15, 8.5, 1.5],
			"to": [15, 11.5, 2],
			"rotation": {"angle": 0, "axis": "x", "origin": [15, 8, -1]},
			"faces": {
				"north": {"uv": [0, 0, 4, 0], "rotation": 90, "texture": "#missing"},
				"east": {"uv": [15, 13, 9, 14], "rotation": 90, "texture": "#0", "cullface": "north"},
				"south": {"uv": [0, 0, 4, 0], "rotation": 90, "texture": "#missing"},
				"west": {"uv": [9, 13, 15, 14], "rotation": 270, "texture": "#0", "cullface": "north"},
				"up": {"uv": [0, 0, 0, 1], "texture": "#missing"},
				"down": {"uv": [0, 0, 0, 1], "rotation": 180, "texture": "#missing"}
			}
		},
		{
			"from": [15, 11.5, 0],
			"to": [15, 12, 1],
			"rotation": {"angle": 0, "axis": "x", "origin": [15, 8, -1]},
			"faces": {
				"north": {"uv": [0, 0, 1, 0], "rotation": 90, "texture": "#missing"},
				"east": {"uv": [15, 10, 16, 12], "rotation": 90, "texture": "#0", "cullface": "north"},
				"south": {"uv": [0, 0, 1, 0], "rotation": 90, "texture": "#missing"},
				"west": {"uv": [15, 10, 16, 12], "rotation": 270, "texture": "#0", "cullface": "north"},
				"up": {"uv": [0, 0, 0, 4], "texture": "#missing"},
				"down": {"uv": [0, 0, 0, 4], "rotation": 180, "texture": "#missing"}
			}
		},
		{
			"from": [15, 11, -2.5],
			"to": [15, 11.5, 1],
			"rotation": {"angle": 0, "axis": "x", "origin": [15, 8, -1]},
			"faces": {
				"north": {"uv": [0, 0, 1, 0], "rotation": 90, "texture": "#missing"},
				"east": {"uv": [14, 5, 15, 12], "rotation": 90, "texture": "#0", "cullface": "north"},
				"south": {"uv": [0, 0, 1, 0], "rotation": 90, "texture": "#missing"},
				"west": {"uv": [14, 5, 15, 12], "rotation": 270, "texture": "#0", "cullface": "north"},
				"up": {"uv": [0, 0, 0, 4], "texture": "#missing"},
				"down": {"uv": [0, 0, 0, 4], "rotation": 180, "texture": "#missing"}
			}
		},
		{
			"from": [15, 8, 1],
			"to": [15, 12, 1.5],
			"rotation": {"angle": 0, "axis": "x", "origin": [15, 8, -1]},
			"faces": {
				"north": {"uv": [0, 0, 6, 0], "rotation": 90, "texture": "#missing"},
				"east": {"uv": [16, 12, 8, 13], "rotation": 90, "texture": "#0", "cullface": "north"},
				"south": {"uv": [0, 0, 6, 0], "rotation": 90, "texture": "#missing"},
				"west": {"uv": [8, 12, 16, 13], "rotation": 270, "texture": "#0", "cullface": "north"},
				"up": {"uv": [0, 0, 0, 1], "texture": "#missing"},
				"down": {"uv": [0, 0, 0, 1], "rotation": 180, "texture": "#missing"}
			}
		},
		{
			"from": [15, 5, 1],
			"to": [15, 7, 1.5],
			"rotation": {"angle": 0, "axis": "x", "origin": [15, 8, -1]},
			"faces": {
				"north": {"uv": [0, 0, 5, 0], "rotation": 90, "texture": "#missing"},
				"east": {"uv": [6, 12, 2, 13], "rotation": 90, "texture": "#0", "cullface": "north"},
				"south": {"uv": [0, 0, 5, 0], "rotation": 90, "texture": "#missing"},
				"west": {"uv": [2, 12, 6, 13], "rotation": 270, "texture": "#0", "cullface": "north"},
				"up": {"uv": [0, 0, 0, 1], "texture": "#missing"},
				"down": {"uv": [0, 0, 0, 1], "rotation": 180, "texture": "#missing"}
			}
		},
		{
			"from": [15, 4.5, -3],
			"to": [15, 11, 1],
			"rotation": {"angle": 0, "axis": "x", "origin": [15, 8, -1]},
			"faces": {
				"north": {"uv": [0, 0, 13, 0], "rotation": 90, "texture": "#missing"},
				"east": {"uv": [14, 4, 1, 12], "rotation": 90, "texture": "#0", "cullface": "north"},
				"south": {"uv": [0, 0, 13, 0], "rotation": 90, "texture": "#missing"},
				"west": {"uv": [1, 4, 14, 12], "rotation": 270, "texture": "#0", "cullface": "north"},
				"up": {"uv": [0, 0, 0, 8], "texture": "#missing"},
				"down": {"uv": [0, 0, 0, 8], "rotation": 180, "texture": "#missing"}
			}
		},
		{
			"from": [7, 4, 15],
			"to": [13.5, 4, 19],
			"rotation": {"angle": -22.5, "axis": "x", "origin": [10, 4, 17]},
			"faces": {
				"north": {"uv": [0, 0, 13, 0], "rotation": 180, "texture": "#missing"},
				"east": {"uv": [0, 0, 0, 8], "rotation": 270, "texture": "#missing"},
				"south": {"uv": [0, 0, 13, 0], "texture": "#missing"},
				"west": {"uv": [0, 0, 0, 8], "rotation": 90, "texture": "#missing"},
				"up": {"uv": [1, 4, 14, 12], "rotation": 180, "texture": "#0", "cullface": "south"},
				"down": {"uv": [14, 4, 1, 12], "texture": "#0", "cullface": "south"}
			}
		},
		{
			"from": [11, 4, 14.5],
			"to": [13, 4, 15],
			"rotation": {"angle": -22.5, "axis": "x", "origin": [10, 4, 17]},
			"faces": {
				"north": {"uv": [0, 0, 5, 0], "rotation": 180, "texture": "#missing"},
				"east": {"uv": [0, 0, 0, 1], "rotation": 270, "texture": "#missing"},
				"south": {"uv": [0, 0, 5, 0], "texture": "#missing"},
				"west": {"uv": [0, 0, 0, 1], "rotation": 90, "texture": "#missing"},
				"up": {"uv": [2, 12, 6, 13], "rotation": 180, "texture": "#0", "cullface": "south"},
				"down": {"uv": [6, 12, 2, 13], "texture": "#0", "cullface": "south"}
			}
		},
		{
			"from": [6, 4, 14.5],
			"to": [10, 4, 15],
			"rotation": {"angle": -22.5, "axis": "x", "origin": [10, 4, 17]},
			"faces": {
				"north": {"uv": [0, 0, 6, 0], "rotation": 180, "texture": "#missing"},
				"east": {"uv": [0, 0, 0, 1], "rotation": 270, "texture": "#missing"},
				"south": {"uv": [0, 0, 6, 0], "texture": "#missing"},
				"west": {"uv": [0, 0, 0, 1], "rotation": 90, "texture": "#missing"},
				"up": {"uv": [8, 12, 16, 13], "rotation": 180, "texture": "#0", "cullface": "south"},
				"down": {"uv": [16, 12, 8, 13], "texture": "#0", "cullface": "south"}
			}
		},
		{
			"from": [6.5, 4, 15],
			"to": [7, 4, 18.5],
			"rotation": {"angle": -22.5, "axis": "x", "origin": [10, 4, 17]},
			"faces": {
				"north": {"uv": [0, 0, 1, 0], "rotation": 180, "texture": "#missing"},
				"east": {"uv": [0, 0, 0, 4], "rotation": 270, "texture": "#missing"},
				"south": {"uv": [0, 0, 1, 0], "texture": "#missing"},
				"west": {"uv": [0, 0, 0, 4], "rotation": 90, "texture": "#missing"},
				"up": {"uv": [14, 5, 15, 12], "rotation": 180, "texture": "#0", "cullface": "south"},
				"down": {"uv": [14, 5, 15, 12], "texture": "#0", "cullface": "south"}
			}
		},
		{
			"from": [6, 4, 15],
			"to": [6.5, 4, 16],
			"rotation": {"angle": -22.5, "axis": "x", "origin": [10, 4, 17]},
			"faces": {
				"north": {"uv": [0, 0, 1, 0], "rotation": 180, "texture": "#missing"},
				"east": {"uv": [0, 0, 0, 4], "rotation": 270, "texture": "#missing"},
				"south": {"uv": [0, 0, 1, 0], "texture": "#missing"},
				"west": {"uv": [0, 0, 0, 4], "rotation": 90, "texture": "#missing"},
				"up": {"uv": [15, 10, 16, 12], "rotation": 180, "texture": "#0", "cullface": "south"},
				"down": {"uv": [15, 10, 16, 12], "texture": "#0", "cullface": "south"}
			}
		},
		{
			"from": [6.5, 4, 14],
			"to": [9.5, 4, 14.5],
			"rotation": {"angle": -22.5, "axis": "x", "origin": [10, 4, 17]},
			"faces": {
				"north": {"uv": [0, 0, 4, 0], "rotation": 180, "texture": "#missing"},
				"east": {"uv": [0, 0, 0, 1], "rotation": 270, "texture": "#missing"},
				"south": {"uv": [0, 0, 4, 0], "texture": "#missing"},
				"west": {"uv": [0, 0, 0, 1], "rotation": 90, "texture": "#missing"},
				"up": {"uv": [9, 13, 15, 14], "rotation": 180, "texture": "#0", "cullface": "south"},
				"down": {"uv": [15, 13, 9, 14], "texture": "#0", "cullface": "south"}
			}
		},
		{
			"from": [7, 4, 13.5],
			"to": [9, 4, 14],
			"rotation": {"angle": -22.5, "axis": "x", "origin": [10, 4, 17]},
			"faces": {
				"north": {"uv": [0, 0, 4, 0], "rotation": 180, "texture": "#missing"},
				"east": {"uv": [0, 0, 0, 1], "rotation": 270, "texture": "#missing"},
				"south": {"uv": [0, 0, 4, 0], "texture": "#missing"},
				"west": {"uv": [0, 0, 0, 1], "rotation": 90, "texture": "#missing"},
				"up": {"uv": [10, 14, 14, 15], "rotation": 180, "texture": "#0", "cullface": "south"},
				"down": {"uv": [10, 14, 14, 15], "texture": "#0", "cullface": "south"}
			}
		},
		{
			"from": [7, 4, 19],
			"to": [13, 4, 19.5],
			"rotation": {"angle": -22.5, "axis": "x", "origin": [10, 4, 17]},
			"faces": {
				"north": {"uv": [0, 0, 12, 0], "rotation": 180, "texture": "#missing"},
				"east": {"uv": [0, 0, 0, 1], "rotation": 270, "texture": "#missing"},
				"south": {"uv": [0, 0, 12, 0], "texture": "#missing"},
				"west": {"uv": [0, 0, 0, 1], "rotation": 90, "texture": "#missing"},
				"up": {"uv": [1, 3, 13, 4], "rotation": 180, "texture": "#0", "cullface": "south"},
				"down": {"uv": [13, 3, 1, 4], "texture": "#0", "cullface": "south"}
			}
		},
		{
			"from": [8.5, 4, 19.5],
			"to": [13, 4, 20],
			"rotation": {"angle": -22.5, "axis": "x", "origin": [10, 4, 17]},
			"faces": {
				"north": {"uv": [0, 0, 10, 0], "rotation": 180, "texture": "#missing"},
				"east": {"uv": [0, 0, 0, 1], "rotation": 270, "texture": "#missing"},
				"south": {"uv": [0, 0, 10, 0], "texture": "#missing"},
				"west": {"uv": [0, 0, 0, 1], "rotation": 90, "texture": "#missing"},
				"up": {"uv": [1, 2, 10, 3], "rotation": 180, "texture": "#0", "cullface": "south"},
				"down": {"uv": [10, 2, 1, 3], "texture": "#0", "cullface": "south"}
			}
		},
		{
			"from": [10.5, 4, 20],
			"to": [13, 4, 20.5],
			"rotation": {"angle": -22.5, "axis": "x", "origin": [10, 4, 17]},
			"faces": {
				"north": {"uv": [0, 0, 7, 0], "rotation": 180, "texture": "#missing"},
				"east": {"uv": [0, 0, 0, 1], "rotation": 270, "texture": "#missing"},
				"south": {"uv": [0, 0, 7, 0], "texture": "#missing"},
				"west": {"uv": [0, 0, 0, 1], "rotation": 90, "texture": "#missing"},
				"up": {"uv": [2, 1, 7, 2], "rotation": 180, "texture": "#0", "cullface": "south"},
				"down": {"uv": [2, 1, 7, 2], "texture": "#0", "cullface": "south"}
			}
		},
		{
			"from": [13.5, 4, 15.5],
			"to": [14, 4, 19],
			"rotation": {"angle": -22.5, "axis": "x", "origin": [10, 4, 17]},
			"faces": {
				"north": {"uv": [0, 0, 1, 0], "rotation": 180, "texture": "#missing"},
				"east": {"uv": [0, 0, 0, 5], "rotation": 270, "texture": "#missing"},
				"south": {"uv": [0, 0, 1, 0], "texture": "#missing"},
				"west": {"uv": [0, 0, 0, 5], "rotation": 90, "texture": "#missing"},
				"up": {"uv": [0, 4, 1, 11], "rotation": 180, "texture": "#0", "cullface": "south"},
				"down": {"uv": [0, 4, 1, 11], "texture": "#0", "cullface": "south"}
			}
		},
		{
			"from": [10, 7.5, 15.5],
			"to": [10, 8, 19],
			"rotation": {"angle": -22.5, "axis": "x", "origin": [10, 4, 17]},
			"faces": {
				"north": {"uv": [0, 0, 1, 0], "rotation": 270, "texture": "#missing"},
				"east": {"uv": [0, 4, 1, 11], "rotation": 270, "texture": "#0", "cullface": "south"},
				"south": {"uv": [0, 0, 1, 0], "rotation": 270, "texture": "#missing"},
				"west": {"uv": [0, 4, 1, 11], "rotation": 90, "texture": "#0", "cullface": "south"},
				"up": {"uv": [0, 0, 0, 5], "rotation": 180, "texture": "#missing"},
				"down": {"uv": [0, 0, 0, 5], "texture": "#missing"}
			}
		},
		{
			"from": [10, 4.5, 20],
			"to": [10, 7, 20.5],
			"rotation": {"angle": -22.5, "axis": "x", "origin": [10, 4, 17]},
			"faces": {
				"north": {"uv": [0, 0, 7, 0], "rotation": 270, "texture": "#missing"},
				"east": {"uv": [2, 1, 7, 2], "rotation": 270, "texture": "#0", "cullface": "south"},
				"south": {"uv": [0, 0, 7, 0], "rotation": 270, "texture": "#missing"},
				"west": {"uv": [2, 1, 7, 2], "rotation": 90, "texture": "#0", "cullface": "south"},
				"up": {"uv": [0, 0, 0, 1], "rotation": 180, "texture": "#missing"},
				"down": {"uv": [0, 0, 0, 1], "texture": "#missing"}
			}
		},
		{
			"from": [10, 2.5, 19.5],
			"to": [10, 7, 20],
			"rotation": {"angle": -22.5, "axis": "x", "origin": [10, 4, 17]},
			"faces": {
				"north": {"uv": [0, 0, 10, 0], "rotation": 270, "texture": "#missing"},
				"east": {"uv": [10, 2, 1, 3], "rotation": 270, "texture": "#0", "cullface": "south"},
				"south": {"uv": [0, 0, 10, 0], "rotation": 270, "texture": "#missing"},
				"west": {"uv": [1, 2, 10, 3], "rotation": 90, "texture": "#0", "cullface": "south"},
				"up": {"uv": [0, 0, 0, 1], "rotation": 180, "texture": "#missing"},
				"down": {"uv": [0, 0, 0, 1], "texture": "#missing"}
			}
		},
		{
			"from": [10, 1, 19],
			"to": [10, 7, 19.5],
			"rotation": {"angle": -22.5, "axis": "x", "origin": [10, 4, 17]},
			"faces": {
				"north": {"uv": [0, 0, 12, 0], "rotation": 270, "texture": "#missing"},
				"east": {"uv": [13, 3, 1, 4], "rotation": 270, "texture": "#0", "cullface": "south"},
				"south": {"uv": [0, 0, 12, 0], "rotation": 270, "texture": "#missing"},
				"west": {"uv": [1, 3, 13, 4], "rotation": 90, "texture": "#0", "cullface": "south"},
				"up": {"uv": [0, 0, 0, 1], "rotation": 180, "texture": "#missing"},
				"down": {"uv": [0, 0, 0, 1], "texture": "#missing"}
			}
		},
		{
			"from": [10, 1, 13.5],
			"to": [10, 3, 14],
			"rotation": {"angle": -22.5, "axis": "x", "origin": [10, 4, 17]},
			"faces": {
				"north": {"uv": [0, 0, 4, 0], "rotation": 270, "texture": "#missing"},
				"east": {"uv": [10, 14, 14, 15], "rotation": 270, "texture": "#0", "cullface": "south"},
				"south": {"uv": [0, 0, 4, 0], "rotation": 270, "texture": "#missing"},
				"west": {"uv": [10, 14, 14, 15], "rotation": 90, "texture": "#0", "cullface": "south"},
				"up": {"uv": [0, 0, 0, 1], "rotation": 180, "texture": "#missing"},
				"down": {"uv": [0, 0, 0, 1], "texture": "#missing"}
			}
		},
		{
			"from": [10, 0.5, 14],
			"to": [10, 3.5, 14.5],
			"rotation": {"angle": -22.5, "axis": "x", "origin": [10, 4, 17]},
			"faces": {
				"north": {"uv": [0, 0, 4, 0], "rotation": 270, "texture": "#missing"},
				"east": {"uv": [15, 13, 9, 14], "rotation": 270, "texture": "#0", "cullface": "south"},
				"south": {"uv": [0, 0, 4, 0], "rotation": 270, "texture": "#missing"},
				"west": {"uv": [9, 13, 15, 14], "rotation": 90, "texture": "#0", "cullface": "south"},
				"up": {"uv": [0, 0, 0, 1], "rotation": 180, "texture": "#missing"},
				"down": {"uv": [0, 0, 0, 1], "texture": "#missing"}
			}
		},
		{
			"from": [10, 0, 15],
			"to": [10, 0.5, 16],
			"rotation": {"angle": -22.5, "axis": "x", "origin": [10, 4, 17]},
			"faces": {
				"north": {"uv": [0, 0, 1, 0], "rotation": 270, "texture": "#missing"},
				"east": {"uv": [15, 10, 16, 12], "rotation": 270, "texture": "#0", "cullface": "south"},
				"south": {"uv": [0, 0, 1, 0], "rotation": 270, "texture": "#missing"},
				"west": {"uv": [15, 10, 16, 12], "rotation": 90, "texture": "#0", "cullface": "south"},
				"up": {"uv": [0, 0, 0, 4], "rotation": 180, "texture": "#missing"},
				"down": {"uv": [0, 0, 0, 4], "texture": "#missing"}
			}
		},
		{
			"from": [10, 0.5, 15],
			"to": [10, 1, 18.5],
			"rotation": {"angle": -22.5, "axis": "x", "origin": [10, 4, 17]},
			"faces": {
				"north": {"uv": [0, 0, 1, 0], "rotation": 270, "texture": "#missing"},
				"east": {"uv": [14, 5, 15, 12], "rotation": 270, "texture": "#0", "cullface": "south"},
				"south": {"uv": [0, 0, 1, 0], "rotation": 270, "texture": "#missing"},
				"west": {"uv": [14, 5, 15, 12], "rotation": 90, "texture": "#0", "cullface": "south"},
				"up": {"uv": [0, 0, 0, 4], "rotation": 180, "texture": "#missing"},
				"down": {"uv": [0, 0, 0, 4], "texture": "#missing"}
			}
		},
		{
			"from": [10, 0, 14.5],
			"to": [10, 4, 15],
			"rotation": {"angle": -22.5, "axis": "x", "origin": [10, 4, 17]},
			"faces": {
				"north": {"uv": [0, 0, 6, 0], "rotation": 270, "texture": "#missing"},
				"east": {"uv": [16, 12, 8, 13], "rotation": 270, "texture": "#0", "cullface": "south"},
				"south": {"uv": [0, 0, 6, 0], "rotation": 270, "texture": "#missing"},
				"west": {"uv": [8, 12, 16, 13], "rotation": 90, "texture": "#0", "cullface": "south"},
				"up": {"uv": [0, 0, 0, 1], "rotation": 180, "texture": "#missing"},
				"down": {"uv": [0, 0, 0, 1], "texture": "#missing"}
			}
		},
		{
			"from": [10, 5, 14.5],
			"to": [10, 7, 15],
			"rotation": {"angle": -22.5, "axis": "x", "origin": [10, 4, 17]},
			"faces": {
				"north": {"uv": [0, 0, 5, 0], "rotation": 270, "texture": "#missing"},
				"east": {"uv": [6, 12, 2, 13], "rotation": 270, "texture": "#0", "cullface": "south"},
				"south": {"uv": [0, 0, 5, 0], "rotation": 270, "texture": "#missing"},
				"west": {"uv": [2, 12, 6, 13], "rotation": 90, "texture": "#0", "cullface": "south"},
				"up": {"uv": [0, 0, 0, 1], "rotation": 180, "texture": "#missing"},
				"down": {"uv": [0, 0, 0, 1], "texture": "#missing"}
			}
		},
		{
			"from": [10, 1, 15],
			"to": [10, 7.5, 19],
			"rotation": {"angle": -22.5, "axis": "x", "origin": [10, 4, 17]},
			"faces": {
				"north": {"uv": [0, 0, 13, 0], "rotation": 270, "texture": "#missing"},
				"east": {"uv": [14, 4, 1, 12], "rotation": 270, "texture": "#0", "cullface": "south"},
				"south": {"uv": [0, 0, 13, 0], "rotation": 270, "texture": "#missing"},
				"west": {"uv": [1, 4, 14, 12], "rotation": 90, "texture": "#0", "cullface": "south"},
				"up": {"uv": [0, 0, 0, 8], "rotation": 180, "texture": "#missing"},
				"down": {"uv": [0, 0, 0, 8], "texture": "#missing"}
			}
		}
	],
	"groups": [
		0,
		{
			"name": "group",
			"origin": [13, 14, -14],
			"color": 0,
			"children": [1, 2, 3, 4, 5, 6, 7, 8, 9, 10, 11, 12, 13, 14, 15, 16, 17, 18, 19, 20, 21, 22]
		},
		{
			"name": "group",
			"origin": [13, 14, -14],
			"color": 0,
			"children": [23, 24, 25, 26, 27, 28, 29, 30, 31, 32, 33, 34, 35, 36, 37, 38, 39, 40, 41, 42, 43, 44]
		},
		{
			"name": "group",
			"origin": [13, 14, -14],
			"color": 0,
			"children": [45, 46, 47, 48, 49, 50, 51, 52, 53, 54, 55, 56, 57, 58, 59, 60, 61, 62, 63, 64, 65, 66]
		}
	]
}