{
	"credit": "Made with Blockbench",
	"textures": {
		"1": "block/diamond",
		"2": "block/deepslate_diamond_ore",
		"particle": "block/deepslate_diamond_ore"
	},
	"elements": [
		{
			"from": [0, 0, 0],
			"to": [16, 16, 16],
			"faces": {
				"north": {"uv": [0, 0, 16, 16], "texture": "#2", "cullface": "north"},
				"east": {"uv": [0, 0, 16, 16], "texture": "#2", "cullface": "east"},
				"south": {"uv": [0, 0, 16, 16], "texture": "#2", "cullface": "south"},
				"west": {"uv": [0, 0, 16, 16], "texture": "#2", "cullface": "west"},
				"up": {"uv": [0, 0, 16, 16], "texture": "#2", "cullface": "up"},
				"down": {"uv": [0, 0, 16, 16], "texture": "#2", "cullface": "down"}
			}
		},
		{
			"from": [3.25, 16, 0.25],
			"to": [3.25, 18, 0.75],
			"rotation": {"angle": 22.5, "axis": "z", "origin": [3.25, 17.25, 3.25]},
			"faces": {
				"north": {"uv": [0, 0, 0, 5], "texture": "#missing"},
				"east": {"uv": [13, 7, 14, 11], "texture": "#1", "cullface": "up"},
				"south": {"uv": [0, 0, 0, 5], "texture": "#missing"},
				"west": {"uv": [2, 7, 3, 11], "texture": "#1", "cullface": "up"},
				"up": {"uv": [0, 0, 1, 0], "rotation": 270, "texture": "#missing"},
				"down": {"uv": [0, 0, 1, 0], "rotation": 90, "texture": "#missing"}
			}
		},
		{
			"from": [3.25, 16, 5.75],
			"to": [3.25, 18, 6.25],
			"rotation": {"angle": 22.5, "axis": "z", "origin": [3.25, 17.25, 3.25]},
			"faces": {
				"north": {"uv": [0, 0, 0, 5], "texture": "#missing"},
				"east": {"uv": [13, 7, 14, 11], "texture": "#1", "cullface": "up"},
				"south": {"uv": [0, 0, 0, 5], "texture": "#missing"},
				"west": {"uv": [13, 7, 14, 11], "texture": "#1", "cullface": "up"},
				"up": {"uv": [0, 0, 1, 0], "rotation": 270, "texture": "#missing"},
				"down": {"uv": [0, 0, 1, 0], "rotation": 90, "texture": "#missing"}
			}
		},
		{
			"from": [3.25, 15, 0.75],
			"to": [3.25, 19, 5.75],
			"rotation": {"angle": 22.5, "axis": "z", "origin": [3.25, 17.25, 3.25]},
			"faces": {
				"north": {"uv": [0, 0, 0, 8], "texture": "#missing"},
				"east": {"uv": [13, 5, 3, 13], "texture": "#1", "cullface": "up"},
				"south": {"uv": [0, 0, 0, 8], "texture": "#missing"},
				"west": {"uv": [3, 5, 13, 13], "texture": "#1", "cullface": "up"},
				"up": {"uv": [0, 0, 13, 0], "rotation": 270, "texture": "#missing"},
				"down": {"uv": [0, 0, 13, 0], "rotation": 90, "texture": "#missing"}
			}
		},
		{
			"from": [3.25, 19, 1.25],
			"to": [3.25, 19.5, 5.25],
			"rotation": {"angle": 22.5, "axis": "z", "origin": [3.25, 17.25, 3.25]},
			"faces": {
				"north": {"uv": [0, 0, 0, 8], "texture": "#missing"},
				"east": {"uv": [12, 4, 4, 5], "texture": "#1", "cullface": "up"},
				"south": {"uv": [0, 0, 0, 8], "texture": "#missing"},
				"west": {"uv": [4, 4, 12, 5], "texture": "#1", "cullface": "up"},
				"up": {"uv": [0, 0, 13, 0], "rotation": 270, "texture": "#missing"},
				"down": {"uv": [0, 0, 13, 0], "rotation": 90, "texture": "#missing"}
			}
		},
		{
			"from": [3.25, 14.5, 1.25],
			"to": [3.25, 15, 5.25],
			"rotation": {"angle": 22.5, "axis": "z", "origin": [3.25, 17.25, 3.25]},
			"faces": {
				"north": {"uv": [0, 0, 0, 8], "texture": "#missing"},
				"east": {"uv": [12, 13, 4, 14], "texture": "#1", "cullface": "up"},
				"south": {"uv": [0, 0, 0, 8], "texture": "#missing"},
				"west": {"uv": [4, 13, 12, 14], "texture": "#1", "cullface": "up"},
				"up": {"uv": [0, 0, 13, 0], "rotation": 270, "texture": "#missing"},
				"down": {"uv": [0, 0, 13, 0], "rotation": 90, "texture": "#missing"}
			}
		},
		{
			"from": [3.25, 19.5, 1.75],
			"to": [3.25, 20, 4.75],
			"rotation": {"angle": 22.5, "axis": "z", "origin": [3.25, 17.25, 3.25]},
			"faces": {
				"north": {"uv": [0, 0, 0, 8], "texture": "#missing"},
				"east": {"uv": [11, 3, 5, 4], "texture": "#1", "cullface": "up"},
				"south": {"uv": [0, 0, 0, 8], "texture": "#missing"},
				"west": {"uv": [5, 3, 11, 4], "texture": "#1", "cullface": "up"},
				"up": {"uv": [0, 0, 13, 0], "rotation": 270, "texture": "#missing"},
				"down": {"uv": [0, 0, 13, 0], "rotation": 90, "texture": "#missing"}
			}
		},
		{
			"from": [3.25, 14, 1.75],
			"to": [3.25, 14.5, 4.75],
			"rotation": {"angle": 22.5, "axis": "z", "origin": [3.25, 17.25, 3.25]},
			"faces": {
				"north": {"uv": [0, 0, 0, 8], "texture": "#missing"},
				"east": {"uv": [11, 14, 5, 15], "texture": "#1", "cullface": "up"},
				"south": {"uv": [0, 0, 0, 8], "texture": "#missing"},
				"west": {"uv": [5, 14, 11, 15], "texture": "#1", "cullface": "up"},
				"up": {"uv": [0, 0, 13, 0], "rotation": 270, "texture": "#missing"},
				"down": {"uv": [0, 0, 13, 0], "rotation": 90, "texture": "#missing"}
			}
		},
		{
			"from": [3.25, 20, 2.25],
			"to": [3.25, 20.5, 4.25],
			"rotation": {"angle": 22.5, "axis": "z", "origin": [3.25, 17.25, 3.25]},
			"faces": {
				"north": {"uv": [0, 0, 0, 8], "texture": "#missing"},
				"east": {"uv": [10, 2, 6, 3], "texture": "#1", "cullface": "up"},
				"south": {"uv": [0, 0, 0, 8], "texture": "#missing"},
				"west": {"uv": [6, 2, 10, 3], "texture": "#1", "cullface": "up"},
				"up": {"uv": [0, 0, 13, 0], "rotation": 270, "texture": "#missing"},
				"down": {"uv": [0, 0, 13, 0], "rotation": 90, "texture": "#missing"}
			}
		},
		{
			"from": [2.25, 20, 3.25],
			"to": [4.25, 20.5, 3.25],
			"rotation": {"angle": 22.5, "axis": "z", "origin": [3.25, 17.25, 3.25]},
			"faces": {
				"north": {"uv": [10, 2, 6, 3], "texture": "#1", "cullface": "up"},
				"east": {"uv": [0, 0, 0, 8], "texture": "#missing"},
				"south": {"uv": [6, 2, 10, 3], "texture": "#1", "cullface": "up"},
				"west": {"uv": [0, 0, 0, 8], "texture": "#missing"},
				"up": {"uv": [0, 0, 13, 0], "rotation": 180, "texture": "#missing"},
				"down": {"uv": [0, 0, 13, 0], "rotation": 180, "texture": "#missing"}
			}
		},
		{
			"from": [1.75, 14, 3.25],
			"to": [4.75, 14.5, 3.25],
			"rotation": {"angle": 22.5, "axis": "z", "origin": [3.25, 17.25, 3.25]},
			"faces": {
				"north": {"uv": [11, 14, 5, 15], "texture": "#1", "cullface": "up"},
				"east": {"uv": [0, 0, 0, 8], "texture": "#missing"},
				"south": {"uv": [5, 14, 11, 15], "texture": "#1", "cullface": "up"},
				"west": {"uv": [0, 0, 0, 8], "texture": "#missing"},
				"up": {"uv": [0, 0, 13, 0], "rotation": 180, "texture": "#missing"},
				"down": {"uv": [0, 0, 13, 0], "rotation": 180, "texture": "#missing"}
			}
		},
		{
			"from": [1.75, 19.5, 3.25],
			"to": [4.75, 20, 3.25],
			"rotation": {"angle": 22.5, "axis": "z", "origin": [3.25, 17.25, 3.25]},
			"faces": {
				"north": {"uv": [11, 3, 5, 4], "texture": "#1", "cullface": "up"},
				"east": {"uv": [0, 0, 0, 8], "texture": "#missing"},
				"south": {"uv": [5, 3, 11, 4], "texture": "#1", "cullface": "up"},
				"west": {"uv": [0, 0, 0, 8], "texture": "#missing"},
				"up": {"uv": [0, 0, 13, 0], "rotation": 180, "texture": "#missing"},
				"down": {"uv": [0, 0, 13, 0], "rotation": 180, "texture": "#missing"}
			}
		},
		{
			"from": [1.25, 14.5, 3.25],
			"to": [5.25, 15, 3.25],
			"rotation": {"angle": 22.5, "axis": "z", "origin": [3.25, 17.25, 3.25]},
			"faces": {
				"north": {"uv": [12, 13, 4, 14], "texture": "#1", "cullface": "up"},
				"east": {"uv": [0, 0, 0, 8], "texture": "#missing"},
				"south": {"uv": [4, 13, 12, 14], "texture": "#1", "cullface": "up"},
				"west": {"uv": [0, 0, 0, 8], "texture": "#missing"},
				"up": {"uv": [0, 0, 13, 0], "rotation": 180, "texture": "#missing"},
				"down": {"uv": [0, 0, 13, 0], "rotation": 180, "texture": "#missing"}
			}
		},
		{
			"from": [1.25, 19, 3.25],
			"to": [5.25, 19.5, 3.25],
			"rotation": {"angle": 22.5, "axis": "z", "origin": [3.25, 17.25, 3.25]},
			"faces": {
				"north": {"uv": [12, 4, 4, 5], "texture": "#1", "cullface": "up"},
				"east": {"uv": [0, 0, 0, 8], "texture": "#missing"},
				"south": {"uv": [4, 4, 12, 5], "texture": "#1", "cullface": "up"},
				"west": {"uv": [0, 0, 0, 8], "texture": "#missing"},
				"up": {"uv": [0, 0, 13, 0], "rotation": 180, "texture": "#missing"},
				"down": {"uv": [0, 0, 13, 0], "rotation": 180, "texture": "#missing"}
			}
		},
		{
			"from": [0.75, 15, 3.25],
			"to": [5.75, 19, 3.25],
			"rotation": {"angle": 22.5, "axis": "z", "origin": [3.25, 17.25, 3.25]},
			"faces": {
				"north": {"uv": [13, 5, 3, 13], "texture": "#1", "cullface": "up"},
				"east": {"uv": [0, 0, 0, 8], "texture": "#missing"},
				"south": {"uv": [3, 5, 13, 13], "texture": "#1", "cullface": "up"},
				"west": {"uv": [0, 0, 0, 8], "texture": "#missing"},
				"up": {"uv": [0, 0, 13, 0], "rotation": 180, "texture": "#missing"},
				"down": {"uv": [0, 0, 13, 0], "rotation": 180, "texture": "#missing"}
			}
		},
		{
			"from": [5.75, 16, 3.25],
			"to": [6.25, 18, 3.25],
			"rotation": {"angle": 22.5, "axis": "z", "origin": [3.25, 17.25, 3.25]},
			"faces": {
				"north": {"uv": [13, 7, 14, 11], "texture": "#1", "cullface": "up"},
				"east": {"uv": [0, 0, 0, 5], "texture": "#missing"},
				"south": {"uv": [13, 7, 14, 11], "texture": "#1", "cullface": "up"},
				"west": {"uv": [0, 0, 0, 5], "texture": "#missing"},
				"up": {"uv": [0, 0, 1, 0], "rotation": 180, "texture": "#missing"},
				"down": {"uv": [0, 0, 1, 0], "rotation": 180, "texture": "#missing"}
			}
		},
		{
			"from": [0.25, 16, 3.25],
			"to": [0.75, 18, 3.25],
			"rotation": {"angle": 22.5, "axis": "z", "origin": [3.25, 17.25, 3.25]},
			"faces": {
				"north": {"uv": [13, 7, 14, 11], "texture": "#1", "cullface": "up"},
				"east": {"uv": [0, 0, 0, 5], "texture": "#missing"},
				"south": {"uv": [2, 7, 3, 11], "texture": "#1", "cullface": "up"},
				"west": {"uv": [0, 0, 0, 5], "texture": "#missing"},
				"up": {"uv": [0, 0, 1, 0], "rotation": 180, "texture": "#missing"},
				"down": {"uv": [0, 0, 1, 0], "rotation": 180, "texture": "#missing"}
			}
		},
		{
			"from": [13.25, 7.75, 15],
			"to": [13.25, 8.25, 17],
			"rotation": {"angle": -22.5, "axis": "x", "origin": [13.25, 5.25, 16.25]},
			"faces": {
				"north": {"uv": [0, 0, 1, 0], "rotation": 270, "texture": "#missing"},
				"east": {"uv": [13, 7, 14, 11], "rotation": 270, "texture": "#1", "cullface": "south"},
				"south": {"uv": [0, 0, 1, 0], "rotation": 270, "texture": "#missing"},
				"west": {"uv": [2, 7, 3, 11], "rotation": 90, "texture": "#1", "cullface": "south"},
				"up": {"uv": [0, 0, 0, 5], "rotation": 180, "texture": "#missing"},
				"down": {"uv": [0, 0, 0, 5], "texture": "#missing"}
			}
		},
		{
			"from": [13.25, 2.25, 15],
			"to": [13.25, 2.75, 17],
			"rotation": {"angle": -22.5, "axis": "x", "origin": [13.25, 5.25, 16.25]},
			"faces": {
				"north": {"uv": [0, 0, 1, 0], "rotation": 270, "texture": "#missing"},
				"east": {"uv": [13, 7, 14, 11], "rotation": 270, "texture": "#1", "cullface": "south"},
				"south": {"uv": [0, 0, 1, 0], "rotation": 270, "texture": "#missing"},
				"west": {"uv": [13, 7, 14, 11], "rotation": 90, "texture": "#1", "cullface": "south"},
				"up": {"uv": [0, 0, 0, 5], "rotation": 180, "texture": "#missing"},
				"down": {"uv": [0, 0, 0, 5], "texture": "#missing"}
			}
		},
		{
			"from": [13.25, 2.75, 14],
			"to": [13.25, 7.75, 18],
			"rotation": {"angle": -22.5, "axis": "x", "origin": [13.25, 5.25, 16.25]},
			"faces": {
				"north": {"uv": [0, 0, 13, 0], "rotation": 270, "texture": "#missing"},
				"east": {"uv": [13, 5, 3, 13], "rotation": 270, "texture": "#1", "cullface": "south"},
				"south": {"uv": [0, 0, 13, 0], "rotation": 270, "texture": "#missing"},
				"west": {"uv": [3, 5, 13, 13], "rotation": 90, "texture": "#1", "cullface": "south"},
				"up": {"uv": [0, 0, 0, 8], "rotation": 180, "texture": "#missing"},
				"down": {"uv": [0, 0, 0, 8], "texture": "#missing"}
			}
		},
		{
			"from": [13.25, 3.25, 18],
			"to": [13.25, 7.25, 18.5],
			"rotation": {"angle": -22.5, "axis": "x", "origin": [13.25, 5.25, 16.25]},
			"faces": {
				"north": {"uv": [0, 0, 13, 0], "rotation": 270, "texture": "#missing"},
				"east": {"uv": [12, 4, 4, 5], "rotation": 270, "texture": "#1", "cullface": "south"},
				"south": {"uv": [0, 0, 13, 0], "rotation": 270, "texture": "#missing"},
				"west": {"uv": [4, 4, 12, 5], "rotation": 90, "texture": "#1", "cullface": "south"},
				"up": {"uv": [0, 0, 0, 8], "rotation": 180, "texture": "#missing"},
				"down": {"uv": [0, 0, 0, 8], "texture": "#missing"}
			}
		},
		{
			"from": [13.25, 3.25, 13.5],
			"to": [13.25, 7.25, 14],
			"rotation": {"angle": -22.5, "axis": "x", "origin": [13.25, 5.25, 16.25]},
			"faces": {
				"north": {"uv": [0, 0, 13, 0], "rotation": 270, "texture": "#missing"},
				"east": {"uv": [12, 13, 4, 14], "rotation": 270, "texture": "#1", "cullface": "south"},
				"south": {"uv": [0, 0, 13, 0], "rotation": 270, "texture": "#missing"},
				"west": {"uv": [4, 13, 12, 14], "rotation": 90, "texture": "#1", "cullface": "south"},
				"up": {"uv": [0, 0, 0, 8], "rotation": 180, "texture": "#missing"},
				"down": {"uv": [0, 0, 0, 8], "texture": "#missing"}
			}
		},
		{
			"from": [13.25, 3.75, 18.5],
			"to": [13.25, 6.75, 19],
			"rotation": {"angle": -22.5, "axis": "x", "origin": [13.25, 5.25, 16.25]},
			"faces": {
				"north": {"uv": [0, 0, 13, 0], "rotation": 270, "texture": "#missing"},
				"east": {"uv": [11, 3, 5, 4], "rotation": 270, "texture": "#1", "cullface": "south"},
				"south": {"uv": [0, 0, 13, 0], "rotation": 270, "texture": "#missing"},
				"west": {"uv": [5, 3, 11, 4], "rotation": 90, "texture": "#1", "cullface": "south"},
				"up": {"uv": [0, 0, 0, 8], "rotation": 180, "texture": "#missing"},
				"down": {"uv": [0, 0, 0, 8], "texture": "#missing"}
			}
		},
		{
			"from": [13.25, 3.75, 13],
			"to": [13.25, 6.75, 13.5],
			"rotation": {"angle": -22.5, "axis": "x", "origin": [13.25, 5.25, 16.25]},
			"faces": {
				"north": {"uv": [0, 0, 13, 0], "rotation": 270, "texture": "#missing"},
				"east": {"uv": [11, 14, 5, 15], "rotation": 270, "texture": "#1", "cullface": "south"},
				"south": {"uv": [0, 0, 13, 0], "rotation": 270, "texture": "#missing"},
				"west": {"uv": [5, 14, 11, 15], "rotation": 90, "texture": "#1", "cullface": "south"},
				"up": {"uv": [0, 0, 0, 8], "rotation": 180, "texture": "#missing"},
				"down": {"uv": [0, 0, 0, 8], "texture": "#missing"}
			}
		},
		{
			"from": [13.25, 4.25, 19],
			"to": [13.25, 6.25, 19.5],
			"rotation": {"angle": -22.5, "axis": "x", "origin": [13.25, 5.25, 16.25]},
			"faces": {
				"north": {"uv": [0, 0, 13, 0], "rotation": 270, "texture": "#missing"},
				"east": {"uv": [10, 2, 6, 3], "rotation": 270, "texture": "#1", "cullface": "south"},
				"south": {"uv": [0, 0, 13, 0], "rotation": 270, "texture": "#missing"},
				"west": {"uv": [6, 2, 10, 3], "rotation": 90, "texture": "#1", "cullface": "south"},
				"up": {"uv": [0, 0, 0, 8], "rotation": 180, "texture": "#missing"},
				"down": {"uv": [0, 0, 0, 8], "texture": "#missing"}
			}
		},
		{
			"from": [12.25, 5.25, 19],
			"to": [14.25, 5.25, 19.5],
			"rotation": {"angle": -22.5, "axis": "x", "origin": [13.25, 5.25, 16.25]},
			"faces": {
				"north": {"uv": [0, 0, 13, 0], "texture": "#missing"},
				"east": {"uv": [0, 0, 0, 8], "rotation": 270, "texture": "#missing"},
				"south": {"uv": [0, 0, 13, 0], "rotation": 180, "texture": "#missing"},
				"west": {"uv": [0, 0, 0, 8], "rotation": 90, "texture": "#missing"},
				"up": {"uv": [10, 2, 6, 3], "rotation": 180, "texture": "#1", "cullface": "south"},
				"down": {"uv": [6, 2, 10, 3], "texture": "#1", "cullface": "south"}
			}
		},
		{
			"from": [11.75, 5.25, 13.1],
			"to": [14.75, 5.25, 13.6],
			"rotation": {"angle": -22.5, "axis": "x", "origin": [13.25, 5.25, 16.35]},
			"faces": {
				"north": {"uv": [0, 0, 13, 0], "texture": "#missing"},
				"east": {"uv": [0, 0, 0, 8], "rotation": 270, "texture": "#missing"},
				"south": {"uv": [0, 0, 13, 0], "rotation": 180, "texture": "#missing"},
				"west": {"uv": [0, 0, 0, 8], "rotation": 90, "texture": "#missing"},
				"up": {"uv": [11, 14, 5, 15], "rotation": 180, "texture": "#1", "cullface": "south"},
				"down": {"uv": [5, 14, 11, 15], "texture": "#1", "cullface": "south"}
			}
		},
		{
			"from": [11.75, 5.25, 18.5],
			"to": [14.75, 5.25, 19],
			"rotation": {"angle": -22.5, "axis": "x", "origin": [13.25, 5.25, 16.25]},
			"faces": {
				"north": {"uv": [0, 0, 13, 0], "texture": "#missing"},
				"east": {"uv": [0, 0, 0, 8], "rotation": 270, "texture": "#missing"},
				"south": {"uv": [0, 0, 13, 0], "rotation": 180, "texture": "#missing"},
				"west": {"uv": [0, 0, 0, 8], "rotation": 90, "texture": "#missing"},
				"up": {"uv": [11, 3, 5, 4], "rotation": 180, "texture": "#1", "cullface": "south"},
				"down": {"uv": [5, 3, 11, 4], "texture": "#1", "cullface": "south"}
			}
		},
		{
			"from": [11.25, 5.25, 13.6],
			"to": [15.25, 5.25, 14.1],
			"rotation": {"angle": -22.5, "axis": "x", "origin": [13.25, 5.25, 16.35]},
			"faces": {
				"north": {"uv": [0, 0, 13, 0], "texture": "#missing"},
				"east": {"uv": [0, 0, 0, 8], "rotation": 270, "texture": "#missing"},
				"south": {"uv": [0, 0, 13, 0], "rotation": 180, "texture": "#missing"},
				"west": {"uv": [0, 0, 0, 8], "rotation": 90, "texture": "#missing"},
				"up": {"uv": [12, 13, 4, 14], "rotation": 180, "texture": "#1", "cullface": "south"},
				"down": {"uv": [4, 13, 12, 14], "texture": "#1", "cullface": "south"}
			}
		},
		{
			"from": [11.25, 5.25, 18.1],
			"to": [15.25, 5.25, 18.6],
			"rotation": {"angle": -22.5, "axis": "x", "origin": [13.25, 5.25, 16.35]},
			"faces": {
				"north": {"uv": [0, 0, 13, 0], "texture": "#missing"},
				"east": {"uv": [0, 0, 0, 8], "rotation": 270, "texture": "#missing"},
				"south": {"uv": [0, 0, 13, 0], "rotation": 180, "texture": "#missing"},
				"west": {"uv": [0, 0, 0, 8], "rotation": 90, "texture": "#missing"},
				"up": {"uv": [12, 4, 4, 5], "rotation": 180, "texture": "#1", "cullface": "south"},
				"down": {"uv": [4, 4, 12, 5], "texture": "#1", "cullface": "south"}
			}
		},
		{
			"from": [10.75, 5.25, 14.1],
			"to": [15.75, 5.25, 18.1],
			"rotation": {"angle": -22.5, "axis": "x", "origin": [13.25, 5.25, 16.35]},
			"faces": {
				"north": {"uv": [0, 0, 13, 0], "texture": "#missing"},
				"east": {"uv": [0, 0, 0, 8], "rotation": 270, "texture": "#missing"},
				"south": {"uv": [0, 0, 13, 0], "rotation": 180, "texture": "#missing"},
				"west": {"uv": [0, 0, 0, 8], "rotation": 90, "texture": "#missing"},
				"up": {"uv": [13, 5, 3, 13], "rotation": 180, "texture": "#1", "cullface": "south"},
				"down": {"uv": [3, 5, 13, 13], "texture": "#1", "cullface": "south"}
			}
		},
		{
			"from": [15.75, 5.25, 15.1],
			"to": [16.25, 5.25, 17.1],
			"rotation": {"angle": -22.5, "axis": "x", "origin": [13.25, 5.25, 16.35]},
			"faces": {
				"north": {"uv": [0, 0, 1, 0], "texture": "#missing"},
				"east": {"uv": [0, 0, 0, 5], "rotation": 270, "texture": "#missing"},
				"south": {"uv": [0, 0, 1, 0], "rotation": 180, "texture": "#missing"},
				"west": {"uv": [0, 0, 0, 5], "rotation": 90, "texture": "#missing"},
				"up": {"uv": [13, 7, 14, 11], "rotation": 180, "texture": "#1", "cullface": "south"},
				"down": {"uv": [13, 7, 14, 11], "texture": "#1", "cullface": "south"}
			}
		},
		{
			"from": [10.25, 5.25, 15.1],
			"to": [10.75, 5.25, 17.1],
			"rotation": {"angle": -22.5, "axis": "x", "origin": [13.25, 5.25, 16.35]},
			"faces": {
				"north": {"uv": [0, 0, 1, 0], "texture": "#missing"},
				"east": {"uv": [0, 0, 0, 5], "rotation": 270, "texture": "#missing"},
				"south": {"uv": [0, 0, 1, 0], "rotation": 180, "texture": "#missing"},
				"west": {"uv": [0, 0, 0, 5], "rotation": 90, "texture": "#missing"},
				"up": {"uv": [13, 7, 14, 11], "rotation": 180, "texture": "#1", "cullface": "south"},
				"down": {"uv": [2, 7, 3, 11], "texture": "#1", "cullface": "south"}
			}
		},
		{
			"from": [9.25, 4.25, -1.5],
			"to": [9.25, 4.75, 0.5],
			"rotation": {"angle": 22.5, "axis": "x", "origin": [9.25, 7.25, -0.75]},
			"faces": {
				"north": {"uv": [0, 0, 1, 0], "rotation": 90, "texture": "#missing"},
				"east": {"uv": [13, 7, 14, 11], "rotation": 90, "texture": "#1", "cullface": "north"},
				"south": {"uv": [0, 0, 1, 0], "rotation": 90, "texture": "#missing"},
				"west": {"uv": [2, 7, 3, 11], "rotation": 270, "texture": "#1", "cullface": "north"},
				"up": {"uv": [0, 0, 0, 5], "texture": "#missing"},
				"down": {"uv": [0, 0, 0, 5], "rotation": 180, "texture": "#missing"}
			}
		},
		{
			"from": [9.25, 9.75, -1.5],
			"to": [9.25, 10.25, 0.5],
			"rotation": {"angle": 22.5, "axis": "x", "origin": [9.25, 7.25, -0.75]},
			"faces": {
				"north": {"uv": [0, 0, 1, 0], "rotation": 90, "texture": "#missing"},
				"east": {"uv": [13, 7, 14, 11], "rotation": 90, "texture": "#1", "cullface": "north"},
				"south": {"uv": [0, 0, 1, 0], "rotation": 90, "texture": "#missing"},
				"west": {"uv": [13, 7, 14, 11], "rotation": 270, "texture": "#1", "cullface": "north"},
				"up": {"uv": [0, 0, 0, 5], "texture": "#missing"},
				"down": {"uv": [0, 0, 0, 5], "rotation": 180, "texture": "#missing"}
			}
		},
		{
			"from": [9.25, 4.75, -2.5],
			"to": [9.25, 9.75, 1.5],
			"rotation": {"angle": 22.5, "axis": "x", "origin": [9.25, 7.25, -0.75]},
			"faces": {
				"north": {"uv": [0, 0, 13, 0], "rotation": 90, "texture": "#missing"},
				"east": {"uv": [13, 5, 3, 13], "rotation": 90, "texture": "#1", "cullface": "north"},
				"south": {"uv": [0, 0, 13, 0], "rotation": 90, "texture": "#missing"},
				"west": {"uv": [3, 5, 13, 13], "rotation": 270, "texture": "#1", "cullface": "north"},
				"up": {"uv": [0, 0, 0, 8], "texture": "#missing"},
				"down": {"uv": [0, 0, 0, 8], "rotation": 180, "texture": "#missing"}
			}
		},
		{
			"from": [9.25, 5.25, -3],
			"to": [9.25, 9.25, -2.5],
			"rotation": {"angle": 22.5, "axis": "x", "origin": [9.25, 7.25, -0.75]},
			"faces": {
				"north": {"uv": [0, 0, 13, 0], "rotation": 90, "texture": "#missing"},
				"east": {"uv": [12, 4, 4, 5], "rotation": 90, "texture": "#1", "cullface": "north"},
				"south": {"uv": [0, 0, 13, 0], "rotation": 90, "texture": "#missing"},
				"west": {"uv": [4, 4, 12, 5], "rotation": 270, "texture": "#1", "cullface": "north"},
				"up": {"uv": [0, 0, 0, 8], "texture": "#missing"},
				"down": {"uv": [0, 0, 0, 8], "rotation": 180, "texture": "#missing"}
			}
		},
		{
			"from": [9.25, 5.25, 1.5],
			"to": [9.25, 9.25, 2],
			"rotation": {"angle": 22.5, "axis": "x", "origin": [9.25, 7.25, -0.75]},
			"faces": {
				"north": {"uv": [0, 0, 13, 0], "rotation": 90, "texture": "#missing"},
				"east": {"uv": [12, 13, 4, 14], "rotation": 90, "texture": "#1", "cullface": "north"},
				"south": {"uv": [0, 0, 13, 0], "rotation": 90, "texture": "#missing"},
				"west": {"uv": [4, 13, 12, 14], "rotation": 270, "texture": "#1", "cullface": "north"},
				"up": {"uv": [0, 0, 0, 8], "texture": "#missing"},
				"down": {"uv": [0, 0, 0, 8], "rotation": 180, "texture": "#missing"}
			}
		},
		{
			"from": [9.25, 5.75, -3.5],
			"to": [9.25, 8.75, -3],
			"rotation": {"angle": 22.5, "axis": "x", "origin": [9.25, 7.25, -0.75]},
			"faces": {
				"north": {"uv": [0, 0, 13, 0], "rotation": 90, "texture": "#missing"},
				"east": {"uv": [11, 3, 5, 4], "rotation": 90, "texture": "#1", "cullface": "north"},
				"south": {"uv": [0, 0, 13, 0], "rotation": 90, "texture": "#missing"},
				"west": {"uv": [5, 3, 11, 4], "rotation": 270, "texture": "#1", "cullface": "north"},
				"up": {"uv": [0, 0, 0, 8], "texture": "#missing"},
				"down": {"uv": [0, 0, 0, 8], "rotation": 180, "texture": "#missing"}
			}
		},
		{
			"from": [9.25, 5.75, 2],
			"to": [9.25, 8.75, 2.5],
			"rotation": {"angle": 22.5, "axis": "x", "origin": [9.25, 7.25, -0.75]},
			"faces": {
				"north": {"uv": [0, 0, 13, 0], "rotation": 90, "texture": "#missing"},
				"east": {"uv": [11, 14, 5, 15], "rotation": 90, "texture": "#1", "cullface": "north"},
				"south": {"uv": [0, 0, 13, 0], "rotation": 90, "texture": "#missing"},
				"west": {"uv": [5, 14, 11, 15], "rotation": 270, "texture": "#1", "cullface": "north"},
				"up": {"uv": [0, 0, 0, 8], "texture": "#missing"},
				"down": {"uv": [0, 0, 0, 8], "rotation": 180, "texture": "#missing"}
			}
		},
		{
			"from": [9.25, 6.25, -4],
			"to": [9.25, 8.25, -3.5],
			"rotation": {"angle": 22.5, "axis": "x", "origin": [9.25, 7.25, -0.75]},
			"faces": {
				"north": {"uv": [0, 0, 13, 0], "rotation": 90, "texture": "#missing"},
				"east": {"uv": [10, 2, 6, 3], "rotation": 90, "texture": "#1", "cullface": "north"},
				"south": {"uv": [0, 0, 13, 0], "rotation": 90, "texture": "#missing"},
				"west": {"uv": [6, 2, 10, 3], "rotation": 270, "texture": "#1", "cullface": "north"},
				"up": {"uv": [0, 0, 0, 8], "texture": "#missing"},
				"down": {"uv": [0, 0, 0, 8], "rotation": 180, "texture": "#missing"}
			}
		},
		{
			"from": [8.25, 7.25, -4],
			"to": [10.25, 7.25, -3.5],
			"rotation": {"angle": 22.5, "axis": "x", "origin": [9.25, 7.25, -0.75]},
			"faces": {
				"north": {"uv": [0, 0, 13, 0], "texture": "#missing"},
				"east": {"uv": [0, 0, 0, 8], "rotation": 90, "texture": "#missing"},
				"south": {"uv": [0, 0, 13, 0], "rotation": 180, "texture": "#missing"},
				"west": {"uv": [0, 0, 0, 8], "rotation": 270, "texture": "#missing"},
				"up": {"uv": [6, 2, 10, 3], "texture": "#1", "cullface": "north"},
				"down": {"uv": [10, 2, 6, 3], "rotation": 180, "texture": "#1", "cullface": "north"}
			}
		},
		{
			"from": [7.75, 7.25, 2],
			"to": [10.75, 7.25, 2.5],
			"rotation": {"angle": 22.5, "axis": "x", "origin": [9.25, 7.25, -0.75]},
			"faces": {
				"north": {"uv": [0, 0, 13, 0], "texture": "#missing"},
				"east": {"uv": [0, 0, 0, 8], "rotation": 90, "texture": "#missing"},
				"south": {"uv": [0, 0, 13, 0], "rotation": 180, "texture": "#missing"},
				"west": {"uv": [0, 0, 0, 8], "rotation": 270, "texture": "#missing"},
				"up": {"uv": [5, 14, 11, 15], "texture": "#1", "cullface": "north"},
				"down": {"uv": [11, 14, 5, 15], "rotation": 180, "texture": "#1", "cullface": "north"}
			}
		},
		{
			"from": [7.75, 7.25, -3.5],
			"to": [10.75, 7.25, -3],
			"rotation": {"angle": 22.5, "axis": "x", "origin": [9.25, 7.25, -0.75]},
			"faces": {
				"north": {"uv": [0, 0, 13, 0], "texture": "#missing"},
				"east": {"uv": [0, 0, 0, 8], "rotation": 90, "texture": "#missing"},
				"south": {"uv": [0, 0, 13, 0], "rotation": 180, "texture": "#missing"},
				"west": {"uv": [0, 0, 0, 8], "rotation": 270, "texture": "#missing"},
				"up": {"uv": [5, 3, 11, 4], "texture": "#1", "cullface": "north"},
				"down": {"uv": [11, 3, 5, 4], "rotation": 180, "texture": "#1", "cullface": "north"}
			}
		},
		{
			"from": [7.25, 7.25, 1.5],
			"to": [11.25, 7.25, 2],
			"rotation": {"angle": 22.5, "axis": "x", "origin": [9.25, 7.25, -0.75]},
			"faces": {
				"north": {"uv": [0, 0, 13, 0], "texture": "#missing"},
				"east": {"uv": [0, 0, 0, 8], "rotation": 90, "texture": "#missing"},
				"south": {"uv": [0, 0, 13, 0], "rotation": 180, "texture": "#missing"},
				"west": {"uv": [0, 0, 0, 8], "rotation": 270, "texture": "#missing"},
				"up": {"uv": [4, 13, 12, 14], "texture": "#1", "cullface": "north"},
				"down": {"uv": [12, 13, 4, 14], "rotation": 180, "texture": "#1", "cullface": "north"}
			}
		},
		{
			"from": [7.25, 7.25, -3],
			"to": [11.25, 7.25, -2.5],
			"rotation": {"angle": 22.5, "axis": "x", "origin": [9.25, 7.25, -0.75]},
			"faces": {
				"north": {"uv": [0, 0, 13, 0], "texture": "#missing"},
				"east": {"uv": [0, 0, 0, 8], "rotation": 90, "texture": "#missing"},
				"south": {"uv": [0, 0, 13, 0], "rotation": 180, "texture": "#missing"},
				"west": {"uv": [0, 0, 0, 8], "rotation": 270, "texture": "#missing"},
				"up": {"uv": [4, 4, 12, 5], "texture": "#1", "cullface": "north"},
				"down": {"uv": [12, 4, 4, 5], "rotation": 180, "texture": "#1", "cullface": "north"}
			}
		},
		{
			"from": [6.75, 7.25, -2.5],
			"to": [11.75, 7.25, 1.5],
			"rotation": {"angle": 22.5, "axis": "x", "origin": [9.25, 7.25, -0.75]},
			"faces": {
				"north": {"uv": [0, 0, 13, 0], "texture": "#missing"},
				"east": {"uv": [0, 0, 0, 8], "rotation": 90, "texture": "#missing"},
				"south": {"uv": [0, 0, 13, 0], "rotation": 180, "texture": "#missing"},
				"west": {"uv": [0, 0, 0, 8], "rotation": 270, "texture": "#missing"},
				"up": {"uv": [3, 5, 13, 13], "texture": "#1", "cullface": "north"},
				"down": {"uv": [13, 5, 3, 13], "rotation": 180, "texture": "#1", "cullface": "north"}
			}
		},
		{
			"from": [11.75, 7.25, -1.5],
			"to": [12.25, 7.25, 0.5],
			"rotation": {"angle": 22.5, "axis": "x", "origin": [9.25, 7.25, -0.75]},
			"faces": {
				"north": {"uv": [0, 0, 1, 0], "texture": "#missing"},
				"east": {"uv": [0, 0, 0, 5], "rotation": 90, "texture": "#missing"},
				"south": {"uv": [0, 0, 1, 0], "rotation": 180, "texture": "#missing"},
				"west": {"uv": [0, 0, 0, 5], "rotation": 270, "texture": "#missing"},
				"up": {"uv": [13, 7, 14, 11], "texture": "#1", "cullface": "north"},
				"down": {"uv": [13, 7, 14, 11], "rotation": 180, "texture": "#1", "cullface": "north"}
			}
		},
		{
			"from": [6.25, 7.25, -1.5],
			"to": [6.75, 7.25, 0.5],
			"rotation": {"angle": 22.5, "axis": "x", "origin": [9.25, 7.25, -0.75]},
			"faces": {
				"north": {"uv": [0, 0, 1, 0], "texture": "#missing"},
				"east": {"uv": [0, 0, 0, 5], "rotation": 90, "texture": "#missing"},
				"south": {"uv": [0, 0, 1, 0], "rotation": 180, "texture": "#missing"},
				"west": {"uv": [0, 0, 0, 5], "rotation": 270, "texture": "#missing"},
				"up": {"uv": [2, 7, 3, 11], "texture": "#1", "cullface": "north"},
				"down": {"uv": [13, 7, 14, 11], "rotation": 180, "texture": "#1", "cullface": "north"}
			}
		}
	],
	"groups": [
		0,
		{
			"name": "group",
			"origin": [13, 14, -14],
			"color": 0,
			"children": [1, 2, 3, 4, 5, 6, 7, 8, 9, 10, 11, 12, 13, 14, 15, 16]
		},
		{
			"name": "group",
			"origin": [13, 14, -14],
			"color": 0,
			"children": [17, 18, 19, 20, 21, 22, 23, 24, 25, 26, 27, 28, 29, 30, 31, 32]
		},
		{
			"name": "group",
			"origin": [13, 14, -14],
			"color": 0,
			"children": [33, 34, 35, 36, 37, 38, 39, 40, 41, 42, 43, 44, 45, 46, 47, 48]
		}
	]
}