{
	"credit": "Made with Blockbench",
	"textures": {
		"0": "block/gold_ore",
		"1": "block/raw_gold",
		"particle": "block/gold_ore"
	},
	"elements": [
		{
			"from": [0, 0, 0],
			"to": [16, 16, 16],
			"faces": {
				"north": {"uv": [0, 0, 16, 16], "texture": "#0", "cullface": "north"},
				"east": {"uv": [0, 0, 16, 16], "texture": "#0", "cullface": "east"},
				"south": {"uv": [0, 0, 16, 16], "texture": "#0", "cullface": "south"},
				"west": {"uv": [0, 0, 16, 16], "texture": "#0", "cullface": "west"},
				"up": {"uv": [0, 0, 16, 16], "texture": "#0", "cullface": "up"},
				"down": {"uv": [0, 0, 16, 16], "texture": "#0", "cullface": "down"}
			}
		},
		{
			"from": [-3, 13, 4],
			"to": [3.5, 17, 4],
			"rotation": {"angle": 22.5, "axis": "z", "origin": [0.25, 15.25, 4]},
			"faces": {
				"north": {"uv": [2, 5, 15, 13], "texture": "#1", "cullface": "up"},
				"east": {"uv": [0, 0, 0, 8], "texture": "#missing"},
				"south": {"uv": [15, 5, 2, 13], "texture": "#1", "cullface": "up"},
				"west": {"uv": [0, 0, 0, 8], "texture": "#missing"},
				"up": {"uv": [0, 0, 13, 0], "texture": "#missing"},
				"down": {"uv": [0, 0, 13, 0], "texture": "#missing"}
			}
		},
		{
			"from": [0.5, 12.5, 4],
			"to": [3, 13, 4],
			"rotation": {"angle": 22.5, "axis": "z", "origin": [0.25, 15.25, 4]},
			"faces": {
				"north": {"uv": [3, 13, 8, 14], "texture": "#1", "cullface": "up"},
				"east": {"uv": [0, 0, 0, 1], "texture": "#missing"},
				"south": {"uv": [8, 13, 3, 14], "texture": "#1", "cullface": "up"},
				"west": {"uv": [0, 0, 0, 1], "texture": "#missing"},
				"up": {"uv": [0, 0, 5, 0], "texture": "#missing"},
				"down": {"uv": [0, 0, 5, 0], "texture": "#missing"}
			}
		},
		{
			"from": [-3, 12.5, 4],
			"to": [0, 13, 4],
			"rotation": {"angle": 22.5, "axis": "z", "origin": [0.25, 15.25, 4]},
			"faces": {
				"north": {"uv": [9, 13, 15, 14], "texture": "#1", "cullface": "up"},
				"east": {"uv": [0, 0, 0, 1], "texture": "#missing"},
				"south": {"uv": [15, 13, 9, 14], "texture": "#1", "cullface": "up"},
				"west": {"uv": [0, 0, 0, 1], "texture": "#missing"},
				"up": {"uv": [0, 0, 6, 0], "texture": "#missing"},
				"down": {"uv": [0, 0, 6, 0], "texture": "#missing"}
			}
		},
		{
			"from": [-3.5, 13, 4],
			"to": [-3, 15, 4],
			"rotation": {"angle": 22.5, "axis": "z", "origin": [0.25, 15.25, 4]},
			"faces": {
				"north": {"uv": [15, 9, 16, 13], "texture": "#1", "cullface": "up"},
				"east": {"uv": [0, 0, 0, 4], "texture": "#missing"},
				"south": {"uv": [15, 9, 16, 13], "texture": "#1", "cullface": "up"},
				"west": {"uv": [0, 0, 0, 4], "texture": "#missing"},
				"up": {"uv": [0, 0, 1, 0], "texture": "#missing"},
				"down": {"uv": [0, 0, 1, 0], "texture": "#missing"}
			}
		},
		{
			"from": [-2.5, 12, 4],
			"to": [-0.5, 12.5, 4],
			"rotation": {"angle": 22.5, "axis": "z", "origin": [0.25, 15.25, 4]},
			"faces": {
				"north": {"uv": [10, 14, 14, 15], "texture": "#1", "cullface": "up"},
				"east": {"uv": [0, 0, 0, 1], "texture": "#missing"},
				"south": {"uv": [10, 14, 14, 15], "texture": "#1", "cullface": "up"},
				"west": {"uv": [0, 0, 0, 1], "texture": "#missing"},
				"up": {"uv": [0, 0, 4, 0], "texture": "#missing"},
				"down": {"uv": [0, 0, 4, 0], "texture": "#missing"}
			}
		},
		{
			"from": [1, 12, 4],
			"to": [2.5, 12.5, 4],
			"rotation": {"angle": 22.5, "axis": "z", "origin": [0.25, 15.25, 4]},
			"faces": {
				"north": {"uv": [4, 14, 7, 15], "texture": "#1", "cullface": "up"},
				"east": {"uv": [0, 0, 0, 1], "texture": "#missing"},
				"south": {"uv": [4, 14, 7, 15], "texture": "#1", "cullface": "up"},
				"west": {"uv": [0, 0, 0, 1], "texture": "#missing"},
				"up": {"uv": [0, 0, 3, 0], "texture": "#missing"},
				"down": {"uv": [0, 0, 3, 0], "texture": "#missing"}
			}
		},
		{
			"from": [-3, 17, 4],
			"to": [3, 17.5, 4],
			"rotation": {"angle": 22.5, "axis": "z", "origin": [0.25, 15.25, 4]},
			"faces": {
				"north": {"uv": [3, 4, 15, 5], "texture": "#1", "cullface": "up"},
				"east": {"uv": [0, 0, 0, 1], "texture": "#missing"},
				"south": {"uv": [15, 4, 3, 5], "texture": "#1", "cullface": "up"},
				"west": {"uv": [0, 0, 0, 1], "texture": "#missing"},
				"up": {"uv": [0, 0, 12, 0], "texture": "#missing"},
				"down": {"uv": [0, 0, 12, 0], "texture": "#missing"}
			}
		},
		{
			"from": [-3, 17.5, 4],
			"to": [1, 18, 4],
			"rotation": {"angle": 22.5, "axis": "z", "origin": [0.25, 15.25, 4]},
			"faces": {
				"north": {"uv": [4, 3, 14, 4], "texture": "#1", "cullface": "up"},
				"east": {"uv": [0, 0, 0, 1], "texture": "#missing"},
				"south": {"uv": [4, 3, 14, 4], "texture": "#1", "cullface": "up"},
				"west": {"uv": [0, 0, 0, 1], "texture": "#missing"},
				"up": {"uv": [0, 0, 10, 0], "texture": "#missing"},
				"down": {"uv": [0, 0, 10, 0], "texture": "#missing"}
			}
		},
		{
			"from": [-2.5, 18, 4],
			"to": [0.5, 18.5, 4],
			"rotation": {"angle": 22.5, "axis": "z", "origin": [0.25, 15.25, 4]},
			"faces": {
				"north": {"uv": [6, 2, 13, 3], "texture": "#1", "cullface": "up"},
				"east": {"uv": [0, 0, 0, 1], "texture": "#missing"},
				"south": {"uv": [6, 2, 13, 3], "texture": "#1", "cullface": "up"},
				"west": {"uv": [0, 0, 0, 1], "texture": "#missing"},
				"up": {"uv": [0, 0, 7, 0], "texture": "#missing"},
				"down": {"uv": [0, 0, 7, 0], "texture": "#missing"}
			}
		},
		{
			"from": [3.5, 14, 4],
			"to": [4, 16.5, 4],
			"rotation": {"angle": 22.5, "axis": "z", "origin": [0.25, 15.25, 4]},
			"faces": {
				"north": {"uv": [1, 6, 2, 11], "texture": "#1", "cullface": "up"},
				"east": {"uv": [0, 0, 0, 5], "texture": "#missing"},
				"south": {"uv": [1, 6, 2, 11], "texture": "#1", "cullface": "up"},
				"west": {"uv": [0, 0, 0, 5], "texture": "#missing"},
				"up": {"uv": [0, 0, 1, 0], "texture": "#missing"},
				"down": {"uv": [0, 0, 1, 0], "texture": "#missing"}
			}
		},
		{
			"from": [0.25, 14, 0.25],
			"to": [0.25, 16.5, 0.75],
			"rotation": {"angle": 22.5, "axis": "z", "origin": [0.25, 15.25, 4]},
			"faces": {
				"north": {"uv": [0, 0, 0, 5], "texture": "#missing"},
				"east": {"uv": [1, 6, 2, 11], "texture": "#1", "cullface": "up"},
				"south": {"uv": [0, 0, 0, 5], "texture": "#missing"},
				"west": {"uv": [1, 6, 2, 11], "texture": "#1", "cullface": "up"},
				"up": {"uv": [0, 0, 1, 0], "rotation": 270, "texture": "#missing"},
				"down": {"uv": [0, 0, 1, 0], "rotation": 90, "texture": "#missing"}
			}
		},
		{
			"from": [0.25, 18, 3.75],
			"to": [0.25, 18.5, 6.75],
			"rotation": {"angle": 22.5, "axis": "z", "origin": [0.25, 15.25, 4]},
			"faces": {
				"north": {"uv": [0, 0, 0, 1], "texture": "#missing"},
				"east": {"uv": [6, 2, 13, 3], "texture": "#1", "cullface": "up"},
				"south": {"uv": [0, 0, 0, 1], "texture": "#missing"},
				"west": {"uv": [6, 2, 13, 3], "texture": "#1", "cullface": "up"},
				"up": {"uv": [0, 0, 7, 0], "rotation": 270, "texture": "#missing"},
				"down": {"uv": [0, 0, 7, 0], "rotation": 90, "texture": "#missing"}
			}
		},
		{
			"from": [0.25, 17.5, 3.25],
			"to": [0.25, 18, 7.25],
			"rotation": {"angle": 22.5, "axis": "z", "origin": [0.25, 15.25, 4]},
			"faces": {
				"north": {"uv": [0, 0, 0, 1], "texture": "#missing"},
				"east": {"uv": [4, 3, 14, 4], "texture": "#1", "cullface": "up"},
				"south": {"uv": [0, 0, 0, 1], "texture": "#missing"},
				"west": {"uv": [4, 3, 14, 4], "texture": "#1", "cullface": "up"},
				"up": {"uv": [0, 0, 10, 0], "rotation": 270, "texture": "#missing"},
				"down": {"uv": [0, 0, 10, 0], "rotation": 90, "texture": "#missing"}
			}
		},
		{
			"from": [0.25, 17, 1.25],
			"to": [0.25, 17.5, 7.25],
			"rotation": {"angle": 22.5, "axis": "z", "origin": [0.25, 15.25, 4]},
			"faces": {
				"north": {"uv": [0, 0, 0, 1], "texture": "#missing"},
				"east": {"uv": [15, 4, 3, 5], "texture": "#1", "cullface": "up"},
				"south": {"uv": [0, 0, 0, 1], "texture": "#missing"},
				"west": {"uv": [3, 4, 15, 5], "texture": "#1", "cullface": "up"},
				"up": {"uv": [0, 0, 12, 0], "rotation": 270, "texture": "#missing"},
				"down": {"uv": [0, 0, 12, 0], "rotation": 90, "texture": "#missing"}
			}
		},
		{
			"from": [0.25, 12, 1.75],
			"to": [0.25, 12.5, 3.25],
			"rotation": {"angle": 22.5, "axis": "z", "origin": [0.25, 15.25, 4]},
			"faces": {
				"north": {"uv": [0, 0, 0, 1], "texture": "#missing"},
				"east": {"uv": [4, 14, 7, 15], "texture": "#1", "cullface": "up"},
				"south": {"uv": [0, 0, 0, 1], "texture": "#missing"},
				"west": {"uv": [4, 14, 7, 15], "texture": "#1", "cullface": "up"},
				"up": {"uv": [0, 0, 3, 0], "rotation": 270, "texture": "#missing"},
				"down": {"uv": [0, 0, 3, 0], "rotation": 90, "texture": "#missing"}
			}
		},
		{
			"from": [0.25, 12, 4.75],
			"to": [0.25, 12.5, 6.75],
			"rotation": {"angle": 22.5, "axis": "z", "origin": [0.25, 15.25, 4]},
			"faces": {
				"north": {"uv": [0, 0, 0, 1], "texture": "#missing"},
				"east": {"uv": [10, 14, 14, 15], "texture": "#1", "cullface": "east"},
				"south": {"uv": [0, 0, 0, 1], "texture": "#missing"},
				"west": {"uv": [10, 14, 14, 15], "texture": "#1", "cullface": "up"},
				"up": {"uv": [0, 0, 4, 0], "rotation": 270, "texture": "#missing"},
				"down": {"uv": [0, 0, 4, 0], "rotation": 90, "texture": "#missing"}
			}
		},
		{
			"from": [0.25, 13, 7.25],
			"to": [0.25, 15, 7.75],
			"rotation": {"angle": 22.5, "axis": "z", "origin": [0.25, 15.25, 4]},
			"faces": {
				"north": {"uv": [0, 0, 0, 4], "texture": "#missing"},
				"east": {"uv": [15, 9, 16, 13], "texture": "#1", "cullface": "up"},
				"south": {"uv": [0, 0, 0, 4], "texture": "#missing"},
				"west": {"uv": [15, 9, 16, 13], "texture": "#1", "cullface": "up"},
				"up": {"uv": [0, 0, 1, 0], "rotation": 270, "texture": "#missing"},
				"down": {"uv": [0, 0, 1, 0], "rotation": 90, "texture": "#missing"}
			}
		},
		{
			"from": [0.25, 12.5, 4.25],
			"to": [0.25, 13, 7.25],
			"rotation": {"angle": 22.5, "axis": "z", "origin": [0.25, 15.25, 4]},
			"faces": {
				"north": {"uv": [0, 0, 0, 1], "texture": "#missing"},
				"east": {"uv": [15, 13, 9, 14], "texture": "#1", "cullface": "up"},
				"south": {"uv": [0, 0, 0, 1], "texture": "#missing"},
				"west": {"uv": [9, 13, 15, 14], "texture": "#1", "cullface": "up"},
				"up": {"uv": [0, 0, 6, 0], "rotation": 270, "texture": "#missing"},
				"down": {"uv": [0, 0, 6, 0], "rotation": 90, "texture": "#missing"}
			}
		},
		{
			"from": [0.25, 12.5, 1.25],
			"to": [0.25, 13, 3.75],
			"rotation": {"angle": 22.5, "axis": "z", "origin": [0.25, 15.25, 4]},
			"faces": {
				"north": {"uv": [0, 0, 0, 1], "texture": "#missing"},
				"east": {"uv": [8, 13, 3, 14], "texture": "#1", "cullface": "up"},
				"south": {"uv": [0, 0, 0, 1], "texture": "#missing"},
				"west": {"uv": [3, 13, 8, 14], "texture": "#1", "cullface": "up"},
				"up": {"uv": [0, 0, 5, 0], "rotation": 270, "texture": "#missing"},
				"down": {"uv": [0, 0, 5, 0], "rotation": 90, "texture": "#missing"}
			}
		},
		{
			"from": [0.25, 13, 0.75],
			"to": [0.25, 17, 7.25],
			"rotation": {"angle": 22.5, "axis": "z", "origin": [0.25, 15.25, 4]},
			"faces": {
				"north": {"uv": [0, 0, 0, 8], "texture": "#missing"},
				"east": {"uv": [15, 5, 2, 13], "texture": "#1", "cullface": "up"},
				"south": {"uv": [0, 0, 0, 8], "texture": "#missing"},
				"west": {"uv": [2, 5, 15, 13], "texture": "#1", "cullface": "up"},
				"up": {"uv": [0, 0, 13, 0], "rotation": 270, "texture": "#missing"},
				"down": {"uv": [0, 0, 13, 0], "rotation": 90, "texture": "#missing"}
			}
		},
		{
			"from": [7, 2.25, 13.75],
			"to": [13.5, 2.25, 17.75],
			"rotation": {"angle": -22.5, "axis": "x", "origin": [10.25, 2.25, 16]},
			"faces": {
				"north": {"uv": [0, 0, 13, 0], "rotation": 180, "texture": "#missing"},
				"east": {"uv": [0, 0, 0, 8], "rotation": 270, "texture": "#missing"},
				"south": {"uv": [0, 0, 13, 0], "texture": "#missing"},
				"west": {"uv": [0, 0, 0, 8], "rotation": 90, "texture": "#missing"},
				"up": {"uv": [2, 5, 15, 13], "rotation": 180, "texture": "#1", "cullface": "south"},
				"down": {"uv": [15, 5, 2, 13], "texture": "#1", "cullface": "south"}
			}
		},
		{
			"from": [10.5, 2.25, 13.25],
			"to": [13, 2.25, 13.75],
			"rotation": {"angle": -22.5, "axis": "x", "origin": [10.25, 2.25, 16]},
			"faces": {
				"north": {"uv": [0, 0, 5, 0], "rotation": 180, "texture": "#missing"},
				"east": {"uv": [0, 0, 0, 1], "rotation": 270, "texture": "#missing"},
				"south": {"uv": [0, 0, 5, 0], "texture": "#missing"},
				"west": {"uv": [0, 0, 0, 1], "rotation": 90, "texture": "#missing"},
				"up": {"uv": [3, 13, 8, 14], "rotation": 180, "texture": "#1", "cullface": "south"},
				"down": {"uv": [8, 13, 3, 14], "texture": "#1", "cullface": "south"}
			}
		},
		{
			"from": [7, 2.25, 13.25],
			"to": [10, 2.25, 13.75],
			"rotation": {"angle": -22.5, "axis": "x", "origin": [10.25, 2.25, 16]},
			"faces": {
				"north": {"uv": [0, 0, 6, 0], "rotation": 180, "texture": "#missing"},
				"east": {"uv": [0, 0, 0, 1], "rotation": 270, "texture": "#missing"},
				"south": {"uv": [0, 0, 6, 0], "texture": "#missing"},
				"west": {"uv": [0, 0, 0, 1], "rotation": 90, "texture": "#missing"},
				"up": {"uv": [9, 13, 15, 14], "rotation": 180, "texture": "#1", "cullface": "south"},
				"down": {"uv": [15, 13, 9, 14], "texture": "#1", "cullface": "south"}
			}
		},
		{
			"from": [6.5, 2.25, 13.75],
			"to": [7, 2.25, 15.75],
			"rotation": {"angle": -22.5, "axis": "x", "origin": [10.25, 2.25, 16]},
			"faces": {
				"north": {"uv": [0, 0, 1, 0], "rotation": 180, "texture": "#missing"},
				"east": {"uv": [0, 0, 0, 4], "rotation": 270, "texture": "#missing"},
				"south": {"uv": [0, 0, 1, 0], "texture": "#missing"},
				"west": {"uv": [0, 0, 0, 4], "rotation": 90, "texture": "#missing"},
				"up": {"uv": [15, 9, 16, 13], "rotation": 180, "texture": "#1", "cullface": "south"},
				"down": {"uv": [15, 9, 16, 13], "texture": "#1", "cullface": "south"}
			}
		},
		{
			"from": [7.5, 2.25, 12.75],
			"to": [9.5, 2.25, 13.25],
			"rotation": {"angle": -22.5, "axis": "x", "origin": [10.25, 2.25, 16]},
			"faces": {
				"north": {"uv": [0, 0, 4, 0], "rotation": 180, "texture": "#missing"},
				"east": {"uv": [0, 0, 0, 1], "rotation": 270, "texture": "#missing"},
				"south": {"uv": [0, 0, 4, 0], "texture": "#missing"},
				"west": {"uv": [0, 0, 0, 1], "rotation": 90, "texture": "#missing"},
				"up": {"uv": [10, 14, 14, 15], "rotation": 180, "texture": "#1", "cullface": "south"},
				"down": {"uv": [10, 14, 14, 15], "texture": "#1", "cullface": "south"}
			}
		},
		{
			"from": [11, 2.25, 12.75],
			"to": [12.5, 2.25, 13.25],
			"rotation": {"angle": -22.5, "axis": "x", "origin": [10.25, 2.25, 16]},
			"faces": {
				"north": {"uv": [0, 0, 3, 0], "rotation": 180, "texture": "#missing"},
				"east": {"uv": [0, 0, 0, 1], "rotation": 270, "texture": "#missing"},
				"south": {"uv": [0, 0, 3, 0], "texture": "#missing"},
				"west": {"uv": [0, 0, 0, 1], "rotation": 90, "texture": "#missing"},
				"up": {"uv": [4, 14, 7, 15], "rotation": 180, "texture": "#1", "cullface": "south"},
				"down": {"uv": [4, 14, 7, 15], "texture": "#1", "cullface": "south"}
			}
		},
		{
			"from": [7, 2.25, 17.75],
			"to": [13, 2.25, 18.25],
			"rotation": {"angle": -22.5, "axis": "x", "origin": [10.25, 2.25, 16]},
			"faces": {
				"north": {"uv": [0, 0, 12, 0], "rotation": 180, "texture": "#missing"},
				"east": {"uv": [0, 0, 0, 1], "rotation": 270, "texture": "#missing"},
				"south": {"uv": [0, 0, 12, 0], "texture": "#missing"},
				"west": {"uv": [0, 0, 0, 1], "rotation": 90, "texture": "#missing"},
				"up": {"uv": [3, 4, 15, 5], "rotation": 180, "texture": "#1", "cullface": "south"},
				"down": {"uv": [15, 4, 3, 5], "texture": "#1", "cullface": "south"}
			}
		},
		{
			"from": [7, 2.25, 18.25],
			"to": [11, 2.25, 18.75],
			"rotation": {"angle": -22.5, "axis": "x", "origin": [10.25, 2.25, 16]},
			"faces": {
				"north": {"uv": [0, 0, 10, 0], "rotation": 180, "texture": "#missing"},
				"east": {"uv": [0, 0, 0, 1], "rotation": 270, "texture": "#missing"},
				"south": {"uv": [0, 0, 10, 0], "texture": "#missing"},
				"west": {"uv": [0, 0, 0, 1], "rotation": 90, "texture": "#missing"},
				"up": {"uv": [4, 3, 14, 4], "rotation": 180, "texture": "#1", "cullface": "south"},
				"down": {"uv": [4, 3, 14, 4], "texture": "#1", "cullface": "south"}
			}
		},
		{
			"from": [7.5, 2.25, 18.75],
			"to": [10.5, 2.25, 19.25],
			"rotation": {"angle": -22.5, "axis": "x", "origin": [10.25, 2.25, 16]},
			"faces": {
				"north": {"uv": [0, 0, 7, 0], "rotation": 180, "texture": "#missing"},
				"east": {"uv": [0, 0, 0, 1], "rotation": 270, "texture": "#missing"},
				"south": {"uv": [0, 0, 7, 0], "texture": "#missing"},
				"west": {"uv": [0, 0, 0, 1], "rotation": 90, "texture": "#missing"},
				"up": {"uv": [6, 2, 13, 3], "rotation": 180, "texture": "#1", "cullface": "south"},
				"down": {"uv": [6, 2, 13, 3], "texture": "#1", "cullface": "south"}
			}
		},
		{
			"from": [13.5, 2.25, 14.75],
			"to": [14, 2.25, 17.25],
			"rotation": {"angle": -22.5, "axis": "x", "origin": [10.25, 2.25, 16]},
			"faces": {
				"north": {"uv": [0, 0, 1, 0], "rotation": 180, "texture": "#missing"},
				"east": {"uv": [0, 0, 0, 5], "rotation": 270, "texture": "#missing"},
				"south": {"uv": [0, 0, 1, 0], "texture": "#missing"},
				"west": {"uv": [0, 0, 0, 5], "rotation": 90, "texture": "#missing"},
				"up": {"uv": [1, 6, 2, 11], "rotation": 180, "texture": "#1", "cullface": "south"},
				"down": {"uv": [1, 6, 2, 11], "texture": "#1", "cullface": "south"}
			}
		},
		{
			"from": [10.25, 5.5, 14.75],
			"to": [10.25, 6, 17.25],
			"rotation": {"angle": -22.5, "axis": "x", "origin": [10.25, 2.25, 16]},
			"faces": {
				"north": {"uv": [0, 0, 1, 0], "rotation": 270, "texture": "#missing"},
				"east": {"uv": [1, 6, 2, 11], "rotation": 270, "texture": "#1", "cullface": "south"},
				"south": {"uv": [0, 0, 1, 0], "rotation": 270, "texture": "#missing"},
				"west": {"uv": [1, 6, 2, 11], "rotation": 90, "texture": "#1", "cullface": "south"},
				"up": {"uv": [0, 0, 0, 5], "rotation": 180, "texture": "#missing"},
				"down": {"uv": [0, 0, 0, 5], "texture": "#missing"}
			}
		},
		{
			"from": [10.25, -0.5, 18.75],
			"to": [10.25, 2.5, 19.25],
			"rotation": {"angle": -22.5, "axis": "x", "origin": [10.25, 2.25, 16]},
			"faces": {
				"north": {"uv": [0, 0, 7, 0], "rotation": 270, "texture": "#missing"},
				"east": {"uv": [6, 2, 13, 3], "rotation": 270, "texture": "#1", "cullface": "south"},
				"south": {"uv": [0, 0, 7, 0], "rotation": 270, "texture": "#missing"},
				"west": {"uv": [6, 2, 13, 3], "rotation": 90, "texture": "#1", "cullface": "south"},
				"up": {"uv": [0, 0, 0, 1], "rotation": 180, "texture": "#missing"},
				"down": {"uv": [0, 0, 0, 1], "texture": "#missing"}
			}
		},
		{
			"from": [10.25, -1, 18.25],
			"to": [10.25, 3, 18.75],
			"rotation": {"angle": -22.5, "axis": "x", "origin": [10.25, 2.25, 16]},
			"faces": {
				"north": {"uv": [0, 0, 10, 0], "rotation": 270, "texture": "#missing"},
				"east": {"uv": [4, 3, 14, 4], "rotation": 270, "texture": "#1", "cullface": "south"},
				"south": {"uv": [0, 0, 10, 0], "rotation": 270, "texture": "#missing"},
				"west": {"uv": [4, 3, 14, 4], "rotation": 90, "texture": "#1", "cullface": "south"},
				"up": {"uv": [0, 0, 0, 1], "rotation": 180, "texture": "#missing"},
				"down": {"uv": [0, 0, 0, 1], "texture": "#missing"}
			}
		},
		{
			"from": [10.25, -1, 17.75],
			"to": [10.25, 5, 18.25],
			"rotation": {"angle": -22.5, "axis": "x", "origin": [10.25, 2.25, 16]},
			"faces": {
				"north": {"uv": [0, 0, 12, 0], "rotation": 270, "texture": "#missing"},
				"east": {"uv": [15, 4, 3, 5], "rotation": 270, "texture": "#1", "cullface": "south"},
				"south": {"uv": [0, 0, 12, 0], "rotation": 270, "texture": "#missing"},
				"west": {"uv": [3, 4, 15, 5], "rotation": 90, "texture": "#1", "cullface": "south"},
				"up": {"uv": [0, 0, 0, 1], "rotation": 180, "texture": "#missing"},
				"down": {"uv": [0, 0, 0, 1], "texture": "#missing"}
			}
		},
		{
			"from": [10.25, 3, 12.75],
			"to": [10.25, 4.5, 13.25],
			"rotation": {"angle": -22.5, "axis": "x", "origin": [10.25, 2.25, 16]},
			"faces": {
				"north": {"uv": [0, 0, 3, 0], "rotation": 270, "texture": "#missing"},
				"east": {"uv": [4, 14, 7, 15], "rotation": 270, "texture": "#1", "cullface": "south"},
				"south": {"uv": [0, 0, 3, 0], "rotation": 270, "texture": "#missing"},
				"west": {"uv": [4, 14, 7, 15], "rotation": 90, "texture": "#1", "cullface": "south"},
				"up": {"uv": [0, 0, 0, 1], "rotation": 180, "texture": "#missing"},
				"down": {"uv": [0, 0, 0, 1], "texture": "#missing"}
			}
		},
		{
			"from": [10.25, -0.5, 12.75],
			"to": [10.25, 1.5, 13.25],
			"rotation": {"angle": -22.5, "axis": "x", "origin": [10.25, 2.25, 16]},
			"faces": {
				"north": {"uv": [0, 0, 4, 0], "rotation": 270, "texture": "#missing"},
				"east": {"uv": [10, 14, 14, 15], "rotation": 270, "texture": "#1", "cullface": "south"},
				"south": {"uv": [0, 0, 4, 0], "rotation": 270, "texture": "#missing"},
				"west": {"uv": [10, 14, 14, 15], "rotation": 90, "texture": "#1", "cullface": "south"},
				"up": {"uv": [0, 0, 0, 1], "rotation": 180, "texture": "#missing"},
				"down": {"uv": [0, 0, 0, 1], "texture": "#missing"}
			}
		},
		{
			"from": [10.25, -1.5, 13.75],
			"to": [10.25, -1, 15.75],
			"rotation": {"angle": -22.5, "axis": "x", "origin": [10.25, 2.25, 16]},
			"faces": {
				"north": {"uv": [0, 0, 1, 0], "rotation": 270, "texture": "#missing"},
				"east": {"uv": [15, 9, 16, 13], "rotation": 270, "texture": "#1", "cullface": "south"},
				"south": {"uv": [0, 0, 1, 0], "rotation": 270, "texture": "#missing"},
				"west": {"uv": [15, 9, 16, 13], "rotation": 90, "texture": "#1", "cullface": "south"},
				"up": {"uv": [0, 0, 0, 4], "rotation": 180, "texture": "#missing"},
				"down": {"uv": [0, 0, 0, 4], "texture": "#missing"}
			}
		},
		{
			"from": [10.25, -1, 13.25],
			"to": [10.25, 2, 13.75],
			"rotation": {"angle": -22.5, "axis": "x", "origin": [10.25, 2.25, 16]},
			"faces": {
				"north": {"uv": [0, 0, 6, 0], "rotation": 270, "texture": "#missing"},
				"east": {"uv": [15, 13, 9, 14], "rotation": 270, "texture": "#1", "cullface": "south"},
				"south": {"uv": [0, 0, 6, 0], "rotation": 270, "texture": "#missing"},
				"west": {"uv": [9, 13, 15, 14], "rotation": 90, "texture": "#1", "cullface": "south"},
				"up": {"uv": [0, 0, 0, 1], "rotation": 180, "texture": "#missing"},
				"down": {"uv": [0, 0, 0, 1], "texture": "#missing"}
			}
		},
		{
			"from": [10.25, 2.5, 13.25],
			"to": [10.25, 5, 13.75],
			"rotation": {"angle": -22.5, "axis": "x", "origin": [10.25, 2.25, 16]},
			"faces": {
				"north": {"uv": [0, 0, 5, 0], "rotation": 270, "texture": "#missing"},
				"east": {"uv": [8, 13, 3, 14], "rotation": 270, "texture": "#1", "cullface": "south"},
				"south": {"uv": [0, 0, 5, 0], "rotation": 270, "texture": "#missing"},
				"west": {"uv": [3, 13, 8, 14], "rotation": 90, "texture": "#1", "cullface": "south"},
				"up": {"uv": [0, 0, 0, 1], "rotation": 180, "texture": "#missing"},
				"down": {"uv": [0, 0, 0, 1], "texture": "#missing"}
			}
		},
		{
			"from": [10.25, -1, 13.75],
			"to": [10.25, 5.5, 17.75],
			"rotation": {"angle": -22.5, "axis": "x", "origin": [10.25, 2.25, 16]},
			"faces": {
				"north": {"uv": [0, 0, 13, 0], "rotation": 270, "texture": "#missing"},
				"east": {"uv": [15, 5, 2, 13], "rotation": 270, "texture": "#1", "cullface": "south"},
				"south": {"uv": [0, 0, 13, 0], "rotation": 270, "texture": "#missing"},
				"west": {"uv": [2, 5, 15, 13], "rotation": 90, "texture": "#1", "cullface": "south"},
				"up": {"uv": [0, 0, 0, 8], "rotation": 180, "texture": "#missing"},
				"down": {"uv": [0, 0, 0, 8], "texture": "#missing"}
			}
		},
		{
			"from": [15.25, 4, -3.25],
			"to": [15.25, 10.5, 0.75],
			"rotation": {"angle": 22.5, "axis": "x", "origin": [15.25, 7.25, -1]},
			"faces": {
				"north": {"uv": [0, 0, 13, 0], "rotation": 270, "texture": "#missing"},
				"east": {"uv": [15, 5, 2, 13], "rotation": 270, "texture": "#1", "cullface": "north"},
				"south": {"uv": [0, 0, 13, 0], "rotation": 270, "texture": "#missing"},
				"west": {"uv": [2, 5, 15, 13], "rotation": 90, "texture": "#1", "cullface": "north"},
				"up": {"uv": [0, 0, 0, 8], "rotation": 180, "texture": "#missing"},
				"down": {"uv": [0, 0, 0, 8], "texture": "#missing"}
			}
		},
		{
			"from": [15.25, 7.5, -3.75],
			"to": [15.25, 10, -3.25],
			"rotation": {"angle": 22.5, "axis": "x", "origin": [15.25, 7.25, -1]},
			"faces": {
				"north": {"uv": [0, 0, 5, 0], "rotation": 270, "texture": "#missing"},
				"east": {"uv": [8, 13, 3, 14], "rotation": 270, "texture": "#1", "cullface": "north"},
				"south": {"uv": [0, 0, 5, 0], "rotation": 270, "texture": "#missing"},
				"west": {"uv": [3, 13, 8, 14], "rotation": 90, "texture": "#1", "cullface": "north"},
				"up": {"uv": [0, 0, 0, 1], "rotation": 180, "texture": "#missing"},
				"down": {"uv": [0, 0, 0, 1], "texture": "#missing"}
			}
		},
		{
			"from": [15.25, 4, -3.75],
			"to": [15.25, 7, -3.25],
			"rotation": {"angle": 22.5, "axis": "x", "origin": [15.25, 7.25, -1]},
			"faces": {
				"north": {"uv": [0, 0, 6, 0], "rotation": 270, "texture": "#missing"},
				"east": {"uv": [15, 13, 9, 14], "rotation": 270, "texture": "#1", "cullface": "north"},
				"south": {"uv": [0, 0, 6, 0], "rotation": 270, "texture": "#missing"},
				"west": {"uv": [9, 13, 15, 14], "rotation": 90, "texture": "#1", "cullface": "north"},
				"up": {"uv": [0, 0, 0, 1], "rotation": 180, "texture": "#missing"},
				"down": {"uv": [0, 0, 0, 1], "texture": "#missing"}
			}
		},
		{
			"from": [15.25, 3.5, -3.25],
			"to": [15.25, 4, -1.25],
			"rotation": {"angle": 22.5, "axis": "x", "origin": [15.25, 7.25, -1]},
			"faces": {
				"north": {"uv": [0, 0, 1, 0], "rotation": 270, "texture": "#missing"},
				"east": {"uv": [15, 9, 16, 13], "rotation": 270, "texture": "#1", "cullface": "north"},
				"south": {"uv": [0, 0, 1, 0], "rotation": 270, "texture": "#missing"},
				"west": {"uv": [15, 9, 16, 13], "rotation": 90, "texture": "#1", "cullface": "north"},
				"up": {"uv": [0, 0, 0, 4], "rotation": 180, "texture": "#missing"},
				"down": {"uv": [0, 0, 0, 4], "texture": "#missing"}
			}
		},
		{
			"from": [15.25, 4.5, -4.25],
			"to": [15.25, 6.5, -3.75],
			"rotation": {"angle": 22.5, "axis": "x", "origin": [15.25, 7.25, -1]},
			"faces": {
				"north": {"uv": [0, 0, 4, 0], "rotation": 270, "texture": "#missing"},
				"east": {"uv": [10, 14, 14, 15], "rotation": 270, "texture": "#1", "cullface": "north"},
				"south": {"uv": [0, 0, 4, 0], "rotation": 270, "texture": "#missing"},
				"west": {"uv": [10, 14, 14, 15], "rotation": 90, "texture": "#1", "cullface": "north"},
				"up": {"uv": [0, 0, 0, 1], "rotation": 180, "texture": "#missing"},
				"down": {"uv": [0, 0, 0, 1], "texture": "#missing"}
			}
		},
		{
			"from": [15.25, 8, -4.25],
			"to": [15.25, 9.5, -3.75],
			"rotation": {"angle": 22.5, "axis": "x", "origin": [15.25, 7.25, -1]},
			"faces": {
				"north": {"uv": [0, 0, 3, 0], "rotation": 270, "texture": "#missing"},
				"east": {"uv": [4, 14, 7, 15], "rotation": 270, "texture": "#1", "cullface": "north"},
				"south": {"uv": [0, 0, 3, 0], "rotation": 270, "texture": "#missing"},
				"west": {"uv": [4, 14, 7, 15], "rotation": 90, "texture": "#1", "cullface": "north"},
				"up": {"uv": [0, 0, 0, 1], "rotation": 180, "texture": "#missing"},
				"down": {"uv": [0, 0, 0, 1], "texture": "#missing"}
			}
		},
		{
			"from": [15.25, 4, 0.75],
			"to": [15.25, 10, 1.25],
			"rotation": {"angle": 22.5, "axis": "x", "origin": [15.25, 7.25, -1]},
			"faces": {
				"north": {"uv": [0, 0, 12, 0], "rotation": 270, "texture": "#missing"},
				"east": {"uv": [15, 4, 3, 5], "rotation": 270, "texture": "#1", "cullface": "north"},
				"south": {"uv": [0, 0, 12, 0], "rotation": 270, "texture": "#missing"},
				"west": {"uv": [3, 4, 15, 5], "rotation": 90, "texture": "#1", "cullface": "north"},
				"up": {"uv": [0, 0, 0, 1], "rotation": 180, "texture": "#missing"},
				"down": {"uv": [0, 0, 0, 1], "texture": "#missing"}
			}
		},
		{
			"from": [15.25, 4, 1.25],
			"to": [15.25, 8, 1.75],
			"rotation": {"angle": 22.5, "axis": "x", "origin": [15.25, 7.25, -1]},
			"faces": {
				"north": {"uv": [0, 0, 10, 0], "rotation": 270, "texture": "#missing"},
				"east": {"uv": [4, 3, 14, 4], "rotation": 270, "texture": "#1", "cullface": "north"},
				"south": {"uv": [0, 0, 10, 0], "rotation": 270, "texture": "#missing"},
				"west": {"uv": [4, 3, 14, 4], "rotation": 90, "texture": "#1", "cullface": "north"},
				"up": {"uv": [0, 0, 0, 1], "rotation": 180, "texture": "#missing"},
				"down": {"uv": [0, 0, 0, 1], "texture": "#missing"}
			}
		},
		{
			"from": [15.25, 4.5, 1.75],
			"to": [15.25, 7.5, 2.25],
			"rotation": {"angle": 22.5, "axis": "x", "origin": [15.25, 7.25, -1]},
			"faces": {
				"north": {"uv": [0, 0, 7, 0], "rotation": 270, "texture": "#missing"},
				"east": {"uv": [6, 2, 13, 3], "rotation": 270, "texture": "#1", "cullface": "north"},
				"south": {"uv": [0, 0, 7, 0], "rotation": 270, "texture": "#missing"},
				"west": {"uv": [6, 2, 13, 3], "rotation": 90, "texture": "#1", "cullface": "north"},
				"up": {"uv": [0, 0, 0, 1], "rotation": 180, "texture": "#missing"},
				"down": {"uv": [0, 0, 0, 1], "texture": "#missing"}
			}
		},
		{
			"from": [15.25, 10.5, -2.25],
			"to": [15.25, 11, 0.25],
			"rotation": {"angle": 22.5, "axis": "x", "origin": [15.25, 7.25, -1]},
			"faces": {
				"north": {"uv": [0, 0, 1, 0], "rotation": 270, "texture": "#missing"},
				"east": {"uv": [1, 6, 2, 11], "rotation": 270, "texture": "#1", "cullface": "north"},
				"south": {"uv": [0, 0, 1, 0], "rotation": 270, "texture": "#missing"},
				"west": {"uv": [1, 6, 2, 11], "rotation": 90, "texture": "#1", "cullface": "north"},
				"up": {"uv": [0, 0, 0, 5], "rotation": 180, "texture": "#missing"},
				"down": {"uv": [0, 0, 0, 5], "texture": "#missing"}
			}
		},
		{
			"from": [11.5, 7.25, -2.25],
			"to": [12, 7.25, 0.25],
			"rotation": {"angle": 22.5, "axis": "x", "origin": [15.25, 7.25, -1]},
			"faces": {
				"north": {"uv": [0, 0, 1, 0], "texture": "#missing"},
				"east": {"uv": [0, 0, 0, 5], "rotation": 270, "texture": "#missing"},
				"south": {"uv": [0, 0, 1, 0], "rotation": 180, "texture": "#missing"},
				"west": {"uv": [0, 0, 0, 5], "rotation": 90, "texture": "#missing"},
				"up": {"uv": [1, 6, 2, 11], "rotation": 180, "texture": "#1", "cullface": "north"},
				"down": {"uv": [1, 6, 2, 11], "texture": "#1", "cullface": "north"}
			}
		},
		{
			"from": [15, 7.25, 1.75],
			"to": [18, 7.25, 2.25],
			"rotation": {"angle": 22.5, "axis": "x", "origin": [15.25, 7.25, -1]},
			"faces": {
				"north": {"uv": [0, 0, 7, 0], "texture": "#missing"},
				"east": {"uv": [0, 0, 0, 1], "rotation": 270, "texture": "#missing"},
				"south": {"uv": [0, 0, 7, 0], "rotation": 180, "texture": "#missing"},
				"west": {"uv": [0, 0, 0, 1], "rotation": 90, "texture": "#missing"},
				"up": {"uv": [6, 2, 13, 3], "rotation": 180, "texture": "#1", "cullface": "north"},
				"down": {"uv": [6, 2, 13, 3], "texture": "#1", "cullface": "north"}
			}
		},
		{
			"from": [14.5, 7.25, 1.25],
			"to": [18.5, 7.25, 1.75],
			"rotation": {"angle": 22.5, "axis": "x", "origin": [15.25, 7.25, -1]},
			"faces": {
				"north": {"uv": [0, 0, 10, 0], "texture": "#missing"},
				"east": {"uv": [0, 0, 0, 1], "rotation": 270, "texture": "#missing"},
				"south": {"uv": [0, 0, 10, 0], "rotation": 180, "texture": "#missing"},
				"west": {"uv": [0, 0, 0, 1], "rotation": 90, "texture": "#missing"},
				"up": {"uv": [4, 3, 14, 4], "rotation": 180, "texture": "#1", "cullface": "north"},
				"down": {"uv": [4, 3, 14, 4], "texture": "#1", "cullface": "north"}
			}
		},
		{
			"from": [12.5, 7.25, 0.75],
			"to": [18.5, 7.25, 1.25],
			"rotation": {"angle": 22.5, "axis": "x", "origin": [15.25, 7.25, -1]},
			"faces": {
				"north": {"uv": [0, 0, 12, 0], "texture": "#missing"},
				"east": {"uv": [0, 0, 0, 1], "rotation": 270, "texture": "#missing"},
				"south": {"uv": [0, 0, 12, 0], "rotation": 180, "texture": "#missing"},
				"west": {"uv": [0, 0, 0, 1], "rotation": 90, "texture": "#missing"},
				"up": {"uv": [15, 4, 3, 5], "rotation": 180, "texture": "#1", "cullface": "north"},
				"down": {"uv": [3, 4, 15, 5], "texture": "#1", "cullface": "north"}
			}
		},
		{
			"from": [13, 7.25, -4.25],
			"to": [14.5, 7.25, -3.75],
			"rotation": {"angle": 22.5, "axis": "x", "origin": [15.25, 7.25, -1]},
			"faces": {
				"north": {"uv": [0, 0, 3, 0], "texture": "#missing"},
				"east": {"uv": [0, 0, 0, 1], "rotation": 270, "texture": "#missing"},
				"south": {"uv": [0, 0, 3, 0], "rotation": 180, "texture": "#missing"},
				"west": {"uv": [0, 0, 0, 1], "rotation": 90, "texture": "#missing"},
				"up": {"uv": [4, 14, 7, 15], "rotation": 180, "texture": "#1", "cullface": "north"},
				"down": {"uv": [4, 14, 7, 15], "texture": "#1", "cullface": "north"}
			}
		},
		{
			"from": [16, 7.25, -4.25],
			"to": [18, 7.25, -3.75],
			"rotation": {"angle": 22.5, "axis": "x", "origin": [15.25, 7.25, -1]},
			"faces": {
				"north": {"uv": [0, 0, 4, 0], "texture": "#missing"},
				"east": {"uv": [0, 0, 0, 1], "rotation": 270, "texture": "#missing"},
				"south": {"uv": [0, 0, 4, 0], "rotation": 180, "texture": "#missing"},
				"west": {"uv": [0, 0, 0, 1], "rotation": 90, "texture": "#missing"},
				"up": {"uv": [10, 14, 14, 15], "rotation": 180, "texture": "#1", "cullface": "north"},
				"down": {"uv": [10, 14, 14, 15], "texture": "#1", "cullface": "north"}
			}
		},
		{
			"from": [18.5, 7.25, -3.25],
			"to": [19, 7.25, -1.25],
			"rotation": {"angle": 22.5, "axis": "x", "origin": [15.25, 7.25, -1]},
			"faces": {
				"north": {"uv": [0, 0, 1, 0], "texture": "#missing"},
				"east": {"uv": [0, 0, 0, 4], "rotation": 270, "texture": "#missing"},
				"south": {"uv": [0, 0, 1, 0], "rotation": 180, "texture": "#missing"},
				"west": {"uv": [0, 0, 0, 4], "rotation": 90, "texture": "#missing"},
				"up": {"uv": [15, 9, 16, 13], "rotation": 180, "texture": "#1", "cullface": "north"},
				"down": {"uv": [15, 9, 16, 13], "texture": "#1", "cullface": "north"}
			}
		},
		{
			"from": [15.5, 7.25, -3.75],
			"to": [18.5, 7.25, -3.25],
			"rotation": {"angle": 22.5, "axis": "x", "origin": [15.25, 7.25, -1]},
			"faces": {
				"north": {"uv": [0, 0, 6, 0], "texture": "#missing"},
				"east": {"uv": [0, 0, 0, 1], "rotation": 270, "texture": "#missing"},
				"south": {"uv": [0, 0, 6, 0], "rotation": 180, "texture": "#missing"},
				"west": {"uv": [0, 0, 0, 1], "rotation": 90, "texture": "#missing"},
				"up": {"uv": [15, 13, 9, 14], "rotation": 180, "texture": "#1", "cullface": "north"},
				"down": {"uv": [9, 13, 15, 14], "texture": "#1", "cullface": "north"}
			}
		},
		{
			"from": [12.5, 7.25, -3.75],
			"to": [15, 7.25, -3.25],
			"rotation": {"angle": 22.5, "axis": "x", "origin": [15.25, 7.25, -1]},
			"faces": {
				"north": {"uv": [0, 0, 5, 0], "texture": "#missing"},
				"east": {"uv": [0, 0, 0, 1], "rotation": 270, "texture": "#missing"},
				"south": {"uv": [0, 0, 5, 0], "rotation": 180, "texture": "#missing"},
				"west": {"uv": [0, 0, 0, 1], "rotation": 90, "texture": "#missing"},
				"up": {"uv": [8, 13, 3, 14], "rotation": 180, "texture": "#1", "cullface": "north"},
				"down": {"uv": [3, 13, 8, 14], "texture": "#1", "cullface": "north"}
			}
		},
		{
			"from": [12, 7.25, -3.25],
			"to": [18.5, 7.25, 0.75],
			"rotation": {"angle": 22.5, "axis": "x", "origin": [15.25, 7.25, -1]},
			"faces": {
				"north": {"uv": [0, 0, 13, 0], "texture": "#missing"},
				"east": {"uv": [0, 0, 0, 8], "rotation": 270, "texture": "#missing"},
				"south": {"uv": [0, 0, 13, 0], "rotation": 180, "texture": "#missing"},
				"west": {"uv": [0, 0, 0, 8], "rotation": 90, "texture": "#missing"},
				"up": {"uv": [15, 5, 2, 13], "rotation": 180, "texture": "#1", "cullface": "north"},
				"down": {"uv": [2, 5, 15, 13], "texture": "#1", "cullface": "north"}
			}
		}
	],
	"groups": [
		0,
		{
			"name": "group",
			"origin": [13, 14, -14],
			"color": 0,
			"children": [1, 2, 3, 4, 5, 6, 7, 8, 9, 10, 11, 12, 13, 14, 15, 16, 17, 18, 19, 20]
		},
		{
			"name": "group",
			"origin": [13, 14, -14],
			"color": 0,
			"children": [21, 22, 23, 24, 25, 26, 27, 28, 29, 30, 31, 32, 33, 34, 35, 36, 37, 38, 39, 40]
		},
		{
			"name": "group",
			"origin": [13, 14, -14],
			"color": 0,
			"children": [41, 42, 43, 44, 45, 46, 47, 48, 49, 50, 51, 52, 53, 54, 55, 56, 57, 58, 59, 60]
		}
	]
}