{
	"credit": "Made with Blockbench",
	"textures": {
		"1": "block/lapis_lazuli",
		"2": "block/lapis_ore",
		"particle": "block/lapis_ore"
	},
	"elements": [
		{
			"from": [0, 0, 0],
			"to": [16, 16, 16],
			"faces": {
				"north": {"uv": [0, 0, 16, 16], "texture": "#2", "cullface": "north"},
				"east": {"uv": [0, 0, 16, 16], "texture": "#2", "cullface": "east"},
				"south": {"uv": [0, 0, 16, 16], "texture": "#2", "cullface": "south"},
				"west": {"uv": [0, 0, 16, 16], "texture": "#2", "cullface": "west"},
				"up": {"uv": [0, 0, 16, 16], "texture": "#2", "cullface": "up"},
				"down": {"uv": [0, 0, 16, 16], "texture": "#2", "cullface": "down"}
			}
		},
		{
			"from": [0.5, 14.5, 4],
			"to": [1, 19.5, 4],
			"rotation": {"angle": 22.5, "axis": "z", "origin": [2, 16.5, 4]},
			"faces": {
				"north": {"uv": [10, 2, 11, 12], "texture": "#1", "cullface": "up"},
				"east": {"uv": [0, 0, 0, 8], "texture": "#missing"},
				"south": {"uv": [11, 2, 10, 12], "texture": "#1", "cullface": "up"},
				"west": {"uv": [0, 0, 0, 8], "texture": "#missing"},
				"up": {"uv": [0, 0, 13, 0], "texture": "#missing"},
				"down": {"uv": [0, 0, 13, 0], "texture": "#missing"}
			}
		},
		{
			"from": [0, 15, 4],
			"to": [0.5, 19.5, 4],
			"rotation": {"angle": 22.5, "axis": "z", "origin": [2, 16.5, 4]},
			"faces": {
				"north": {"uv": [11, 2, 12, 11], "texture": "#1", "cullface": "up"},
				"east": {"uv": [0, 0, 0, 8], "texture": "#missing"},
				"south": {"uv": [11, 2, 12, 11], "texture": "#1", "cullface": "up"},
				"west": {"uv": [0, 0, 0, 8], "texture": "#missing"},
				"up": {"uv": [0, 0, 13, 0], "texture": "#missing"},
				"down": {"uv": [0, 0, 13, 0], "texture": "#missing"}
			}
		},
		{
			"from": [-0.5, 15.5, 4],
			"to": [0, 19, 4],
			"rotation": {"angle": 22.5, "axis": "z", "origin": [2, 16.5, 4]},
			"faces": {
				"north": {"uv": [12, 3, 13, 10], "texture": "#1", "cullface": "up"},
				"east": {"uv": [0, 0, 0, 8], "texture": "#missing"},
				"south": {"uv": [12, 3, 13, 10], "texture": "#1", "cullface": "up"},
				"west": {"uv": [0, 0, 0, 8], "texture": "#missing"},
				"up": {"uv": [0, 0, 13, 0], "texture": "#missing"},
				"down": {"uv": [0, 0, 13, 0], "texture": "#missing"}
			}
		},
		{
			"from": [-1, 16.5, 4],
			"to": [-0.5, 18.5, 4],
			"rotation": {"angle": 22.5, "axis": "z", "origin": [2, 16.5, 4]},
			"faces": {
				"north": {"uv": [13, 4, 14, 8], "texture": "#1", "cullface": "up"},
				"east": {"uv": [0, 0, 0, 8], "texture": "#missing"},
				"south": {"uv": [13, 4, 14, 8], "texture": "#1", "cullface": "up"},
				"west": {"uv": [0, 0, 0, 8], "texture": "#missing"},
				"up": {"uv": [0, 0, 13, 0], "texture": "#missing"},
				"down": {"uv": [0, 0, 13, 0], "texture": "#missing"}
			}
		},
		{
			"from": [1, 14, 4],
			"to": [4, 18, 4],
			"rotation": {"angle": 22.5, "axis": "z", "origin": [2, 16.5, 4]},
			"faces": {
				"north": {"uv": [4, 5, 10, 13], "texture": "#1", "cullface": "up"},
				"east": {"uv": [0, 0, 0, 8], "texture": "#missing"},
				"south": {"uv": [10, 5, 4, 13], "texture": "#1", "cullface": "up"},
				"west": {"uv": [0, 0, 0, 8], "texture": "#missing"},
				"up": {"uv": [0, 0, 13, 0], "texture": "#missing"},
				"down": {"uv": [0, 0, 13, 0], "texture": "#missing"}
			}
		},
		{
			"from": [4, 13.5, 4],
			"to": [4.5, 16.5, 4],
			"rotation": {"angle": 22.5, "axis": "z", "origin": [2, 16.5, 4]},
			"faces": {
				"north": {"uv": [3, 8, 4, 14], "texture": "#1", "cullface": "up"},
				"east": {"uv": [0, 0, 0, 8], "texture": "#missing"},
				"south": {"uv": [4, 8, 3, 14], "texture": "#1", "cullface": "up"},
				"west": {"uv": [0, 0, 0, 8], "texture": "#missing"},
				"up": {"uv": [0, 0, 13, 0], "texture": "#missing"},
				"down": {"uv": [0, 0, 13, 0], "texture": "#missing"}
			}
		},
		{
			"from": [2.5, 13.5, 4],
			"to": [4, 14, 4],
			"rotation": {"angle": 22.5, "axis": "z", "origin": [2, 16.5, 4]},
			"faces": {
				"north": {"uv": [4, 13, 7, 14], "texture": "#1", "cullface": "up"},
				"east": {"uv": [0, 0, 0, 8], "texture": "#missing"},
				"south": {"uv": [7, 13, 4, 14], "texture": "#1", "cullface": "up"},
				"west": {"uv": [0, 0, 0, 8], "texture": "#missing"},
				"up": {"uv": [0, 0, 13, 0], "texture": "#missing"},
				"down": {"uv": [0, 0, 13, 0], "texture": "#missing"}
			}
		},
		{
			"from": [4.5, 14, 4],
			"to": [5, 16, 4],
			"rotation": {"angle": 22.5, "axis": "z", "origin": [2, 16.5, 4]},
			"faces": {
				"north": {"uv": [2, 9, 3, 13], "texture": "#1", "cullface": "up"},
				"east": {"uv": [0, 0, 0, 8], "texture": "#missing"},
				"south": {"uv": [2, 9, 3, 13], "texture": "#1", "cullface": "up"},
				"west": {"uv": [0, 0, 0, 8], "texture": "#missing"},
				"up": {"uv": [0, 0, 13, 0], "texture": "#missing"},
				"down": {"uv": [0, 0, 13, 0], "texture": "#missing"}
			}
		},
		{
			"from": [1, 18, 4],
			"to": [4, 18.5, 4],
			"rotation": {"angle": 22.5, "axis": "z", "origin": [2, 16.5, 4]},
			"faces": {
				"north": {"uv": [5, 4, 11, 5], "texture": "#1", "cullface": "up"},
				"east": {"uv": [0, 0, 0, 8], "texture": "#missing"},
				"south": {"uv": [11, 4, 5, 5], "texture": "#1", "cullface": "up"},
				"west": {"uv": [0, 0, 0, 8], "texture": "#missing"},
				"up": {"uv": [0, 0, 13, 0], "texture": "#missing"},
				"down": {"uv": [0, 0, 13, 0], "texture": "#missing"}
			}
		},
		{
			"from": [1, 18.5, 4],
			"to": [3.5, 19, 4],
			"rotation": {"angle": 22.5, "axis": "z", "origin": [2, 16.5, 4]},
			"faces": {
				"north": {"uv": [6, 3, 11, 4], "texture": "#1", "cullface": "up"},
				"east": {"uv": [0, 0, 0, 8], "texture": "#missing"},
				"south": {"uv": [11, 3, 6, 4], "texture": "#1", "cullface": "up"},
				"west": {"uv": [0, 0, 0, 8], "texture": "#missing"},
				"up": {"uv": [0, 0, 13, 0], "texture": "#missing"},
				"down": {"uv": [0, 0, 13, 0], "texture": "#missing"}
			}
		},
		{
			"from": [1, 19, 4],
			"to": [3, 19.5, 4],
			"rotation": {"angle": 22.5, "axis": "z", "origin": [2, 16.5, 4]},
			"faces": {
				"north": {"uv": [7, 2, 11, 3], "texture": "#1", "cullface": "up"},
				"east": {"uv": [0, 0, 0, 8], "texture": "#missing"},
				"south": {"uv": [11, 2, 7, 3], "texture": "#1", "cullface": "up"},
				"west": {"uv": [0, 0, 0, 8], "texture": "#missing"},
				"up": {"uv": [0, 0, 13, 0], "texture": "#missing"},
				"down": {"uv": [0, 0, 13, 0], "texture": "#missing"}
			}
		},
		{
			"from": [2, 19, 3],
			"to": [2, 19.5, 5],
			"rotation": {"angle": 22.5, "axis": "z", "origin": [2, 16.5, 4]},
			"faces": {
				"north": {"uv": [0, 0, 0, 8], "texture": "#missing"},
				"east": {"uv": [11, 2, 7, 3], "texture": "#1", "cullface": "up"},
				"south": {"uv": [0, 0, 0, 8], "texture": "#missing"},
				"west": {"uv": [7, 2, 11, 3], "texture": "#1", "cullface": "up"},
				"up": {"uv": [0, 0, 13, 0], "rotation": 270, "texture": "#missing"},
				"down": {"uv": [0, 0, 13, 0], "rotation": 90, "texture": "#missing"}
			}
		},
		{
			"from": [2, 18.5, 2.5],
			"to": [2, 19, 5],
			"rotation": {"angle": 22.5, "axis": "z", "origin": [2, 16.5, 4]},
			"faces": {
				"north": {"uv": [0, 0, 0, 8], "texture": "#missing"},
				"east": {"uv": [11, 3, 6, 4], "texture": "#1", "cullface": "up"},
				"south": {"uv": [0, 0, 0, 8], "texture": "#missing"},
				"west": {"uv": [6, 3, 11, 4], "texture": "#1", "cullface": "up"},
				"up": {"uv": [0, 0, 13, 0], "rotation": 270, "texture": "#missing"},
				"down": {"uv": [0, 0, 13, 0], "rotation": 90, "texture": "#missing"}
			}
		},
		{
			"from": [2, 18, 2],
			"to": [2, 18.5, 5],
			"rotation": {"angle": 22.5, "axis": "z", "origin": [2, 16.5, 4]},
			"faces": {
				"north": {"uv": [0, 0, 0, 8], "texture": "#missing"},
				"east": {"uv": [11, 4, 5, 5], "texture": "#1", "cullface": "up"},
				"south": {"uv": [0, 0, 0, 8], "texture": "#missing"},
				"west": {"uv": [5, 4, 11, 5], "texture": "#1", "cullface": "up"},
				"up": {"uv": [0, 0, 13, 0], "rotation": 270, "texture": "#missing"},
				"down": {"uv": [0, 0, 13, 0], "rotation": 90, "texture": "#missing"}
			}
		},
		{
			"from": [2, 14, 1],
			"to": [2, 16, 1.5],
			"rotation": {"angle": 22.5, "axis": "z", "origin": [2, 16.5, 4]},
			"faces": {
				"north": {"uv": [0, 0, 0, 8], "texture": "#missing"},
				"east": {"uv": [2, 9, 3, 13], "texture": "#1", "cullface": "up"},
				"south": {"uv": [0, 0, 0, 8], "texture": "#missing"},
				"west": {"uv": [2, 9, 3, 13], "texture": "#1", "cullface": "up"},
				"up": {"uv": [0, 0, 13, 0], "rotation": 270, "texture": "#missing"},
				"down": {"uv": [0, 0, 13, 0], "rotation": 90, "texture": "#missing"}
			}
		},
		{
			"from": [2, 13.5, 2],
			"to": [2, 14, 3.5],
			"rotation": {"angle": 22.5, "axis": "z", "origin": [2, 16.5, 4]},
			"faces": {
				"north": {"uv": [0, 0, 0, 8], "texture": "#missing"},
				"east": {"uv": [7, 13, 4, 14], "texture": "#1", "cullface": "up"},
				"south": {"uv": [0, 0, 0, 8], "texture": "#missing"},
				"west": {"uv": [4, 13, 7, 14], "texture": "#1", "cullface": "up"},
				"up": {"uv": [0, 0, 13, 0], "rotation": 270, "texture": "#missing"},
				"down": {"uv": [0, 0, 13, 0], "rotation": 90, "texture": "#missing"}
			}
		},
		{
			"from": [2, 13.5, 1.5],
			"to": [2, 16.5, 2],
			"rotation": {"angle": 22.5, "axis": "z", "origin": [2, 16.5, 4]},
			"faces": {
				"north": {"uv": [0, 0, 0, 8], "texture": "#missing"},
				"east": {"uv": [4, 8, 3, 14], "texture": "#1", "cullface": "up"},
				"south": {"uv": [0, 0, 0, 8], "texture": "#missing"},
				"west": {"uv": [3, 8, 4, 14], "texture": "#1", "cullface": "up"},
				"up": {"uv": [0, 0, 13, 0], "rotation": 270, "texture": "#missing"},
				"down": {"uv": [0, 0, 13, 0], "rotation": 90, "texture": "#missing"}
			}
		},
		{
			"from": [2, 14, 2],
			"to": [2, 18, 5],
			"rotation": {"angle": 22.5, "axis": "z", "origin": [2, 16.5, 4]},
			"faces": {
				"north": {"uv": [0, 0, 0, 8], "texture": "#missing"},
				"east": {"uv": [10, 5, 4, 13], "texture": "#1", "cullface": "up"},
				"south": {"uv": [0, 0, 0, 8], "texture": "#missing"},
				"west": {"uv": [4, 5, 10, 13], "texture": "#1", "cullface": "up"},
				"up": {"uv": [0, 0, 13, 0], "rotation": 270, "texture": "#missing"},
				"down": {"uv": [0, 0, 13, 0], "rotation": 90, "texture": "#missing"}
			}
		},
		{
			"from": [2, 16.5, 6.5],
			"to": [2, 18.5, 7],
			"rotation": {"angle": 22.5, "axis": "z", "origin": [2, 16.5, 4]},
			"faces": {
				"north": {"uv": [0, 0, 0, 8], "texture": "#missing"},
				"east": {"uv": [13, 4, 14, 8], "texture": "#1", "cullface": "up"},
				"south": {"uv": [0, 0, 0, 8], "texture": "#missing"},
				"west": {"uv": [13, 4, 14, 8], "texture": "#1", "cullface": "up"},
				"up": {"uv": [0, 0, 13, 0], "rotation": 270, "texture": "#missing"},
				"down": {"uv": [0, 0, 13, 0], "rotation": 90, "texture": "#missing"}
			}
		},
		{
			"from": [2, 15.5, 6],
			"to": [2, 19, 6.5],
			"rotation": {"angle": 22.5, "axis": "z", "origin": [2, 16.5, 4]},
			"faces": {
				"north": {"uv": [0, 0, 0, 8], "texture": "#missing"},
				"east": {"uv": [12, 3, 13, 10], "texture": "#1", "cullface": "up"},
				"south": {"uv": [0, 0, 0, 8], "texture": "#missing"},
				"west": {"uv": [12, 3, 13, 10], "texture": "#1", "cullface": "up"},
				"up": {"uv": [0, 0, 13, 0], "rotation": 270, "texture": "#missing"},
				"down": {"uv": [0, 0, 13, 0], "rotation": 90, "texture": "#missing"}
			}
		},
		{
			"from": [2, 15, 5.5],
			"to": [2, 19.5, 6],
			"rotation": {"angle": 22.5, "axis": "z", "origin": [2, 16.5, 4]},
			"faces": {
				"north": {"uv": [0, 0, 0, 8], "texture": "#missing"},
				"east": {"uv": [11, 2, 12, 11], "texture": "#1", "cullface": "up"},
				"south": {"uv": [0, 0, 0, 8], "texture": "#missing"},
				"west": {"uv": [11, 2, 12, 11], "texture": "#1", "cullface": "up"},
				"up": {"uv": [0, 0, 13, 0], "rotation": 270, "texture": "#missing"},
				"down": {"uv": [0, 0, 13, 0], "rotation": 90, "texture": "#missing"}
			}
		},
		{
			"from": [2, 14.5, 5],
			"to": [2, 19.5, 5.5],
			"rotation": {"angle": 22.5, "axis": "z", "origin": [2, 16.5, 4]},
			"faces": {
				"north": {"uv": [0, 0, 0, 8], "texture": "#missing"},
				"east": {"uv": [11, 2, 10, 12], "texture": "#1", "cullface": "up"},
				"south": {"uv": [0, 0, 0, 8], "texture": "#missing"},
				"west": {"uv": [10, 2, 11, 12], "texture": "#1", "cullface": "up"},
				"up": {"uv": [0, 0, 13, 0], "rotation": 270, "texture": "#missing"},
				"down": {"uv": [0, 0, 13, 0], "rotation": 90, "texture": "#missing"}
			}
		},
		{
			"from": [4.5, 1.5, 16],
			"to": [5, 6.5, 16],
			"rotation": {"angle": 22.5, "axis": "x", "origin": [6, 3.5, 16]},
			"faces": {
				"north": {"uv": [10, 2, 11, 12], "texture": "#1", "cullface": "south"},
				"east": {"uv": [0, 0, 0, 8], "texture": "#missing"},
				"south": {"uv": [11, 2, 10, 12], "texture": "#1", "cullface": "south"},
				"west": {"uv": [0, 0, 0, 8], "texture": "#missing"},
				"up": {"uv": [0, 0, 13, 0], "texture": "#missing"},
				"down": {"uv": [0, 0, 13, 0], "texture": "#missing"}
			}
		},
		{
			"from": [4, 2, 16],
			"to": [4.5, 6.5, 16],
			"rotation": {"angle": 22.5, "axis": "x", "origin": [6, 3.5, 16]},
			"faces": {
				"north": {"uv": [11, 2, 12, 11], "texture": "#1", "cullface": "south"},
				"east": {"uv": [0, 0, 0, 8], "texture": "#missing"},
				"south": {"uv": [11, 2, 12, 11], "texture": "#1", "cullface": "south"},
				"west": {"uv": [0, 0, 0, 8], "texture": "#missing"},
				"up": {"uv": [0, 0, 13, 0], "texture": "#missing"},
				"down": {"uv": [0, 0, 13, 0], "texture": "#missing"}
			}
		},
		{
			"from": [3.5, 2.5, 16],
			"to": [4, 6, 16],
			"rotation": {"angle": 22.5, "axis": "x", "origin": [6, 3.5, 16]},
			"faces": {
				"north": {"uv": [12, 3, 13, 10], "texture": "#1", "cullface": "south"},
				"east": {"uv": [0, 0, 0, 8], "texture": "#missing"},
				"south": {"uv": [12, 3, 13, 10], "texture": "#1", "cullface": "south"},
				"west": {"uv": [0, 0, 0, 8], "texture": "#missing"},
				"up": {"uv": [0, 0, 13, 0], "texture": "#missing"},
				"down": {"uv": [0, 0, 13, 0], "texture": "#missing"}
			}
		},
		{
			"from": [3, 3.5, 16],
			"to": [3.5, 5.5, 16],
			"rotation": {"angle": 22.5, "axis": "x", "origin": [6, 3.5, 16]},
			"faces": {
				"north": {"uv": [13, 4, 14, 8], "texture": "#1", "cullface": "south"},
				"east": {"uv": [0, 0, 0, 8], "texture": "#missing"},
				"south": {"uv": [13, 4, 14, 8], "texture": "#1", "cullface": "south"},
				"west": {"uv": [0, 0, 0, 8], "texture": "#missing"},
				"up": {"uv": [0, 0, 13, 0], "texture": "#missing"},
				"down": {"uv": [0, 0, 13, 0], "texture": "#missing"}
			}
		},
		{
			"from": [5, 1, 16],
			"to": [8, 5, 16],
			"rotation": {"angle": 22.5, "axis": "x", "origin": [6, 3.5, 16]},
			"faces": {
				"north": {"uv": [4, 5, 10, 13], "texture": "#1", "cullface": "south"},
				"east": {"uv": [0, 0, 0, 8], "texture": "#missing"},
				"south": {"uv": [10, 5, 4, 13], "texture": "#1", "cullface": "south"},
				"west": {"uv": [0, 0, 0, 8], "texture": "#missing"},
				"up": {"uv": [0, 0, 13, 0], "texture": "#missing"},
				"down": {"uv": [0, 0, 13, 0], "texture": "#missing"}
			}
		},
		{
			"from": [8, 0.5, 16],
			"to": [8.5, 3.5, 16],
			"rotation": {"angle": 22.5, "axis": "x", "origin": [6, 3.5, 16]},
			"faces": {
				"north": {"uv": [3, 8, 4, 14], "texture": "#1", "cullface": "south"},
				"east": {"uv": [0, 0, 0, 8], "texture": "#missing"},
				"south": {"uv": [4, 8, 3, 14], "texture": "#1", "cullface": "south"},
				"west": {"uv": [0, 0, 0, 8], "texture": "#missing"},
				"up": {"uv": [0, 0, 13, 0], "texture": "#missing"},
				"down": {"uv": [0, 0, 13, 0], "texture": "#missing"}
			}
		},
		{
			"from": [6.5, 0.5, 16],
			"to": [8, 1, 16],
			"rotation": {"angle": 22.5, "axis": "x", "origin": [6, 3.5, 16]},
			"faces": {
				"north": {"uv": [4, 13, 7, 14], "texture": "#1", "cullface": "south"},
				"east": {"uv": [0, 0, 0, 8], "texture": "#missing"},
				"south": {"uv": [7, 13, 4, 14], "texture": "#1", "cullface": "south"},
				"west": {"uv": [0, 0, 0, 8], "texture": "#missing"},
				"up": {"uv": [0, 0, 13, 0], "texture": "#missing"},
				"down": {"uv": [0, 0, 13, 0], "texture": "#missing"}
			}
		},
		{
			"from": [8.5, 1, 16],
			"to": [9, 3, 16],
			"rotation": {"angle": 22.5, "axis": "x", "origin": [6, 3.5, 16]},
			"faces": {
				"north": {"uv": [2, 9, 3, 13], "texture": "#1", "cullface": "south"},
				"east": {"uv": [0, 0, 0, 8], "texture": "#missing"},
				"south": {"uv": [2, 9, 3, 13], "texture": "#1", "cullface": "south"},
				"west": {"uv": [0, 0, 0, 8], "texture": "#missing"},
				"up": {"uv": [0, 0, 13, 0], "texture": "#missing"},
				"down": {"uv": [0, 0, 13, 0], "texture": "#missing"}
			}
		},
		{
			"from": [5, 5, 16],
			"to": [8, 5.5, 16],
			"rotation": {"angle": 22.5, "axis": "x", "origin": [6, 3.5, 16]},
			"faces": {
				"north": {"uv": [5, 4, 11, 5], "texture": "#1", "cullface": "south"},
				"east": {"uv": [0, 0, 0, 8], "texture": "#missing"},
				"south": {"uv": [11, 4, 5, 5], "texture": "#1", "cullface": "south"},
				"west": {"uv": [0, 0, 0, 8], "texture": "#missing"},
				"up": {"uv": [0, 0, 13, 0], "texture": "#missing"},
				"down": {"uv": [0, 0, 13, 0], "texture": "#missing"}
			}
		},
		{
			"from": [5, 5.5, 16],
			"to": [7.5, 6, 16],
			"rotation": {"angle": 22.5, "axis": "x", "origin": [6, 3.5, 16]},
			"faces": {
				"north": {"uv": [6, 3, 11, 4], "texture": "#1", "cullface": "south"},
				"east": {"uv": [0, 0, 0, 8], "texture": "#missing"},
				"south": {"uv": [11, 3, 6, 4], "texture": "#1", "cullface": "south"},
				"west": {"uv": [0, 0, 0, 8], "texture": "#missing"},
				"up": {"uv": [0, 0, 13, 0], "texture": "#missing"},
				"down": {"uv": [0, 0, 13, 0], "texture": "#missing"}
			}
		},
		{
			"from": [5, 6, 16],
			"to": [7, 6.5, 16],
			"rotation": {"angle": 22.5, "axis": "x", "origin": [6, 3.5, 16]},
			"faces": {
				"north": {"uv": [7, 2, 11, 3], "texture": "#1", "cullface": "south"},
				"east": {"uv": [0, 0, 0, 8], "texture": "#missing"},
				"south": {"uv": [11, 2, 7, 3], "texture": "#1", "cullface": "south"},
				"west": {"uv": [0, 0, 0, 8], "texture": "#missing"},
				"up": {"uv": [0, 0, 13, 0], "texture": "#missing"},
				"down": {"uv": [0, 0, 13, 0], "texture": "#missing"}
			}
		},
		{
			"from": [6, 6, 15],
			"to": [6, 6.5, 17],
			"rotation": {"angle": 22.5, "axis": "x", "origin": [6, 3.5, 16]},
			"faces": {
				"north": {"uv": [0, 0, 0, 8], "texture": "#missing"},
				"east": {"uv": [11, 2, 7, 3], "texture": "#1", "cullface": "south"},
				"south": {"uv": [0, 0, 0, 8], "texture": "#missing"},
				"west": {"uv": [7, 2, 11, 3], "texture": "#1", "cullface": "south"},
				"up": {"uv": [0, 0, 13, 0], "rotation": 270, "texture": "#missing"},
				"down": {"uv": [0, 0, 13, 0], "rotation": 90, "texture": "#missing"}
			}
		},
		{
			"from": [6, 5.5, 14.5],
			"to": [6, 6, 17],
			"rotation": {"angle": 22.5, "axis": "x", "origin": [6, 3.5, 16]},
			"faces": {
				"north": {"uv": [0, 0, 0, 8], "texture": "#missing"},
				"east": {"uv": [11, 3, 6, 4], "texture": "#1", "cullface": "south"},
				"south": {"uv": [0, 0, 0, 8], "texture": "#missing"},
				"west": {"uv": [6, 3, 11, 4], "texture": "#1", "cullface": "south"},
				"up": {"uv": [0, 0, 13, 0], "rotation": 270, "texture": "#missing"},
				"down": {"uv": [0, 0, 13, 0], "rotation": 90, "texture": "#missing"}
			}
		},
		{
			"from": [6, 5, 14],
			"to": [6, 5.5, 17],
			"rotation": {"angle": 22.5, "axis": "x", "origin": [6, 3.5, 16]},
			"faces": {
				"north": {"uv": [0, 0, 0, 8], "texture": "#missing"},
				"east": {"uv": [11, 4, 5, 5], "texture": "#1", "cullface": "south"},
				"south": {"uv": [0, 0, 0, 8], "texture": "#missing"},
				"west": {"uv": [5, 4, 11, 5], "texture": "#1", "cullface": "south"},
				"up": {"uv": [0, 0, 13, 0], "rotation": 270, "texture": "#missing"},
				"down": {"uv": [0, 0, 13, 0], "rotation": 90, "texture": "#missing"}
			}
		},
		{
			"from": [6, 1, 13],
			"to": [6, 3, 13.5],
			"rotation": {"angle": 22.5, "axis": "x", "origin": [6, 3.5, 16]},
			"faces": {
				"north": {"uv": [0, 0, 0, 8], "texture": "#missing"},
				"east": {"uv": [2, 9, 3, 13], "texture": "#1", "cullface": "south"},
				"south": {"uv": [0, 0, 0, 8], "texture": "#missing"},
				"west": {"uv": [2, 9, 3, 13], "texture": "#1", "cullface": "south"},
				"up": {"uv": [0, 0, 13, 0], "rotation": 270, "texture": "#missing"},
				"down": {"uv": [0, 0, 13, 0], "rotation": 90, "texture": "#missing"}
			}
		},
		{
			"from": [6, 0.5, 14],
			"to": [6, 1, 15.5],
			"rotation": {"angle": 22.5, "axis": "x", "origin": [6, 3.5, 16]},
			"faces": {
				"north": {"uv": [0, 0, 0, 8], "texture": "#missing"},
				"east": {"uv": [7, 13, 4, 14], "texture": "#1", "cullface": "south"},
				"south": {"uv": [0, 0, 0, 8], "texture": "#missing"},
				"west": {"uv": [4, 13, 7, 14], "texture": "#1", "cullface": "south"},
				"up": {"uv": [0, 0, 13, 0], "rotation": 270, "texture": "#missing"},
				"down": {"uv": [0, 0, 13, 0], "rotation": 90, "texture": "#missing"}
			}
		},
		{
			"from": [6, 0.5, 13.5],
			"to": [6, 3.5, 14],
			"rotation": {"angle": 22.5, "axis": "x", "origin": [6, 3.5, 16]},
			"faces": {
				"north": {"uv": [0, 0, 0, 8], "texture": "#missing"},
				"east": {"uv": [4, 8, 3, 14], "texture": "#1", "cullface": "south"},
				"south": {"uv": [0, 0, 0, 8], "texture": "#missing"},
				"west": {"uv": [3, 8, 4, 14], "texture": "#1", "cullface": "south"},
				"up": {"uv": [0, 0, 13, 0], "rotation": 270, "texture": "#missing"},
				"down": {"uv": [0, 0, 13, 0], "rotation": 90, "texture": "#missing"}
			}
		},
		{
			"from": [6, 1, 14],
			"to": [6, 5, 17],
			"rotation": {"angle": 22.5, "axis": "x", "origin": [6, 3.5, 16]},
			"faces": {
				"north": {"uv": [0, 0, 0, 8], "texture": "#missing"},
				"east": {"uv": [10, 5, 4, 13], "texture": "#1", "cullface": "south"},
				"south": {"uv": [0, 0, 0, 8], "texture": "#missing"},
				"west": {"uv": [4, 5, 10, 13], "texture": "#1", "cullface": "south"},
				"up": {"uv": [0, 0, 13, 0], "rotation": 270, "texture": "#missing"},
				"down": {"uv": [0, 0, 13, 0], "rotation": 90, "texture": "#missing"}
			}
		},
		{
			"from": [6, 3.5, 18.5],
			"to": [6, 5.5, 19],
			"rotation": {"angle": 22.5, "axis": "x", "origin": [6, 3.5, 16]},
			"faces": {
				"north": {"uv": [0, 0, 0, 8], "texture": "#missing"},
				"east": {"uv": [13, 4, 14, 8], "texture": "#1", "cullface": "south"},
				"south": {"uv": [0, 0, 0, 8], "texture": "#missing"},
				"west": {"uv": [13, 4, 14, 8], "texture": "#1", "cullface": "south"},
				"up": {"uv": [0, 0, 13, 0], "rotation": 270, "texture": "#missing"},
				"down": {"uv": [0, 0, 13, 0], "rotation": 90, "texture": "#missing"}
			}
		},
		{
			"from": [6, 2.5, 18],
			"to": [6, 6, 18.5],
			"rotation": {"angle": 22.5, "axis": "x", "origin": [6, 3.5, 16]},
			"faces": {
				"north": {"uv": [0, 0, 0, 8], "texture": "#missing"},
				"east": {"uv": [12, 3, 13, 10], "texture": "#1", "cullface": "south"},
				"south": {"uv": [0, 0, 0, 8], "texture": "#missing"},
				"west": {"uv": [12, 3, 13, 10], "texture": "#1", "cullface": "south"},
				"up": {"uv": [0, 0, 13, 0], "rotation": 270, "texture": "#missing"},
				"down": {"uv": [0, 0, 13, 0], "rotation": 90, "texture": "#missing"}
			}
		},
		{
			"from": [6, 2, 17.5],
			"to": [6, 6.5, 18],
			"rotation": {"angle": 22.5, "axis": "x", "origin": [6, 3.5, 16]},
			"faces": {
				"north": {"uv": [0, 0, 0, 8], "texture": "#missing"},
				"east": {"uv": [11, 2, 12, 11], "texture": "#1", "cullface": "south"},
				"south": {"uv": [0, 0, 0, 8], "texture": "#missing"},
				"west": {"uv": [11, 2, 12, 11], "texture": "#1", "cullface": "south"},
				"up": {"uv": [0, 0, 13, 0], "rotation": 270, "texture": "#missing"},
				"down": {"uv": [0, 0, 13, 0], "rotation": 90, "texture": "#missing"}
			}
		},
		{
			"from": [6, 1.5, 17],
			"to": [6, 6.5, 17.5],
			"rotation": {"angle": 22.5, "axis": "x", "origin": [6, 3.5, 16]},
			"faces": {
				"north": {"uv": [0, 0, 0, 8], "texture": "#missing"},
				"east": {"uv": [11, 2, 10, 12], "texture": "#1", "cullface": "south"},
				"south": {"uv": [0, 0, 0, 8], "texture": "#missing"},
				"west": {"uv": [10, 2, 11, 12], "texture": "#1", "cullface": "south"},
				"up": {"uv": [0, 0, 13, 0], "rotation": 270, "texture": "#missing"},
				"down": {"uv": [0, 0, 13, 0], "rotation": 90, "texture": "#missing"}
			}
		},
		{
			"from": [12.5, 8.5, -4],
			"to": [13, 8.5, 1],
			"rotation": {"angle": 22.5, "axis": "x", "origin": [14, 8.5, -1]},
			"faces": {
				"north": {"uv": [0, 0, 13, 0], "rotation": 180, "texture": "#missing"},
				"east": {"uv": [0, 0, 0, 8], "rotation": 90, "texture": "#missing"},
				"south": {"uv": [0, 0, 13, 0], "texture": "#missing"},
				"west": {"uv": [0, 0, 0, 8], "rotation": 270, "texture": "#missing"},
				"up": {"uv": [11, 2, 10, 12], "texture": "#1", "cullface": "north"},
				"down": {"uv": [10, 2, 11, 12], "rotation": 180, "texture": "#1", "cullface": "north"}
			}
		},
		{
			"from": [12, 8.5, -4],
			"to": [12.5, 8.5, 0.5],
			"rotation": {"angle": 22.5, "axis": "x", "origin": [14, 8.5, -1]},
			"faces": {
				"north": {"uv": [0, 0, 13, 0], "rotation": 180, "texture": "#missing"},
				"east": {"uv": [0, 0, 0, 8], "rotation": 90, "texture": "#missing"},
				"south": {"uv": [0, 0, 13, 0], "texture": "#missing"},
				"west": {"uv": [0, 0, 0, 8], "rotation": 270, "texture": "#missing"},
				"up": {"uv": [11, 2, 12, 11], "texture": "#1", "cullface": "north"},
				"down": {"uv": [11, 2, 12, 11], "rotation": 180, "texture": "#1", "cullface": "north"}
			}
		},
		{
			"from": [11.5, 8.5, -3.5],
			"to": [12, 8.5, 0],
			"rotation": {"angle": 22.5, "axis": "x", "origin": [14, 8.5, -1]},
			"faces": {
				"north": {"uv": [0, 0, 13, 0], "rotation": 180, "texture": "#missing"},
				"east": {"uv": [0, 0, 0, 8], "rotation": 90, "texture": "#missing"},
				"south": {"uv": [0, 0, 13, 0], "texture": "#missing"},
				"west": {"uv": [0, 0, 0, 8], "rotation": 270, "texture": "#missing"},
				"up": {"uv": [12, 3, 13, 10], "texture": "#1", "cullface": "north"},
				"down": {"uv": [12, 3, 13, 10], "rotation": 180, "texture": "#1", "cullface": "north"}
			}
		},
		{
			"from": [11, 8.5, -3],
			"to": [11.5, 8.5, -1],
			"rotation": {"angle": 22.5, "axis": "x", "origin": [14, 8.5, -1]},
			"faces": {
				"north": {"uv": [0, 0, 13, 0], "rotation": 180, "texture": "#missing"},
				"east": {"uv": [0, 0, 0, 8], "rotation": 90, "texture": "#missing"},
				"south": {"uv": [0, 0, 13, 0], "texture": "#missing"},
				"west": {"uv": [0, 0, 0, 8], "rotation": 270, "texture": "#missing"},
				"up": {"uv": [13, 4, 14, 8], "texture": "#1", "cullface": "north"},
				"down": {"uv": [13, 4, 14, 8], "rotation": 180, "texture": "#1", "cullface": "north"}
			}
		},
		{
			"from": [13, 8.5, -2.5],
			"to": [16, 8.5, 1.5],
			"rotation": {"angle": 22.5, "axis": "x", "origin": [14, 8.5, -1]},
			"faces": {
				"north": {"uv": [0, 0, 13, 0], "rotation": 180, "texture": "#missing"},
				"east": {"uv": [0, 0, 0, 8], "rotation": 90, "texture": "#missing"},
				"south": {"uv": [0, 0, 13, 0], "texture": "#missing"},
				"west": {"uv": [0, 0, 0, 8], "rotation": 270, "texture": "#missing"},
				"up": {"uv": [10, 5, 4, 13], "texture": "#1", "cullface": "north"},
				"down": {"uv": [4, 5, 10, 13], "rotation": 180, "texture": "#1", "cullface": "north"}
			}
		},
		{
			"from": [16, 8.5, -1],
			"to": [16.5, 8.5, 2],
			"rotation": {"angle": 22.5, "axis": "x", "origin": [14, 8.5, -1]},
			"faces": {
				"north": {"uv": [0, 0, 13, 0], "rotation": 180, "texture": "#missing"},
				"east": {"uv": [0, 0, 0, 8], "rotation": 90, "texture": "#missing"},
				"south": {"uv": [0, 0, 13, 0], "texture": "#missing"},
				"west": {"uv": [0, 0, 0, 8], "rotation": 270, "texture": "#missing"},
				"up": {"uv": [4, 8, 3, 14], "texture": "#1", "cullface": "north"},
				"down": {"uv": [3, 8, 4, 14], "rotation": 180, "texture": "#1", "cullface": "north"}
			}
		},
		{
			"from": [14.5, 8.5, 1.5],
			"to": [16, 8.5, 2],
			"rotation": {"angle": 22.5, "axis": "x", "origin": [14, 8.5, -1]},
			"faces": {
				"north": {"uv": [0, 0, 13, 0], "rotation": 180, "texture": "#missing"},
				"east": {"uv": [0, 0, 0, 8], "rotation": 90, "texture": "#missing"},
				"south": {"uv": [0, 0, 13, 0], "texture": "#missing"},
				"west": {"uv": [0, 0, 0, 8], "rotation": 270, "texture": "#missing"},
				"up": {"uv": [7, 13, 4, 14], "texture": "#1", "cullface": "north"},
				"down": {"uv": [4, 13, 7, 14], "rotation": 180, "texture": "#1", "cullface": "north"}
			}
		},
		{
			"from": [16.5, 8.5, -0.5],
			"to": [17, 8.5, 1.5],
			"rotation": {"angle": 22.5, "axis": "x", "origin": [14, 8.5, -1]},
			"faces": {
				"north": {"uv": [0, 0, 13, 0], "rotation": 180, "texture": "#missing"},
				"east": {"uv": [0, 0, 0, 8], "rotation": 90, "texture": "#missing"},
				"south": {"uv": [0, 0, 13, 0], "texture": "#missing"},
				"west": {"uv": [0, 0, 0, 8], "rotation": 270, "texture": "#missing"},
				"up": {"uv": [2, 9, 3, 13], "texture": "#1", "cullface": "north"},
				"down": {"uv": [2, 9, 3, 13], "rotation": 180, "texture": "#1", "cullface": "north"}
			}
		},
		{
			"from": [13, 8.5, -3],
			"to": [16, 8.5, -2.5],
			"rotation": {"angle": 22.5, "axis": "x", "origin": [14, 8.5, -1]},
			"faces": {
				"north": {"uv": [0, 0, 13, 0], "rotation": 180, "texture": "#missing"},
				"east": {"uv": [0, 0, 0, 8], "rotation": 90, "texture": "#missing"},
				"south": {"uv": [0, 0, 13, 0], "texture": "#missing"},
				"west": {"uv": [0, 0, 0, 8], "rotation": 270, "texture": "#missing"},
				"up": {"uv": [11, 4, 5, 5], "texture": "#1", "cullface": "north"},
				"down": {"uv": [5, 4, 11, 5], "rotation": 180, "texture": "#1", "cullface": "north"}
			}
		},
		{
			"from": [13, 8.5, -3.5],
			"to": [15.5, 8.5, -3],
			"rotation": {"angle": 22.5, "axis": "x", "origin": [14, 8.5, -1]},
			"faces": {
				"north": {"uv": [0, 0, 13, 0], "rotation": 180, "texture": "#missing"},
				"east": {"uv": [0, 0, 0, 8], "rotation": 90, "texture": "#missing"},
				"south": {"uv": [0, 0, 13, 0], "texture": "#missing"},
				"west": {"uv": [0, 0, 0, 8], "rotation": 270, "texture": "#missing"},
				"up": {"uv": [11, 3, 6, 4], "texture": "#1", "cullface": "north"},
				"down": {"uv": [6, 3, 11, 4], "rotation": 180, "texture": "#1", "cullface": "north"}
			}
		},
		{
			"from": [13, 8.5, -4],
			"to": [15, 8.5, -3.5],
			"rotation": {"angle": 22.5, "axis": "x", "origin": [14, 8.5, -1]},
			"faces": {
				"north": {"uv": [0, 0, 13, 0], "rotation": 180, "texture": "#missing"},
				"east": {"uv": [0, 0, 0, 8], "rotation": 90, "texture": "#missing"},
				"south": {"uv": [0, 0, 13, 0], "texture": "#missing"},
				"west": {"uv": [0, 0, 0, 8], "rotation": 270, "texture": "#missing"},
				"up": {"uv": [11, 2, 7, 3], "texture": "#1", "cullface": "north"},
				"down": {"uv": [7, 2, 11, 3], "rotation": 180, "texture": "#1", "cullface": "north"}
			}
		},
		{
			"from": [14, 7.5, -4],
			"to": [14, 9.5, -3.5],
			"rotation": {"angle": 22.5, "axis": "x", "origin": [14, 8.5, -1]},
			"faces": {
				"north": {"uv": [0, 0, 13, 0], "rotation": 90, "texture": "#missing"},
				"east": {"uv": [11, 2, 7, 3], "rotation": 90, "texture": "#1", "cullface": "north"},
				"south": {"uv": [0, 0, 13, 0], "rotation": 90, "texture": "#missing"},
				"west": {"uv": [7, 2, 11, 3], "rotation": 270, "texture": "#1", "cullface": "north"},
				"up": {"uv": [0, 0, 0, 8], "texture": "#missing"},
				"down": {"uv": [0, 0, 0, 8], "rotation": 180, "texture": "#missing"}
			}
		},
		{
			"from": [14, 7, -3.5],
			"to": [14, 9.5, -3],
			"rotation": {"angle": 22.5, "axis": "x", "origin": [14, 8.5, -1]},
			"faces": {
				"north": {"uv": [0, 0, 13, 0], "rotation": 90, "texture": "#missing"},
				"east": {"uv": [11, 3, 6, 4], "rotation": 90, "texture": "#1", "cullface": "north"},
				"south": {"uv": [0, 0, 13, 0], "rotation": 90, "texture": "#missing"},
				"west": {"uv": [6, 3, 11, 4], "rotation": 270, "texture": "#1", "cullface": "north"},
				"up": {"uv": [0, 0, 0, 8], "texture": "#missing"},
				"down": {"uv": [0, 0, 0, 8], "rotation": 180, "texture": "#missing"}
			}
		},
		{
			"from": [14, 6.5, -3],
			"to": [14, 9.5, -2.5],
			"rotation": {"angle": 22.5, "axis": "x", "origin": [14, 8.5, -1]},
			"faces": {
				"north": {"uv": [0, 0, 13, 0], "rotation": 90, "texture": "#missing"},
				"east": {"uv": [11, 4, 5, 5], "rotation": 90, "texture": "#1", "cullface": "north"},
				"south": {"uv": [0, 0, 13, 0], "rotation": 90, "texture": "#missing"},
				"west": {"uv": [5, 4, 11, 5], "rotation": 270, "texture": "#1", "cullface": "north"},
				"up": {"uv": [0, 0, 0, 8], "texture": "#missing"},
				"down": {"uv": [0, 0, 0, 8], "rotation": 180, "texture": "#missing"}
			}
		},
		{
			"from": [14, 5.5, -0.5],
			"to": [14, 6, 1.5],
			"rotation": {"angle": 22.5, "axis": "x", "origin": [14, 8.5, -1]},
			"faces": {
				"north": {"uv": [0, 0, 13, 0], "rotation": 90, "texture": "#missing"},
				"east": {"uv": [2, 9, 3, 13], "rotation": 90, "texture": "#1", "cullface": "north"},
				"south": {"uv": [0, 0, 13, 0], "rotation": 90, "texture": "#missing"},
				"west": {"uv": [2, 9, 3, 13], "rotation": 270, "texture": "#1", "cullface": "north"},
				"up": {"uv": [0, 0, 0, 8], "texture": "#missing"},
				"down": {"uv": [0, 0, 0, 8], "rotation": 180, "texture": "#missing"}
			}
		},
		{
			"from": [14, 6.5, 1.5],
			"to": [14, 8, 2],
			"rotation": {"angle": 22.5, "axis": "x", "origin": [14, 8.5, -1]},
			"faces": {
				"north": {"uv": [0, 0, 13, 0], "rotation": 90, "texture": "#missing"},
				"east": {"uv": [7, 13, 4, 14], "rotation": 90, "texture": "#1", "cullface": "north"},
				"south": {"uv": [0, 0, 13, 0], "rotation": 90, "texture": "#missing"},
				"west": {"uv": [4, 13, 7, 14], "rotation": 270, "texture": "#1", "cullface": "north"},
				"up": {"uv": [0, 0, 0, 8], "texture": "#missing"},
				"down": {"uv": [0, 0, 0, 8], "rotation": 180, "texture": "#missing"}
			}
		},
		{
			"from": [14, 6, -1],
			"to": [14, 6.5, 2],
			"rotation": {"angle": 22.5, "axis": "x", "origin": [14, 8.5, -1]},
			"faces": {
				"north": {"uv": [0, 0, 13, 0], "rotation": 90, "texture": "#missing"},
				"east": {"uv": [4, 8, 3, 14], "rotation": 90, "texture": "#1", "cullface": "north"},
				"south": {"uv": [0, 0, 13, 0], "rotation": 90, "texture": "#missing"},
				"west": {"uv": [3, 8, 4, 14], "rotation": 270, "texture": "#1", "cullface": "north"},
				"up": {"uv": [0, 0, 0, 8], "texture": "#missing"},
				"down": {"uv": [0, 0, 0, 8], "rotation": 180, "texture": "#missing"}
			}
		},
		{
			"from": [14, 6.5, -2.5],
			"to": [14, 9.5, 1.5],
			"rotation": {"angle": 22.5, "axis": "x", "origin": [14, 8.5, -1]},
			"faces": {
				"north": {"uv": [0, 0, 13, 0], "rotation": 90, "texture": "#missing"},
				"east": {"uv": [10, 5, 4, 13], "rotation": 90, "texture": "#1", "cullface": "north"},
				"south": {"uv": [0, 0, 13, 0], "rotation": 90, "texture": "#missing"},
				"west": {"uv": [4, 5, 10, 13], "rotation": 270, "texture": "#1", "cullface": "north"},
				"up": {"uv": [0, 0, 0, 8], "texture": "#missing"},
				"down": {"uv": [0, 0, 0, 8], "rotation": 180, "texture": "#missing"}
			}
		},
		{
			"from": [14, 11, -3],
			"to": [14, 11.5, -1],
			"rotation": {"angle": 22.5, "axis": "x", "origin": [14, 8.5, -1]},
			"faces": {
				"north": {"uv": [0, 0, 13, 0], "rotation": 90, "texture": "#missing"},
				"east": {"uv": [13, 4, 14, 8], "rotation": 90, "texture": "#1", "cullface": "north"},
				"south": {"uv": [0, 0, 13, 0], "rotation": 90, "texture": "#missing"},
				"west": {"uv": [13, 4, 14, 8], "rotation": 270, "texture": "#1", "cullface": "north"},
				"up": {"uv": [0, 0, 0, 8], "texture": "#missing"},
				"down": {"uv": [0, 0, 0, 8], "rotation": 180, "texture": "#missing"}
			}
		},
		{
			"from": [14, 10.5, -3.5],
			"to": [14, 11, 0],
			"rotation": {"angle": 22.5, "axis": "x", "origin": [14, 8.5, -1]},
			"faces": {
				"north": {"uv": [0, 0, 13, 0], "rotation": 90, "texture": "#missing"},
				"east": {"uv": [12, 3, 13, 10], "rotation": 90, "texture": "#1", "cullface": "north"},
				"south": {"uv": [0, 0, 13, 0], "rotation": 90, "texture": "#missing"},
				"west": {"uv": [12, 3, 13, 10], "rotation": 270, "texture": "#1", "cullface": "north"},
				"up": {"uv": [0, 0, 0, 8], "texture": "#missing"},
				"down": {"uv": [0, 0, 0, 8], "rotation": 180, "texture": "#missing"}
			}
		},
		{
			"from": [14, 10, -4],
			"to": [14, 10.5, 0.5],
			"rotation": {"angle": 22.5, "axis": "x", "origin": [14, 8.5, -1]},
			"faces": {
				"north": {"uv": [0, 0, 13, 0], "rotation": 90, "texture": "#missing"},
				"east": {"uv": [11, 2, 12, 11], "rotation": 90, "texture": "#1", "cullface": "north"},
				"south": {"uv": [0, 0, 13, 0], "rotation": 90, "texture": "#missing"},
				"west": {"uv": [11, 2, 12, 11], "rotation": 270, "texture": "#1", "cullface": "north"},
				"up": {"uv": [0, 0, 0, 8], "texture": "#missing"},
				"down": {"uv": [0, 0, 0, 8], "rotation": 180, "texture": "#missing"}
			}
		},
		{
			"from": [14, 9.5, -4],
			"to": [14, 10, 1],
			"rotation": {"angle": 22.5, "axis": "x", "origin": [14, 8.5, -1]},
			"faces": {
				"north": {"uv": [0, 0, 13, 0], "rotation": 90, "texture": "#missing"},
				"east": {"uv": [11, 2, 10, 12], "rotation": 90, "texture": "#1", "cullface": "north"},
				"south": {"uv": [0, 0, 13, 0], "rotation": 90, "texture": "#missing"},
				"west": {"uv": [10, 2, 11, 12], "rotation": 270, "texture": "#1", "cullface": "north"},
				"up": {"uv": [0, 0, 0, 8], "texture": "#missing"},
				"down": {"uv": [0, 0, 0, 8], "rotation": 180, "texture": "#missing"}
			}
		}
	],
	"groups": [
		0,
		{
			"name": "group",
			"origin": [13, 14, -14],
			"color": 0,
			"children": [1, 2, 3, 4, 5, 6, 7, 8, 9, 10, 11, 12, 13, 14, 15, 16, 17, 18, 19, 20, 21, 22]
		},
		{
			"name": "group",
			"origin": [13, 14, -14],
			"color": 0,
			"children": [23, 24, 25, 26, 27, 28, 29, 30, 31, 32, 33, 34, 35, 36, 37, 38, 39, 40, 41, 42, 43, 44]
		},
		{
			"name": "group",
			"origin": [13, 14, -14],
			"color": 0,
			"children": [45, 46, 47, 48, 49, 50, 51, 52, 53, 54, 55, 56, 57, 58, 59, 60, 61, 62, 63, 64, 65, 66]
		}
	]
}