{
	"credit": "Made with Blockbench",
	"textures": {
		"0": "block/nether_quartz_ore",
		"1": "block/quartz",
		"particle": "block/nether_quartz_ore"
	},
	"elements": [
		{
			"from": [0, 0, 0],
			"to": [16, 16, 16],
			"faces": {
				"north": {"uv": [0, 0, 16, 16], "texture": "#0", "cullface": "north"},
				"east": {"uv": [0, 0, 16, 16], "texture": "#0", "cullface": "east"},
				"south": {"uv": [0, 0, 16, 16], "texture": "#0", "cullface": "south"},
				"west": {"uv": [0, 0, 16, 16], "texture": "#0", "cullface": "west"},
				"up": {"uv": [0, 0, 16, 16], "texture": "#0", "cullface": "up"},
				"down": {"uv": [0, 0, 16, 16], "texture": "#0", "cullface": "down"}
			}
		},
		{
			"from": [-1, 14, 4],
			"to": [3.5, 19, 4],
			"rotation": {"angle": 22.5, "axis": "z", "origin": [0.875, 16.875, 4]},
			"faces": {
				"north": {"uv": [3, 4, 12, 14], "texture": "#1", "cullface": "up"},
				"east": {"uv": [0, 0, 0, 8], "texture": "#missing"},
				"south": {"uv": [12, 4, 3, 14], "texture": "#1", "cullface": "up"},
				"west": {"uv": [0, 0, 0, 8], "texture": "#missing"},
				"up": {"uv": [0, 0, 13, 0], "texture": "#missing"},
				"down": {"uv": [0, 0, 13, 0], "texture": "#missing"}
			}
		},
		{
			"from": [3.5, 14.5, 4],
			"to": [4.5, 17, 4],
			"rotation": {"angle": 22.5, "axis": "z", "origin": [0.875, 16.875, 4]},
			"faces": {
				"north": {"uv": [1, 8, 3, 13], "texture": "#1", "cullface": "up"},
				"east": {"uv": [0, 0, 0, 8], "texture": "#missing"},
				"south": {"uv": [3, 8, 1, 13], "texture": "#1", "cullface": "up"},
				"west": {"uv": [0, 0, 0, 8], "texture": "#missing"},
				"up": {"uv": [0, 0, 13, 0], "texture": "#missing"},
				"down": {"uv": [0, 0, 13, 0], "texture": "#missing"}
			}
		},
		{
			"from": [3.5, 14, 4],
			"to": [4, 14.5, 4],
			"rotation": {"angle": 22.5, "axis": "z", "origin": [0.875, 16.875, 4]},
			"faces": {
				"north": {"uv": [2, 13, 3, 14], "texture": "#1", "cullface": "up"},
				"east": {"uv": [0, 0, 0, 8], "texture": "#missing"},
				"south": {"uv": [3, 13, 2, 14], "texture": "#1", "cullface": "up"},
				"west": {"uv": [0, 0, 0, 8], "texture": "#missing"},
				"up": {"uv": [0, 0, 13, 0], "texture": "#missing"},
				"down": {"uv": [0, 0, 13, 0], "texture": "#missing"}
			}
		},
		{
			"from": [2.5, 13.5, 4],
			"to": [3.5, 14, 4],
			"rotation": {"angle": 22.5, "axis": "z", "origin": [0.875, 16.875, 4]},
			"faces": {
				"north": {"uv": [3, 14, 5, 15], "texture": "#1", "cullface": "up"},
				"east": {"uv": [0, 0, 0, 8], "texture": "#missing"},
				"south": {"uv": [5, 14, 3, 15], "texture": "#1", "cullface": "up"},
				"west": {"uv": [0, 0, 0, 8], "texture": "#missing"},
				"up": {"uv": [0, 0, 13, 0], "texture": "#missing"},
				"down": {"uv": [0, 0, 13, 0], "texture": "#missing"}
			}
		},
		{
			"from": [0.5, 13.5, 4],
			"to": [1.5, 14, 4],
			"rotation": {"angle": 22.5, "axis": "z", "origin": [0.875, 16.875, 4]},
			"faces": {
				"north": {"uv": [7, 14, 9, 15], "texture": "#1", "cullface": "up"},
				"east": {"uv": [0, 0, 0, 8], "texture": "#missing"},
				"south": {"uv": [9, 14, 7, 15], "texture": "#1", "cullface": "up"},
				"west": {"uv": [0, 0, 0, 8], "texture": "#missing"},
				"up": {"uv": [0, 0, 13, 0], "texture": "#missing"},
				"down": {"uv": [0, 0, 13, 0], "texture": "#missing"}
			}
		},
		{
			"from": [-1, 13.5, 4],
			"to": [0, 14, 4],
			"rotation": {"angle": 22.5, "axis": "z", "origin": [0.875, 16.875, 4]},
			"faces": {
				"north": {"uv": [10, 14, 12, 15], "texture": "#1", "cullface": "up"},
				"east": {"uv": [0, 0, 0, 8], "texture": "#missing"},
				"south": {"uv": [12, 14, 10, 15], "texture": "#1", "cullface": "up"},
				"west": {"uv": [0, 0, 0, 8], "texture": "#missing"},
				"up": {"uv": [0, 0, 13, 0], "texture": "#missing"},
				"down": {"uv": [0, 0, 13, 0], "texture": "#missing"}
			}
		},
		{
			"from": [3.5, 18, 4],
			"to": [4.5, 20, 4],
			"rotation": {"angle": 22.5, "axis": "z", "origin": [0.875, 16.875, 4]},
			"faces": {
				"north": {"uv": [1, 2, 3, 6], "texture": "#1", "cullface": "up"},
				"east": {"uv": [0, 0, 0, 8], "texture": "#missing"},
				"south": {"uv": [3, 2, 1, 6], "texture": "#1", "cullface": "up"},
				"west": {"uv": [0, 0, 0, 8], "texture": "#missing"},
				"up": {"uv": [0, 0, 13, 0], "texture": "#missing"},
				"down": {"uv": [0, 0, 13, 0], "texture": "#missing"}
			}
		},
		{
			"from": [3, 19, 4],
			"to": [3.5, 20, 4],
			"rotation": {"angle": 22.5, "axis": "z", "origin": [0.875, 16.875, 4]},
			"faces": {
				"north": {"uv": [3, 2, 4, 4], "texture": "#1", "cullface": "up"},
				"east": {"uv": [0, 0, 0, 8], "texture": "#missing"},
				"south": {"uv": [4, 2, 3, 4], "texture": "#1", "cullface": "up"},
				"west": {"uv": [0, 0, 0, 8], "texture": "#missing"},
				"up": {"uv": [0, 0, 13, 0], "texture": "#missing"},
				"down": {"uv": [0, 0, 13, 0], "texture": "#missing"}
			}
		},
		{
			"from": [2.5, 19, 4],
			"to": [3, 19.5, 4],
			"rotation": {"angle": 22.5, "axis": "z", "origin": [0.875, 16.875, 4]},
			"faces": {
				"north": {"uv": [4, 3, 5, 4], "texture": "#1", "cullface": "up"},
				"east": {"uv": [0, 0, 0, 8], "texture": "#missing"},
				"south": {"uv": [5, 3, 4, 4], "texture": "#1", "cullface": "up"},
				"west": {"uv": [0, 0, 0, 8], "texture": "#missing"},
				"up": {"uv": [0, 0, 13, 0], "texture": "#missing"},
				"down": {"uv": [0, 0, 13, 0], "texture": "#missing"}
			}
		},
		{
			"from": [1.5, 19, 4],
			"to": [2, 19.5, 4],
			"rotation": {"angle": 22.5, "axis": "z", "origin": [0.875, 16.875, 4]},
			"faces": {
				"north": {"uv": [6, 3, 7, 4], "texture": "#1", "cullface": "up"},
				"east": {"uv": [0, 0, 0, 8], "texture": "#missing"},
				"south": {"uv": [7, 3, 6, 4], "texture": "#1", "cullface": "up"},
				"west": {"uv": [0, 0, 0, 8], "texture": "#missing"},
				"up": {"uv": [0, 0, 13, 0], "texture": "#missing"},
				"down": {"uv": [0, 0, 13, 0], "texture": "#missing"}
			}
		},
		{
			"from": [3.5, 17.5, 4],
			"to": [4, 18, 4],
			"rotation": {"angle": 22.5, "axis": "z", "origin": [0.875, 16.875, 4]},
			"faces": {
				"north": {"uv": [2, 6, 3, 7], "texture": "#1", "cullface": "up"},
				"east": {"uv": [0, 0, 0, 8], "texture": "#missing"},
				"south": {"uv": [3, 6, 2, 7], "texture": "#1", "cullface": "up"},
				"west": {"uv": [0, 0, 0, 8], "texture": "#missing"},
				"up": {"uv": [0, 0, 13, 0], "texture": "#missing"},
				"down": {"uv": [0, 0, 13, 0], "texture": "#missing"}
			}
		},
		{
			"from": [-2, 17, 4],
			"to": [-1, 18.5, 4],
			"rotation": {"angle": 22.5, "axis": "z", "origin": [0.875, 16.875, 4]},
			"faces": {
				"north": {"uv": [12, 5, 14, 8], "texture": "#1", "cullface": "up"},
				"east": {"uv": [0, 0, 0, 8], "texture": "#missing"},
				"south": {"uv": [14, 5, 12, 8], "texture": "#1", "cullface": "up"},
				"west": {"uv": [0, 0, 0, 8], "texture": "#missing"},
				"up": {"uv": [0, 0, 13, 0], "texture": "#missing"},
				"down": {"uv": [0, 0, 13, 0], "texture": "#missing"}
			}
		},
		{
			"from": [-1.5, 14, 4],
			"to": [-1, 17, 4],
			"rotation": {"angle": 22.5, "axis": "z", "origin": [0.875, 16.875, 4]},
			"faces": {
				"north": {"uv": [12, 8, 13, 14], "texture": "#1", "cullface": "up"},
				"east": {"uv": [0, 0, 0, 8], "texture": "#missing"},
				"south": {"uv": [13, 8, 12, 14], "texture": "#1", "cullface": "up"},
				"west": {"uv": [0, 0, 0, 8], "texture": "#missing"},
				"up": {"uv": [0, 0, 13, 0], "texture": "#missing"},
				"down": {"uv": [0, 0, 13, 0], "texture": "#missing"}
			}
		},
		{
			"from": [-2, 14.5, 4],
			"to": [-1.5, 16.5, 4],
			"rotation": {"angle": 22.5, "axis": "z", "origin": [0.875, 16.875, 4]},
			"faces": {
				"north": {"uv": [13, 9, 14, 13], "texture": "#1", "cullface": "up"},
				"east": {"uv": [0, 0, 0, 8], "texture": "#missing"},
				"south": {"uv": [14, 9, 13, 13], "texture": "#1", "cullface": "up"},
				"west": {"uv": [0, 0, 0, 8], "texture": "#missing"},
				"up": {"uv": [0, 0, 13, 0], "texture": "#missing"},
				"down": {"uv": [0, 0, 13, 0], "texture": "#missing"}
			}
		},
		{
			"from": [-2.5, 15, 4],
			"to": [-2, 16.5, 4],
			"rotation": {"angle": 22.5, "axis": "z", "origin": [0.875, 16.875, 4]},
			"faces": {
				"north": {"uv": [14, 9, 15, 12], "texture": "#1", "cullface": "up"},
				"east": {"uv": [0, 0, 0, 8], "texture": "#missing"},
				"south": {"uv": [15, 9, 14, 12], "texture": "#1", "cullface": "up"},
				"west": {"uv": [0, 0, 0, 8], "texture": "#missing"},
				"up": {"uv": [0, 0, 13, 0], "texture": "#missing"},
				"down": {"uv": [0, 0, 13, 0], "texture": "#missing"}
			}
		},
		{
			"from": [-1, 19, 4],
			"to": [0.5, 21, 4],
			"rotation": {"angle": 22.5, "axis": "z", "origin": [0.875, 16.875, 4]},
			"faces": {
				"north": {"uv": [9, 0, 12, 4], "texture": "#1", "cullface": "up"},
				"east": {"uv": [0, 0, 0, 8], "texture": "#missing"},
				"south": {"uv": [12, 0, 9, 4], "texture": "#1", "cullface": "up"},
				"west": {"uv": [0, 0, 0, 8], "texture": "#missing"},
				"up": {"uv": [0, 0, 13, 0], "texture": "#missing"},
				"down": {"uv": [0, 0, 13, 0], "texture": "#missing"}
			}
		},
		{
			"from": [0.5, 19, 4],
			"to": [1, 20.5, 4],
			"rotation": {"angle": 22.5, "axis": "z", "origin": [0.875, 16.875, 4]},
			"faces": {
				"north": {"uv": [8, 1, 9, 4], "texture": "#1", "cullface": "up"},
				"east": {"uv": [0, 0, 0, 8], "texture": "#missing"},
				"south": {"uv": [9, 1, 8, 4], "texture": "#1", "cullface": "up"},
				"west": {"uv": [0, 0, 0, 8], "texture": "#missing"},
				"up": {"uv": [0, 0, 13, 0], "texture": "#missing"},
				"down": {"uv": [0, 0, 13, 0], "texture": "#missing"}
			}
		},
		{
			"from": [1, 19, 4],
			"to": [1.5, 20, 4],
			"rotation": {"angle": 22.5, "axis": "z", "origin": [0.875, 16.875, 4]},
			"faces": {
				"north": {"uv": [7, 2, 8, 4], "texture": "#1", "cullface": "up"},
				"east": {"uv": [0, 0, 0, 8], "texture": "#missing"},
				"south": {"uv": [8, 2, 7, 4], "texture": "#1", "cullface": "up"},
				"west": {"uv": [0, 0, 0, 8], "texture": "#missing"},
				"up": {"uv": [0, 0, 13, 0], "texture": "#missing"},
				"down": {"uv": [0, 0, 13, 0], "texture": "#missing"}
			}
		},
		{
			"from": [1.5, 19, 4.125],
			"to": [1.5, 20, 4.625],
			"rotation": {"angle": 22.5, "axis": "z", "origin": [0.875, 16.875, 4]},
			"faces": {
				"north": {"uv": [0, 0, 0, 8], "texture": "#missing"},
				"east": {"uv": [7, 2, 8, 4], "texture": "#1", "cullface": "up"},
				"south": {"uv": [0, 0, 0, 8], "texture": "#missing"},
				"west": {"uv": [8, 2, 7, 4], "texture": "#1", "cullface": "up"},
				"up": {"uv": [0, 0, 13, 0], "rotation": 90, "texture": "#missing"},
				"down": {"uv": [0, 0, 13, 0], "rotation": 270, "texture": "#missing"}
			}
		},
		{
			"from": [1.5, 19, 3.625],
			"to": [1.5, 20.5, 4.125],
			"rotation": {"angle": 22.5, "axis": "z", "origin": [0.875, 16.875, 4]},
			"faces": {
				"north": {"uv": [0, 0, 0, 8], "texture": "#missing"},
				"east": {"uv": [8, 1, 9, 4], "texture": "#1", "cullface": "up"},
				"south": {"uv": [0, 0, 0, 8], "texture": "#missing"},
				"west": {"uv": [9, 1, 8, 4], "texture": "#1", "cullface": "up"},
				"up": {"uv": [0, 0, 13, 0], "rotation": 90, "texture": "#missing"},
				"down": {"uv": [0, 0, 13, 0], "rotation": 270, "texture": "#missing"}
			}
		},
		{
			"from": [1.5, 19, 2.125],
			"to": [1.5, 21, 3.625],
			"rotation": {"angle": 22.5, "axis": "z", "origin": [0.875, 16.875, 4]},
			"faces": {
				"north": {"uv": [0, 0, 0, 8], "texture": "#missing"},
				"east": {"uv": [9, 0, 12, 4], "texture": "#1", "cullface": "up"},
				"south": {"uv": [0, 0, 0, 8], "texture": "#missing"},
				"west": {"uv": [12, 0, 9, 4], "texture": "#1", "cullface": "up"},
				"up": {"uv": [0, 0, 13, 0], "rotation": 90, "texture": "#missing"},
				"down": {"uv": [0, 0, 13, 0], "rotation": 270, "texture": "#missing"}
			}
		},
		{
			"from": [1.5, 15, 0.625],
			"to": [1.5, 16.5, 1.125],
			"rotation": {"angle": 22.5, "axis": "z", "origin": [0.875, 16.875, 4]},
			"faces": {
				"north": {"uv": [0, 0, 0, 8], "texture": "#missing"},
				"east": {"uv": [14, 9, 15, 12], "texture": "#1", "cullface": "up"},
				"south": {"uv": [0, 0, 0, 8], "texture": "#missing"},
				"west": {"uv": [15, 9, 14, 12], "texture": "#1", "cullface": "up"},
				"up": {"uv": [0, 0, 13, 0], "rotation": 90, "texture": "#missing"},
				"down": {"uv": [0, 0, 13, 0], "rotation": 270, "texture": "#missing"}
			}
		},
		{
			"from": [1.5, 14.5, 1.125],
			"to": [1.5, 16.5, 1.625],
			"rotation": {"angle": 22.5, "axis": "z", "origin": [0.875, 16.875, 4]},
			"faces": {
				"north": {"uv": [0, 0, 0, 8], "texture": "#missing"},
				"east": {"uv": [13, 9, 14, 13], "texture": "#1", "cullface": "up"},
				"south": {"uv": [0, 0, 0, 8], "texture": "#missing"},
				"west": {"uv": [14, 9, 13, 13], "texture": "#1", "cullface": "up"},
				"up": {"uv": [0, 0, 13, 0], "rotation": 90, "texture": "#missing"},
				"down": {"uv": [0, 0, 13, 0], "rotation": 270, "texture": "#missing"}
			}
		},
		{
			"from": [1.5, 14, 1.625],
			"to": [1.5, 17, 2.125],
			"rotation": {"angle": 22.5, "axis": "z", "origin": [0.875, 16.875, 4]},
			"faces": {
				"north": {"uv": [0, 0, 0, 8], "texture": "#missing"},
				"east": {"uv": [12, 8, 13, 14], "texture": "#1", "cullface": "up"},
				"south": {"uv": [0, 0, 0, 8], "texture": "#missing"},
				"west": {"uv": [13, 8, 12, 14], "texture": "#1", "cullface": "up"},
				"up": {"uv": [0, 0, 13, 0], "rotation": 90, "texture": "#missing"},
				"down": {"uv": [0, 0, 13, 0], "rotation": 270, "texture": "#missing"}
			}
		},
		{
			"from": [1.5, 17, 1.125],
			"to": [1.5, 18.5, 2.125],
			"rotation": {"angle": 22.5, "axis": "z", "origin": [0.875, 16.875, 4]},
			"faces": {
				"north": {"uv": [0, 0, 0, 8], "texture": "#missing"},
				"east": {"uv": [12, 5, 14, 8], "texture": "#1", "cullface": "up"},
				"south": {"uv": [0, 0, 0, 8], "texture": "#missing"},
				"west": {"uv": [14, 5, 12, 8], "texture": "#1", "cullface": "up"},
				"up": {"uv": [0, 0, 13, 0], "rotation": 90, "texture": "#missing"},
				"down": {"uv": [0, 0, 13, 0], "rotation": 270, "texture": "#missing"}
			}
		},
		{
			"from": [1.5, 17.5, 6.625],
			"to": [1.5, 18, 7.125],
			"rotation": {"angle": 22.5, "axis": "z", "origin": [0.875, 16.875, 4]},
			"faces": {
				"north": {"uv": [0, 0, 0, 8], "texture": "#missing"},
				"east": {"uv": [2, 6, 3, 7], "texture": "#1", "cullface": "up"},
				"south": {"uv": [0, 0, 0, 8], "texture": "#missing"},
				"west": {"uv": [3, 6, 2, 7], "texture": "#1", "cullface": "up"},
				"up": {"uv": [0, 0, 13, 0], "rotation": 90, "texture": "#missing"},
				"down": {"uv": [0, 0, 13, 0], "rotation": 270, "texture": "#missing"}
			}
		},
		{
			"from": [1.5, 19, 4.625],
			"to": [1.5, 19.5, 5.125],
			"rotation": {"angle": 22.5, "axis": "z", "origin": [0.875, 16.875, 4]},
			"faces": {
				"north": {"uv": [0, 0, 0, 8], "texture": "#missing"},
				"east": {"uv": [6, 3, 7, 4], "texture": "#1", "cullface": "up"},
				"south": {"uv": [0, 0, 0, 8], "texture": "#missing"},
				"west": {"uv": [7, 3, 6, 4], "texture": "#1", "cullface": "up"},
				"up": {"uv": [0, 0, 13, 0], "rotation": 90, "texture": "#missing"},
				"down": {"uv": [0, 0, 13, 0], "rotation": 270, "texture": "#missing"}
			}
		},
		{
			"from": [1.5, 19, 5.625],
			"to": [1.5, 19.5, 6.125],
			"rotation": {"angle": 22.5, "axis": "z", "origin": [0.875, 16.875, 4]},
			"faces": {
				"north": {"uv": [0, 0, 0, 8], "texture": "#missing"},
				"east": {"uv": [4, 3, 5, 4], "texture": "#1", "cullface": "up"},
				"south": {"uv": [0, 0, 0, 8], "texture": "#missing"},
				"west": {"uv": [5, 3, 4, 4], "texture": "#1", "cullface": "up"},
				"up": {"uv": [0, 0, 13, 0], "rotation": 90, "texture": "#missing"},
				"down": {"uv": [0, 0, 13, 0], "rotation": 270, "texture": "#missing"}
			}
		},
		{
			"from": [1.5, 19, 6.125],
			"to": [1.5, 20, 6.625],
			"rotation": {"angle": 22.5, "axis": "z", "origin": [0.875, 16.875, 4]},
			"faces": {
				"north": {"uv": [0, 0, 0, 8], "texture": "#missing"},
				"east": {"uv": [3, 2, 4, 4], "texture": "#1", "cullface": "up"},
				"south": {"uv": [0, 0, 0, 8], "texture": "#missing"},
				"west": {"uv": [4, 2, 3, 4], "texture": "#1", "cullface": "up"},
				"up": {"uv": [0, 0, 13, 0], "rotation": 90, "texture": "#missing"},
				"down": {"uv": [0, 0, 13, 0], "rotation": 270, "texture": "#missing"}
			}
		},
		{
			"from": [1.5, 18, 6.625],
			"to": [1.5, 20, 7.625],
			"rotation": {"angle": 22.5, "axis": "z", "origin": [0.875, 16.875, 4]},
			"faces": {
				"north": {"uv": [0, 0, 0, 8], "texture": "#missing"},
				"east": {"uv": [1, 2, 3, 6], "texture": "#1", "cullface": "up"},
				"south": {"uv": [0, 0, 0, 8], "texture": "#missing"},
				"west": {"uv": [3, 2, 1, 6], "texture": "#1", "cullface": "up"},
				"up": {"uv": [0, 0, 13, 0], "rotation": 90, "texture": "#missing"},
				"down": {"uv": [0, 0, 13, 0], "rotation": 270, "texture": "#missing"}
			}
		},
		{
			"from": [1.5, 13.5, 2.125],
			"to": [1.5, 14, 3.125],
			"rotation": {"angle": 22.5, "axis": "z", "origin": [0.875, 16.875, 4]},
			"faces": {
				"north": {"uv": [0, 0, 0, 8], "texture": "#missing"},
				"east": {"uv": [10, 14, 12, 15], "texture": "#1", "cullface": "up"},
				"south": {"uv": [0, 0, 0, 8], "texture": "#missing"},
				"west": {"uv": [12, 14, 10, 15], "texture": "#1", "cullface": "up"},
				"up": {"uv": [0, 0, 13, 0], "rotation": 90, "texture": "#missing"},
				"down": {"uv": [0, 0, 13, 0], "rotation": 270, "texture": "#missing"}
			}
		},
		{
			"from": [1.5, 13.5, 3.625],
			"to": [1.5, 14, 4.625],
			"rotation": {"angle": 22.5, "axis": "z", "origin": [0.875, 16.875, 4]},
			"faces": {
				"north": {"uv": [0, 0, 0, 8], "texture": "#missing"},
				"east": {"uv": [7, 14, 9, 15], "texture": "#1", "cullface": "up"},
				"south": {"uv": [0, 0, 0, 8], "texture": "#missing"},
				"west": {"uv": [9, 14, 7, 15], "texture": "#1", "cullface": "up"},
				"up": {"uv": [0, 0, 13, 0], "rotation": 90, "texture": "#missing"},
				"down": {"uv": [0, 0, 13, 0], "rotation": 270, "texture": "#missing"}
			}
		},
		{
			"from": [1.5, 13.5, 5.625],
			"to": [1.5, 14, 6.625],
			"rotation": {"angle": 22.5, "axis": "z", "origin": [0.875, 16.875, 4]},
			"faces": {
				"north": {"uv": [0, 0, 0, 8], "texture": "#missing"},
				"east": {"uv": [3, 14, 5, 15], "texture": "#1", "cullface": "up"},
				"south": {"uv": [0, 0, 0, 8], "texture": "#missing"},
				"west": {"uv": [5, 14, 3, 15], "texture": "#1", "cullface": "up"},
				"up": {"uv": [0, 0, 13, 0], "rotation": 90, "texture": "#missing"},
				"down": {"uv": [0, 0, 13, 0], "rotation": 270, "texture": "#missing"}
			}
		},
		{
			"from": [1.5, 14, 6.625],
			"to": [1.5, 14.5, 7.125],
			"rotation": {"angle": 22.5, "axis": "z", "origin": [0.875, 16.875, 4]},
			"faces": {
				"north": {"uv": [0, 0, 0, 8], "texture": "#missing"},
				"east": {"uv": [2, 13, 3, 14], "texture": "#1", "cullface": "up"},
				"south": {"uv": [0, 0, 0, 8], "texture": "#missing"},
				"west": {"uv": [3, 13, 2, 14], "texture": "#1", "cullface": "up"},
				"up": {"uv": [0, 0, 13, 0], "rotation": 90, "texture": "#missing"},
				"down": {"uv": [0, 0, 13, 0], "rotation": 270, "texture": "#missing"}
			}
		},
		{
			"from": [1.5, 14.5, 6.625],
			"to": [1.5, 17, 7.625],
			"rotation": {"angle": 22.5, "axis": "z", "origin": [0.875, 16.875, 4]},
			"faces": {
				"north": {"uv": [0, 0, 0, 8], "texture": "#missing"},
				"east": {"uv": [1, 8, 3, 13], "texture": "#1", "cullface": "up"},
				"south": {"uv": [0, 0, 0, 8], "texture": "#missing"},
				"west": {"uv": [3, 8, 1, 13], "texture": "#1", "cullface": "up"},
				"up": {"uv": [0, 0, 13, 0], "rotation": 90, "texture": "#missing"},
				"down": {"uv": [0, 0, 13, 0], "rotation": 270, "texture": "#missing"}
			}
		},
		{
			"from": [1.5, 14, 2.125],
			"to": [1.5, 19, 6.625],
			"rotation": {"angle": 22.5, "axis": "z", "origin": [0.875, 16.875, 4]},
			"faces": {
				"north": {"uv": [0, 0, 0, 8], "texture": "#missing"},
				"east": {"uv": [3, 4, 12, 14], "texture": "#1", "cullface": "up"},
				"south": {"uv": [0, 0, 0, 8], "texture": "#missing"},
				"west": {"uv": [12, 4, 3, 14], "texture": "#1", "cullface": "up"},
				"up": {"uv": [0, 0, 13, 0], "rotation": 90, "texture": "#missing"},
				"down": {"uv": [0, 0, 13, 0], "rotation": 270, "texture": "#missing"}
			}
		},
		{
			"from": [10, 7, -1],
			"to": [14.5, 12, -1],
			"rotation": {"angle": -45, "axis": "x", "origin": [11.875, 9.875, -1]},
			"faces": {
				"north": {"uv": [3, 4, 12, 14], "texture": "#1", "cullface": "north"},
				"east": {"uv": [0, 0, 0, 8], "texture": "#missing"},
				"south": {"uv": [12, 4, 3, 14], "texture": "#1", "cullface": "north"},
				"west": {"uv": [0, 0, 0, 8], "texture": "#missing"},
				"up": {"uv": [0, 0, 13, 0], "texture": "#missing"},
				"down": {"uv": [0, 0, 13, 0], "texture": "#missing"}
			}
		},
		{
			"from": [14.5, 7.5, -1],
			"to": [15.5, 10, -1],
			"rotation": {"angle": -45, "axis": "x", "origin": [11.875, 9.875, -1]},
			"faces": {
				"north": {"uv": [1, 8, 3, 13], "texture": "#1", "cullface": "north"},
				"east": {"uv": [0, 0, 0, 8], "texture": "#missing"},
				"south": {"uv": [3, 8, 1, 13], "texture": "#1", "cullface": "north"},
				"west": {"uv": [0, 0, 0, 8], "texture": "#missing"},
				"up": {"uv": [0, 0, 13, 0], "texture": "#missing"},
				"down": {"uv": [0, 0, 13, 0], "texture": "#missing"}
			}
		},
		{
			"from": [14.5, 7, -1],
			"to": [15, 7.5, -1],
			"rotation": {"angle": -45, "axis": "x", "origin": [11.875, 9.875, -1]},
			"faces": {
				"north": {"uv": [2, 13, 3, 14], "texture": "#1", "cullface": "north"},
				"east": {"uv": [0, 0, 0, 8], "texture": "#missing"},
				"south": {"uv": [3, 13, 2, 14], "texture": "#1", "cullface": "north"},
				"west": {"uv": [0, 0, 0, 8], "texture": "#missing"},
				"up": {"uv": [0, 0, 13, 0], "texture": "#missing"},
				"down": {"uv": [0, 0, 13, 0], "texture": "#missing"}
			}
		},
		{
			"from": [13.5, 6.5, -1],
			"to": [14.5, 7, -1],
			"rotation": {"angle": -45, "axis": "x", "origin": [11.875, 9.875, -1]},
			"faces": {
				"north": {"uv": [3, 14, 5, 15], "texture": "#1", "cullface": "north"},
				"east": {"uv": [0, 0, 0, 8], "texture": "#missing"},
				"south": {"uv": [5, 14, 3, 15], "texture": "#1", "cullface": "north"},
				"west": {"uv": [0, 0, 0, 8], "texture": "#missing"},
				"up": {"uv": [0, 0, 13, 0], "texture": "#missing"},
				"down": {"uv": [0, 0, 13, 0], "texture": "#missing"}
			}
		},
		{
			"from": [11.5, 6.5, -1],
			"to": [12.5, 7, -1],
			"rotation": {"angle": -45, "axis": "x", "origin": [11.875, 9.875, -1]},
			"faces": {
				"north": {"uv": [7, 14, 9, 15], "texture": "#1", "cullface": "north"},
				"east": {"uv": [0, 0, 0, 8], "texture": "#missing"},
				"south": {"uv": [9, 14, 7, 15], "texture": "#1", "cullface": "north"},
				"west": {"uv": [0, 0, 0, 8], "texture": "#missing"},
				"up": {"uv": [0, 0, 13, 0], "texture": "#missing"},
				"down": {"uv": [0, 0, 13, 0], "texture": "#missing"}
			}
		},
		{
			"from": [10, 6.5, -1],
			"to": [11, 7, -1],
			"rotation": {"angle": -45, "axis": "x", "origin": [11.875, 9.875, -1]},
			"faces": {
				"north": {"uv": [10, 14, 12, 15], "texture": "#1", "cullface": "north"},
				"east": {"uv": [0, 0, 0, 8], "texture": "#missing"},
				"south": {"uv": [12, 14, 10, 15], "texture": "#1", "cullface": "north"},
				"west": {"uv": [0, 0, 0, 8], "texture": "#missing"},
				"up": {"uv": [0, 0, 13, 0], "texture": "#missing"},
				"down": {"uv": [0, 0, 13, 0], "texture": "#missing"}
			}
		},
		{
			"from": [14.5, 11, -1],
			"to": [15.5, 13, -1],
			"rotation": {"angle": -45, "axis": "x", "origin": [11.875, 9.875, -1]},
			"faces": {
				"north": {"uv": [1, 2, 3, 6], "texture": "#1", "cullface": "north"},
				"east": {"uv": [0, 0, 0, 8], "texture": "#missing"},
				"south": {"uv": [3, 2, 1, 6], "texture": "#1", "cullface": "north"},
				"west": {"uv": [0, 0, 0, 8], "texture": "#missing"},
				"up": {"uv": [0, 0, 13, 0], "texture": "#missing"},
				"down": {"uv": [0, 0, 13, 0], "texture": "#missing"}
			}
		},
		{
			"from": [14, 12, -1],
			"to": [14.5, 13, -1],
			"rotation": {"angle": -45, "axis": "x", "origin": [11.875, 9.875, -1]},
			"faces": {
				"north": {"uv": [3, 2, 4, 4], "texture": "#1", "cullface": "north"},
				"east": {"uv": [0, 0, 0, 8], "texture": "#missing"},
				"south": {"uv": [4, 2, 3, 4], "texture": "#1", "cullface": "north"},
				"west": {"uv": [0, 0, 0, 8], "texture": "#missing"},
				"up": {"uv": [0, 0, 13, 0], "texture": "#missing"},
				"down": {"uv": [0, 0, 13, 0], "texture": "#missing"}
			}
		},
		{
			"from": [13.5, 12, -1],
			"to": [14, 12.5, -1],
			"rotation": {"angle": -45, "axis": "x", "origin": [11.875, 9.875, -1]},
			"faces": {
				"north": {"uv": [4, 3, 5, 4], "texture": "#1", "cullface": "north"},
				"east": {"uv": [0, 0, 0, 8], "texture": "#missing"},
				"south": {"uv": [5, 3, 4, 4], "texture": "#1", "cullface": "north"},
				"west": {"uv": [0, 0, 0, 8], "texture": "#missing"},
				"up": {"uv": [0, 0, 13, 0], "texture": "#missing"},
				"down": {"uv": [0, 0, 13, 0], "texture": "#missing"}
			}
		},
		{
			"from": [12.5, 12, -1],
			"to": [13, 12.5, -1],
			"rotation": {"angle": -45, "axis": "x", "origin": [11.875, 9.875, -1]},
			"faces": {
				"north": {"uv": [6, 3, 7, 4], "texture": "#1", "cullface": "north"},
				"east": {"uv": [0, 0, 0, 8], "texture": "#missing"},
				"south": {"uv": [7, 3, 6, 4], "texture": "#1", "cullface": "north"},
				"west": {"uv": [0, 0, 0, 8], "texture": "#missing"},
				"up": {"uv": [0, 0, 13, 0], "texture": "#missing"},
				"down": {"uv": [0, 0, 13, 0], "texture": "#missing"}
			}
		},
		{
			"from": [14.5, 10.5, -1],
			"to": [15, 11, -1],
			"rotation": {"angle": -45, "axis": "x", "origin": [11.875, 9.875, -1]},
			"faces": {
				"north": {"uv": [2, 6, 3, 7], "texture": "#1", "cullface": "north"},
				"east": {"uv": [0, 0, 0, 8], "texture": "#missing"},
				"south": {"uv": [3, 6, 2, 7], "texture": "#1", "cullface": "north"},
				"west": {"uv": [0, 0, 0, 8], "texture": "#missing"},
				"up": {"uv": [0, 0, 13, 0], "texture": "#missing"},
				"down": {"uv": [0, 0, 13, 0], "texture": "#missing"}
			}
		},
		{
			"from": [9, 10, -1],
			"to": [10, 11.5, -1],
			"rotation": {"angle": -45, "axis": "x", "origin": [11.875, 9.875, -1]},
			"faces": {
				"north": {"uv": [12, 5, 14, 8], "texture": "#1", "cullface": "north"},
				"east": {"uv": [0, 0, 0, 8], "texture": "#missing"},
				"south": {"uv": [14, 5, 12, 8], "texture": "#1", "cullface": "north"},
				"west": {"uv": [0, 0, 0, 8], "texture": "#missing"},
				"up": {"uv": [0, 0, 13, 0], "texture": "#missing"},
				"down": {"uv": [0, 0, 13, 0], "texture": "#missing"}
			}
		},
		{
			"from": [9.5, 7, -1],
			"to": [10, 10, -1],
			"rotation": {"angle": -45, "axis": "x", "origin": [11.875, 9.875, -1]},
			"faces": {
				"north": {"uv": [12, 8, 13, 14], "texture": "#1", "cullface": "north"},
				"east": {"uv": [0, 0, 0, 8], "texture": "#missing"},
				"south": {"uv": [13, 8, 12, 14], "texture": "#1", "cullface": "north"},
				"west": {"uv": [0, 0, 0, 8], "texture": "#missing"},
				"up": {"uv": [0, 0, 13, 0], "texture": "#missing"},
				"down": {"uv": [0, 0, 13, 0], "texture": "#missing"}
			}
		},
		{
			"from": [9, 7.5, -1],
			"to": [9.5, 9.5, -1],
			"rotation": {"angle": -45, "axis": "x", "origin": [11.875, 9.875, -1]},
			"faces": {
				"north": {"uv": [13, 9, 14, 13], "texture": "#1", "cullface": "north"},
				"east": {"uv": [0, 0, 0, 8], "texture": "#missing"},
				"south": {"uv": [14, 9, 13, 13], "texture": "#1", "cullface": "north"},
				"west": {"uv": [0, 0, 0, 8], "texture": "#missing"},
				"up": {"uv": [0, 0, 13, 0], "texture": "#missing"},
				"down": {"uv": [0, 0, 13, 0], "texture": "#missing"}
			}
		},
		{
			"from": [8.5, 8, -1],
			"to": [9, 9.5, -1],
			"rotation": {"angle": -45, "axis": "x", "origin": [11.875, 9.875, -1]},
			"faces": {
				"north": {"uv": [14, 9, 15, 12], "texture": "#1", "cullface": "north"},
				"east": {"uv": [0, 0, 0, 8], "texture": "#missing"},
				"south": {"uv": [15, 9, 14, 12], "texture": "#1", "cullface": "north"},
				"west": {"uv": [0, 0, 0, 8], "texture": "#missing"},
				"up": {"uv": [0, 0, 13, 0], "texture": "#missing"},
				"down": {"uv": [0, 0, 13, 0], "texture": "#missing"}
			}
		},
		{
			"from": [10, 12, -1],
			"to": [11.5, 14, -1],
			"rotation": {"angle": -45, "axis": "x", "origin": [11.875, 9.875, -1]},
			"faces": {
				"north": {"uv": [9, 0, 12, 4], "texture": "#1", "cullface": "north"},
				"east": {"uv": [0, 0, 0, 8], "texture": "#missing"},
				"south": {"uv": [12, 0, 9, 4], "texture": "#1", "cullface": "north"},
				"west": {"uv": [0, 0, 0, 8], "texture": "#missing"},
				"up": {"uv": [0, 0, 13, 0], "texture": "#missing"},
				"down": {"uv": [0, 0, 13, 0], "texture": "#missing"}
			}
		},
		{
			"from": [11.5, 12, -1],
			"to": [12, 13.5, -1],
			"rotation": {"angle": -45, "axis": "x", "origin": [11.875, 9.875, -1]},
			"faces": {
				"north": {"uv": [8, 1, 9, 4], "texture": "#1", "cullface": "north"},
				"east": {"uv": [0, 0, 0, 8], "texture": "#missing"},
				"south": {"uv": [9, 1, 8, 4], "texture": "#1", "cullface": "north"},
				"west": {"uv": [0, 0, 0, 8], "texture": "#missing"},
				"up": {"uv": [0, 0, 13, 0], "texture": "#missing"},
				"down": {"uv": [0, 0, 13, 0], "texture": "#missing"}
			}
		},
		{
			"from": [12, 12, -1],
			"to": [12.5, 13, -1],
			"rotation": {"angle": -45, "axis": "x", "origin": [11.875, 9.875, -1]},
			"faces": {
				"north": {"uv": [7, 2, 8, 4], "texture": "#1", "cullface": "north"},
				"east": {"uv": [0, 0, 0, 8], "texture": "#missing"},
				"south": {"uv": [8, 2, 7, 4], "texture": "#1", "cullface": "north"},
				"west": {"uv": [0, 0, 0, 8], "texture": "#missing"},
				"up": {"uv": [0, 0, 13, 0], "texture": "#missing"},
				"down": {"uv": [0, 0, 13, 0], "texture": "#missing"}
			}
		},
		{
			"from": [12.5, 12, -0.875],
			"to": [12.5, 13, -0.375],
			"rotation": {"angle": -45, "axis": "x", "origin": [11.875, 9.875, -1]},
			"faces": {
				"north": {"uv": [0, 0, 0, 8], "texture": "#missing"},
				"east": {"uv": [7, 2, 8, 4], "texture": "#1", "cullface": "north"},
				"south": {"uv": [0, 0, 0, 8], "texture": "#missing"},
				"west": {"uv": [8, 2, 7, 4], "texture": "#1", "cullface": "north"},
				"up": {"uv": [0, 0, 13, 0], "rotation": 90, "texture": "#missing"},
				"down": {"uv": [0, 0, 13, 0], "rotation": 270, "texture": "#missing"}
			}
		},
		{
			"from": [12.5, 12, -1.375],
			"to": [12.5, 13.5, -0.875],
			"rotation": {"angle": -45, "axis": "x", "origin": [11.875, 9.875, -1]},
			"faces": {
				"north": {"uv": [0, 0, 0, 8], "texture": "#missing"},
				"east": {"uv": [8, 1, 9, 4], "texture": "#1", "cullface": "north"},
				"south": {"uv": [0, 0, 0, 8], "texture": "#missing"},
				"west": {"uv": [9, 1, 8, 4], "texture": "#1", "cullface": "north"},
				"up": {"uv": [0, 0, 13, 0], "rotation": 90, "texture": "#missing"},
				"down": {"uv": [0, 0, 13, 0], "rotation": 270, "texture": "#missing"}
			}
		},
		{
			"from": [12.5, 12, -2.875],
			"to": [12.5, 14, -1.375],
			"rotation": {"angle": -45, "axis": "x", "origin": [11.875, 9.875, -1]},
			"faces": {
				"north": {"uv": [0, 0, 0, 8], "texture": "#missing"},
				"east": {"uv": [9, 0, 12, 4], "texture": "#1", "cullface": "north"},
				"south": {"uv": [0, 0, 0, 8], "texture": "#missing"},
				"west": {"uv": [12, 0, 9, 4], "texture": "#1", "cullface": "north"},
				"up": {"uv": [0, 0, 13, 0], "rotation": 90, "texture": "#missing"},
				"down": {"uv": [0, 0, 13, 0], "rotation": 270, "texture": "#missing"}
			}
		},
		{
			"from": [12.5, 8, -4.375],
			"to": [12.5, 9.5, -3.875],
			"rotation": {"angle": -45, "axis": "x", "origin": [11.875, 9.875, -1]},
			"faces": {
				"north": {"uv": [0, 0, 0, 8], "texture": "#missing"},
				"east": {"uv": [14, 9, 15, 12], "texture": "#1", "cullface": "north"},
				"south": {"uv": [0, 0, 0, 8], "texture": "#missing"},
				"west": {"uv": [15, 9, 14, 12], "texture": "#1", "cullface": "north"},
				"up": {"uv": [0, 0, 13, 0], "rotation": 90, "texture": "#missing"},
				"down": {"uv": [0, 0, 13, 0], "rotation": 270, "texture": "#missing"}
			}
		},
		{
			"from": [12.5, 7.5, -3.875],
			"to": [12.5, 9.5, -3.375],
			"rotation": {"angle": -45, "axis": "x", "origin": [11.875, 9.875, -1]},
			"faces": {
				"north": {"uv": [0, 0, 0, 8], "texture": "#missing"},
				"east": {"uv": [13, 9, 14, 13], "texture": "#1", "cullface": "north"},
				"south": {"uv": [0, 0, 0, 8], "texture": "#missing"},
				"west": {"uv": [14, 9, 13, 13], "texture": "#1", "cullface": "north"},
				"up": {"uv": [0, 0, 13, 0], "rotation": 90, "texture": "#missing"},
				"down": {"uv": [0, 0, 13, 0], "rotation": 270, "texture": "#missing"}
			}
		},
		{
			"from": [12.5, 7, -3.375],
			"to": [12.5, 10, -2.875],
			"rotation": {"angle": -45, "axis": "x", "origin": [11.875, 9.875, -1]},
			"faces": {
				"north": {"uv": [0, 0, 0, 8], "texture": "#missing"},
				"east": {"uv": [12, 8, 13, 14], "texture": "#1", "cullface": "north"},
				"south": {"uv": [0, 0, 0, 8], "texture": "#missing"},
				"west": {"uv": [13, 8, 12, 14], "texture": "#1", "cullface": "north"},
				"up": {"uv": [0, 0, 13, 0], "rotation": 90, "texture": "#missing"},
				"down": {"uv": [0, 0, 13, 0], "rotation": 270, "texture": "#missing"}
			}
		},
		{
			"from": [12.5, 10, -3.875],
			"to": [12.5, 11.5, -2.875],
			"rotation": {"angle": -45, "axis": "x", "origin": [11.875, 9.875, -1]},
			"faces": {
				"north": {"uv": [0, 0, 0, 8], "texture": "#missing"},
				"east": {"uv": [12, 5, 14, 8], "texture": "#1", "cullface": "north"},
				"south": {"uv": [0, 0, 0, 8], "texture": "#missing"},
				"west": {"uv": [14, 5, 12, 8], "texture": "#1", "cullface": "north"},
				"up": {"uv": [0, 0, 13, 0], "rotation": 90, "texture": "#missing"},
				"down": {"uv": [0, 0, 13, 0], "rotation": 270, "texture": "#missing"}
			}
		},
		{
			"from": [12.5, 10.5, 1.625],
			"to": [12.5, 11, 2.125],
			"rotation": {"angle": -45, "axis": "x", "origin": [11.875, 9.875, -1]},
			"faces": {
				"north": {"uv": [0, 0, 0, 8], "texture": "#missing"},
				"east": {"uv": [2, 6, 3, 7], "texture": "#1", "cullface": "north"},
				"south": {"uv": [0, 0, 0, 8], "texture": "#missing"},
				"west": {"uv": [3, 6, 2, 7], "texture": "#1", "cullface": "north"},
				"up": {"uv": [0, 0, 13, 0], "rotation": 90, "texture": "#missing"},
				"down": {"uv": [0, 0, 13, 0], "rotation": 270, "texture": "#missing"}
			}
		},
		{
			"from": [12.5, 12, -0.375],
			"to": [12.5, 12.5, 0.125],
			"rotation": {"angle": -45, "axis": "x", "origin": [11.875, 9.875, -1]},
			"faces": {
				"north": {"uv": [0, 0, 0, 8], "texture": "#missing"},
				"east": {"uv": [6, 3, 7, 4], "texture": "#1", "cullface": "north"},
				"south": {"uv": [0, 0, 0, 8], "texture": "#missing"},
				"west": {"uv": [7, 3, 6, 4], "texture": "#1", "cullface": "north"},
				"up": {"uv": [0, 0, 13, 0], "rotation": 90, "texture": "#missing"},
				"down": {"uv": [0, 0, 13, 0], "rotation": 270, "texture": "#missing"}
			}
		},
		{
			"from": [12.5, 12, 0.625],
			"to": [12.5, 12.5, 1.125],
			"rotation": {"angle": -45, "axis": "x", "origin": [11.875, 9.875, -1]},
			"faces": {
				"north": {"uv": [0, 0, 0, 8], "texture": "#missing"},
				"east": {"uv": [4, 3, 5, 4], "texture": "#1", "cullface": "north"},
				"south": {"uv": [0, 0, 0, 8], "texture": "#missing"},
				"west": {"uv": [5, 3, 4, 4], "texture": "#1", "cullface": "north"},
				"up": {"uv": [0, 0, 13, 0], "rotation": 90, "texture": "#missing"},
				"down": {"uv": [0, 0, 13, 0], "rotation": 270, "texture": "#missing"}
			}
		},
		{
			"from": [12.5, 12, 1.125],
			"to": [12.5, 13, 1.625],
			"rotation": {"angle": -45, "axis": "x", "origin": [11.875, 9.875, -1]},
			"faces": {
				"north": {"uv": [0, 0, 0, 8], "texture": "#missing"},
				"east": {"uv": [3, 2, 4, 4], "texture": "#1", "cullface": "north"},
				"south": {"uv": [0, 0, 0, 8], "texture": "#missing"},
				"west": {"uv": [4, 2, 3, 4], "texture": "#1", "cullface": "north"},
				"up": {"uv": [0, 0, 13, 0], "rotation": 90, "texture": "#missing"},
				"down": {"uv": [0, 0, 13, 0], "rotation": 270, "texture": "#missing"}
			}
		},
		{
			"from": [12.5, 11, 1.625],
			"to": [12.5, 13, 2.625],
			"rotation": {"angle": -45, "axis": "x", "origin": [11.875, 9.875, -1]},
			"faces": {
				"north": {"uv": [0, 0, 0, 8], "texture": "#missing"},
				"east": {"uv": [1, 2, 3, 6], "texture": "#1", "cullface": "north"},
				"south": {"uv": [0, 0, 0, 8], "texture": "#missing"},
				"west": {"uv": [3, 2, 1, 6], "texture": "#1", "cullface": "north"},
				"up": {"uv": [0, 0, 13, 0], "rotation": 90, "texture": "#missing"},
				"down": {"uv": [0, 0, 13, 0], "rotation": 270, "texture": "#missing"}
			}
		},
		{
			"from": [12.5, 6.5, -2.875],
			"to": [12.5, 7, -1.875],
			"rotation": {"angle": -45, "axis": "x", "origin": [11.875, 9.875, -1]},
			"faces": {
				"north": {"uv": [0, 0, 0, 8], "texture": "#missing"},
				"east": {"uv": [10, 14, 12, 15], "texture": "#1", "cullface": "north"},
				"south": {"uv": [0, 0, 0, 8], "texture": "#missing"},
				"west": {"uv": [12, 14, 10, 15], "texture": "#1", "cullface": "north"},
				"up": {"uv": [0, 0, 13, 0], "rotation": 90, "texture": "#missing"},
				"down": {"uv": [0, 0, 13, 0], "rotation": 270, "texture": "#missing"}
			}
		},
		{
			"from": [12.5, 6.5, -1.375],
			"to": [12.5, 7, -0.375],
			"rotation": {"angle": -45, "axis": "x", "origin": [11.875, 9.875, -1]},
			"faces": {
				"north": {"uv": [0, 0, 0, 8], "texture": "#missing"},
				"east": {"uv": [7, 14, 9, 15], "texture": "#1", "cullface": "north"},
				"south": {"uv": [0, 0, 0, 8], "texture": "#missing"},
				"west": {"uv": [9, 14, 7, 15], "texture": "#1", "cullface": "north"},
				"up": {"uv": [0, 0, 13, 0], "rotation": 90, "texture": "#missing"},
				"down": {"uv": [0, 0, 13, 0], "rotation": 270, "texture": "#missing"}
			}
		},
		{
			"from": [12.5, 6.5, 0.625],
			"to": [12.5, 7, 1.625],
			"rotation": {"angle": -45, "axis": "x", "origin": [11.875, 9.875, -1]},
			"faces": {
				"north": {"uv": [0, 0, 0, 8], "texture": "#missing"},
				"east": {"uv": [3, 14, 5, 15], "texture": "#1", "cullface": "north"},
				"south": {"uv": [0, 0, 0, 8], "texture": "#missing"},
				"west": {"uv": [5, 14, 3, 15], "texture": "#1", "cullface": "north"},
				"up": {"uv": [0, 0, 13, 0], "rotation": 90, "texture": "#missing"},
				"down": {"uv": [0, 0, 13, 0], "rotation": 270, "texture": "#missing"}
			}
		},
		{
			"from": [12.5, 7, 1.625],
			"to": [12.5, 7.5, 2.125],
			"rotation": {"angle": -45, "axis": "x", "origin": [11.875, 9.875, -1]},
			"faces": {
				"north": {"uv": [0, 0, 0, 8], "texture": "#missing"},
				"east": {"uv": [2, 13, 3, 14], "texture": "#1", "cullface": "north"},
				"south": {"uv": [0, 0, 0, 8], "texture": "#missing"},
				"west": {"uv": [3, 13, 2, 14], "texture": "#1", "cullface": "north"},
				"up": {"uv": [0, 0, 13, 0], "rotation": 90, "texture": "#missing"},
				"down": {"uv": [0, 0, 13, 0], "rotation": 270, "texture": "#missing"}
			}
		},
		{
			"from": [12.5, 7.5, 1.625],
			"to": [12.5, 10, 2.625],
			"rotation": {"angle": -45, "axis": "x", "origin": [11.875, 9.875, -1]},
			"faces": {
				"north": {"uv": [0, 0, 0, 8], "texture": "#missing"},
				"east": {"uv": [1, 8, 3, 13], "texture": "#1", "cullface": "north"},
				"south": {"uv": [0, 0, 0, 8], "texture": "#missing"},
				"west": {"uv": [3, 8, 1, 13], "texture": "#1", "cullface": "north"},
				"up": {"uv": [0, 0, 13, 0], "rotation": 90, "texture": "#missing"},
				"down": {"uv": [0, 0, 13, 0], "rotation": 270, "texture": "#missing"}
			}
		},
		{
			"from": [12.5, 7, -2.875],
			"to": [12.5, 12, 1.625],
			"rotation": {"angle": -45, "axis": "x", "origin": [11.875, 9.875, -1]},
			"faces": {
				"north": {"uv": [0, 0, 0, 8], "texture": "#missing"},
				"east": {"uv": [3, 4, 12, 14], "texture": "#1", "cullface": "north"},
				"south": {"uv": [0, 0, 0, 8], "texture": "#missing"},
				"west": {"uv": [12, 4, 3, 14], "texture": "#1", "cullface": "north"},
				"up": {"uv": [0, 0, 13, 0], "rotation": 90, "texture": "#missing"},
				"down": {"uv": [0, 0, 13, 0], "rotation": 270, "texture": "#missing"}
			}
		},
		{
			"from": [5, 3, 16],
			"to": [9.5, 8, 16],
			"rotation": {"angle": 45, "axis": "x", "origin": [6.875, 5.875, 16]},
			"faces": {
				"north": {"uv": [3, 4, 12, 14], "texture": "#1", "cullface": "south"},
				"east": {"uv": [0, 0, 0, 8], "texture": "#missing"},
				"south": {"uv": [12, 4, 3, 14], "texture": "#1", "cullface": "south"},
				"west": {"uv": [0, 0, 0, 8], "texture": "#missing"},
				"up": {"uv": [0, 0, 13, 0], "texture": "#missing"},
				"down": {"uv": [0, 0, 13, 0], "texture": "#missing"}
			}
		},
		{
			"from": [9.5, 3.5, 16],
			"to": [10.5, 6, 16],
			"rotation": {"angle": 45, "axis": "x", "origin": [6.875, 5.875, 16]},
			"faces": {
				"north": {"uv": [1, 8, 3, 13], "texture": "#1", "cullface": "south"},
				"east": {"uv": [0, 0, 0, 8], "texture": "#missing"},
				"south": {"uv": [3, 8, 1, 13], "texture": "#1", "cullface": "south"},
				"west": {"uv": [0, 0, 0, 8], "texture": "#missing"},
				"up": {"uv": [0, 0, 13, 0], "texture": "#missing"},
				"down": {"uv": [0, 0, 13, 0], "texture": "#missing"}
			}
		},
		{
			"from": [9.5, 3, 16],
			"to": [10, 3.5, 16],
			"rotation": {"angle": 45, "axis": "x", "origin": [6.875, 5.875, 16]},
			"faces": {
				"north": {"uv": [2, 13, 3, 14], "texture": "#1", "cullface": "south"},
				"east": {"uv": [0, 0, 0, 8], "texture": "#missing"},
				"south": {"uv": [3, 13, 2, 14], "texture": "#1", "cullface": "south"},
				"west": {"uv": [0, 0, 0, 8], "texture": "#missing"},
				"up": {"uv": [0, 0, 13, 0], "texture": "#missing"},
				"down": {"uv": [0, 0, 13, 0], "texture": "#missing"}
			}
		},
		{
			"from": [8.5, 2.5, 16],
			"to": [9.5, 3, 16],
			"rotation": {"angle": 45, "axis": "x", "origin": [6.875, 5.875, 16]},
			"faces": {
				"north": {"uv": [3, 14, 5, 15], "texture": "#1", "cullface": "south"},
				"east": {"uv": [0, 0, 0, 8], "texture": "#missing"},
				"south": {"uv": [5, 14, 3, 15], "texture": "#1", "cullface": "south"},
				"west": {"uv": [0, 0, 0, 8], "texture": "#missing"},
				"up": {"uv": [0, 0, 13, 0], "texture": "#missing"},
				"down": {"uv": [0, 0, 13, 0], "texture": "#missing"}
			}
		},
		{
			"from": [6.5, 2.5, 16],
			"to": [7.5, 3, 16],
			"rotation": {"angle": 45, "axis": "x", "origin": [6.875, 5.875, 16]},
			"faces": {
				"north": {"uv": [7, 14, 9, 15], "texture": "#1", "cullface": "south"},
				"east": {"uv": [0, 0, 0, 8], "texture": "#missing"},
				"south": {"uv": [9, 14, 7, 15], "texture": "#1", "cullface": "south"},
				"west": {"uv": [0, 0, 0, 8], "texture": "#missing"},
				"up": {"uv": [0, 0, 13, 0], "texture": "#missing"},
				"down": {"uv": [0, 0, 13, 0], "texture": "#missing"}
			}
		},
		{
			"from": [5, 2.5, 16],
			"to": [6, 3, 16],
			"rotation": {"angle": 45, "axis": "x", "origin": [6.875, 5.875, 16]},
			"faces": {
				"north": {"uv": [10, 14, 12, 15], "texture": "#1", "cullface": "south"},
				"east": {"uv": [0, 0, 0, 8], "texture": "#missing"},
				"south": {"uv": [12, 14, 10, 15], "texture": "#1", "cullface": "south"},
				"west": {"uv": [0, 0, 0, 8], "texture": "#missing"},
				"up": {"uv": [0, 0, 13, 0], "texture": "#missing"},
				"down": {"uv": [0, 0, 13, 0], "texture": "#missing"}
			}
		},
		{
			"from": [9.5, 7, 16],
			"to": [10.5, 9, 16],
			"rotation": {"angle": 45, "axis": "x", "origin": [6.875, 5.875, 16]},
			"faces": {
				"north": {"uv": [1, 2, 3, 6], "texture": "#1", "cullface": "south"},
				"east": {"uv": [0, 0, 0, 8], "texture": "#missing"},
				"south": {"uv": [3, 2, 1, 6], "texture": "#1", "cullface": "south"},
				"west": {"uv": [0, 0, 0, 8], "texture": "#missing"},
				"up": {"uv": [0, 0, 13, 0], "texture": "#missing"},
				"down": {"uv": [0, 0, 13, 0], "texture": "#missing"}
			}
		},
		{
			"from": [9, 8, 16],
			"to": [9.5, 9, 16],
			"rotation": {"angle": 45, "axis": "x", "origin": [6.875, 5.875, 16]},
			"faces": {
				"north": {"uv": [3, 2, 4, 4], "texture": "#1", "cullface": "south"},
				"east": {"uv": [0, 0, 0, 8], "texture": "#missing"},
				"south": {"uv": [4, 2, 3, 4], "texture": "#1", "cullface": "south"},
				"west": {"uv": [0, 0, 0, 8], "texture": "#missing"},
				"up": {"uv": [0, 0, 13, 0], "texture": "#missing"},
				"down": {"uv": [0, 0, 13, 0], "texture": "#missing"}
			}
		},
		{
			"from": [8.5, 8, 16],
			"to": [9, 8.5, 16],
			"rotation": {"angle": 45, "axis": "x", "origin": [6.875, 5.875, 16]},
			"faces": {
				"north": {"uv": [4, 3, 5, 4], "texture": "#1", "cullface": "south"},
				"east": {"uv": [0, 0, 0, 8], "texture": "#missing"},
				"south": {"uv": [5, 3, 4, 4], "texture": "#1", "cullface": "south"},
				"west": {"uv": [0, 0, 0, 8], "texture": "#missing"},
				"up": {"uv": [0, 0, 13, 0], "texture": "#missing"},
				"down": {"uv": [0, 0, 13, 0], "texture": "#missing"}
			}
		},
		{
			"from": [7.5, 8, 16],
			"to": [8, 8.5, 16],
			"rotation": {"angle": 45, "axis": "x", "origin": [6.875, 5.875, 16]},
			"faces": {
				"north": {"uv": [6, 3, 7, 4], "texture": "#1", "cullface": "south"},
				"east": {"uv": [0, 0, 0, 8], "texture": "#missing"},
				"south": {"uv": [7, 3, 6, 4], "texture": "#1", "cullface": "south"},
				"west": {"uv": [0, 0, 0, 8], "texture": "#missing"},
				"up": {"uv": [0, 0, 13, 0], "texture": "#missing"},
				"down": {"uv": [0, 0, 13, 0], "texture": "#missing"}
			}
		},
		{
			"from": [9.5, 6.5, 16],
			"to": [10, 7, 16],
			"rotation": {"angle": 45, "axis": "x", "origin": [6.875, 5.875, 16]},
			"faces": {
				"north": {"uv": [2, 6, 3, 7], "texture": "#1", "cullface": "south"},
				"east": {"uv": [0, 0, 0, 8], "texture": "#missing"},
				"south": {"uv": [3, 6, 2, 7], "texture": "#1", "cullface": "south"},
				"west": {"uv": [0, 0, 0, 8], "texture": "#missing"},
				"up": {"uv": [0, 0, 13, 0], "texture": "#missing"},
				"down": {"uv": [0, 0, 13, 0], "texture": "#missing"}
			}
		},
		{
			"from": [4, 6, 16],
			"to": [5, 7.5, 16],
			"rotation": {"angle": 45, "axis": "x", "origin": [6.875, 5.875, 16]},
			"faces": {
				"north": {"uv": [12, 5, 14, 8], "texture": "#1", "cullface": "south"},
				"east": {"uv": [0, 0, 0, 8], "texture": "#missing"},
				"south": {"uv": [14, 5, 12, 8], "texture": "#1", "cullface": "south"},
				"west": {"uv": [0, 0, 0, 8], "texture": "#missing"},
				"up": {"uv": [0, 0, 13, 0], "texture": "#missing"},
				"down": {"uv": [0, 0, 13, 0], "texture": "#missing"}
			}
		},
		{
			"from": [4.5, 3, 16],
			"to": [5, 6, 16],
			"rotation": {"angle": 45, "axis": "x", "origin": [6.875, 5.875, 16]},
			"faces": {
				"north": {"uv": [12, 8, 13, 14], "texture": "#1", "cullface": "south"},
				"east": {"uv": [0, 0, 0, 8], "texture": "#missing"},
				"south": {"uv": [13, 8, 12, 14], "texture": "#1", "cullface": "south"},
				"west": {"uv": [0, 0, 0, 8], "texture": "#missing"},
				"up": {"uv": [0, 0, 13, 0], "texture": "#missing"},
				"down": {"uv": [0, 0, 13, 0], "texture": "#missing"}
			}
		},
		{
			"from": [4, 3.5, 16],
			"to": [4.5, 5.5, 16],
			"rotation": {"angle": 45, "axis": "x", "origin": [6.875, 5.875, 16]},
			"faces": {
				"north": {"uv": [13, 9, 14, 13], "texture": "#1", "cullface": "south"},
				"east": {"uv": [0, 0, 0, 8], "texture": "#missing"},
				"south": {"uv": [14, 9, 13, 13], "texture": "#1", "cullface": "south"},
				"west": {"uv": [0, 0, 0, 8], "texture": "#missing"},
				"up": {"uv": [0, 0, 13, 0], "texture": "#missing"},
				"down": {"uv": [0, 0, 13, 0], "texture": "#missing"}
			}
		},
		{
			"from": [3.5, 4, 16],
			"to": [4, 5.5, 16],
			"rotation": {"angle": 45, "axis": "x", "origin": [6.875, 5.875, 16]},
			"faces": {
				"north": {"uv": [14, 9, 15, 12], "texture": "#1", "cullface": "south"},
				"east": {"uv": [0, 0, 0, 8], "texture": "#missing"},
				"south": {"uv": [15, 9, 14, 12], "texture": "#1", "cullface": "south"},
				"west": {"uv": [0, 0, 0, 8], "texture": "#missing"},
				"up": {"uv": [0, 0, 13, 0], "texture": "#missing"},
				"down": {"uv": [0, 0, 13, 0], "texture": "#missing"}
			}
		},
		{
			"from": [5, 8, 16],
			"to": [6.5, 10, 16],
			"rotation": {"angle": 45, "axis": "x", "origin": [6.875, 5.875, 16]},
			"faces": {
				"north": {"uv": [9, 0, 12, 4], "texture": "#1", "cullface": "south"},
				"east": {"uv": [0, 0, 0, 8], "texture": "#missing"},
				"south": {"uv": [12, 0, 9, 4], "texture": "#1", "cullface": "south"},
				"west": {"uv": [0, 0, 0, 8], "texture": "#missing"},
				"up": {"uv": [0, 0, 13, 0], "texture": "#missing"},
				"down": {"uv": [0, 0, 13, 0], "texture": "#missing"}
			}
		},
		{
			"from": [6.5, 8, 16],
			"to": [7, 9.5, 16],
			"rotation": {"angle": 45, "axis": "x", "origin": [6.875, 5.875, 16]},
			"faces": {
				"north": {"uv": [8, 1, 9, 4], "texture": "#1", "cullface": "south"},
				"east": {"uv": [0, 0, 0, 8], "texture": "#missing"},
				"south": {"uv": [9, 1, 8, 4], "texture": "#1", "cullface": "south"},
				"west": {"uv": [0, 0, 0, 8], "texture": "#missing"},
				"up": {"uv": [0, 0, 13, 0], "texture": "#missing"},
				"down": {"uv": [0, 0, 13, 0], "texture": "#missing"}
			}
		},
		{
			"from": [7, 8, 16],
			"to": [7.5, 9, 16],
			"rotation": {"angle": 45, "axis": "x", "origin": [6.875, 5.875, 16]},
			"faces": {
				"north": {"uv": [7, 2, 8, 4], "texture": "#1", "cullface": "south"},
				"east": {"uv": [0, 0, 0, 8], "texture": "#missing"},
				"south": {"uv": [8, 2, 7, 4], "texture": "#1", "cullface": "south"},
				"west": {"uv": [0, 0, 0, 8], "texture": "#missing"},
				"up": {"uv": [0, 0, 13, 0], "texture": "#missing"},
				"down": {"uv": [0, 0, 13, 0], "texture": "#missing"}
			}
		},
		{
			"from": [7.5, 8, 16.125],
			"to": [7.5, 9, 16.625],
			"rotation": {"angle": 45, "axis": "x", "origin": [6.875, 5.875, 16]},
			"faces": {
				"north": {"uv": [0, 0, 0, 8], "texture": "#missing"},
				"east": {"uv": [7, 2, 8, 4], "texture": "#1", "cullface": "south"},
				"south": {"uv": [0, 0, 0, 8], "texture": "#missing"},
				"west": {"uv": [8, 2, 7, 4], "texture": "#1", "cullface": "south"},
				"up": {"uv": [0, 0, 13, 0], "rotation": 90, "texture": "#missing"},
				"down": {"uv": [0, 0, 13, 0], "rotation": 270, "texture": "#missing"}
			}
		},
		{
			"from": [7.5, 8, 15.625],
			"to": [7.5, 9.5, 16.125],
			"rotation": {"angle": 45, "axis": "x", "origin": [6.875, 5.875, 16]},
			"faces": {
				"north": {"uv": [0, 0, 0, 8], "texture": "#missing"},
				"east": {"uv": [8, 1, 9, 4], "texture": "#1", "cullface": "south"},
				"south": {"uv": [0, 0, 0, 8], "texture": "#missing"},
				"west": {"uv": [9, 1, 8, 4], "texture": "#1", "cullface": "south"},
				"up": {"uv": [0, 0, 13, 0], "rotation": 90, "texture": "#missing"},
				"down": {"uv": [0, 0, 13, 0], "rotation": 270, "texture": "#missing"}
			}
		},
		{
			"from": [7.5, 8, 14.125],
			"to": [7.5, 10, 15.625],
			"rotation": {"angle": 45, "axis": "x", "origin": [6.875, 5.875, 16]},
			"faces": {
				"north": {"uv": [0, 0, 0, 8], "texture": "#missing"},
				"east": {"uv": [9, 0, 12, 4], "texture": "#1", "cullface": "south"},
				"south": {"uv": [0, 0, 0, 8], "texture": "#missing"},
				"west": {"uv": [12, 0, 9, 4], "texture": "#1", "cullface": "south"},
				"up": {"uv": [0, 0, 13, 0], "rotation": 90, "texture": "#missing"},
				"down": {"uv": [0, 0, 13, 0], "rotation": 270, "texture": "#missing"}
			}
		},
		{
			"from": [7.5, 4, 12.625],
			"to": [7.5, 5.5, 13.125],
			"rotation": {"angle": 45, "axis": "x", "origin": [6.875, 5.875, 16]},
			"faces": {
				"north": {"uv": [0, 0, 0, 8], "texture": "#missing"},
				"east": {"uv": [14, 9, 15, 12], "texture": "#1", "cullface": "south"},
				"south": {"uv": [0, 0, 0, 8], "texture": "#missing"},
				"west": {"uv": [15, 9, 14, 12], "texture": "#1", "cullface": "south"},
				"up": {"uv": [0, 0, 13, 0], "rotation": 90, "texture": "#missing"},
				"down": {"uv": [0, 0, 13, 0], "rotation": 270, "texture": "#missing"}
			}
		},
		{
			"from": [7.5, 3.5, 13.125],
			"to": [7.5, 5.5, 13.625],
			"rotation": {"angle": 45, "axis": "x", "origin": [6.875, 5.875, 16]},
			"faces": {
				"north": {"uv": [0, 0, 0, 8], "texture": "#missing"},
				"east": {"uv": [13, 9, 14, 13], "texture": "#1", "cullface": "south"},
				"south": {"uv": [0, 0, 0, 8], "texture": "#missing"},
				"west": {"uv": [14, 9, 13, 13], "texture": "#1", "cullface": "south"},
				"up": {"uv": [0, 0, 13, 0], "rotation": 90, "texture": "#missing"},
				"down": {"uv": [0, 0, 13, 0], "rotation": 270, "texture": "#missing"}
			}
		},
		{
			"from": [7.5, 3, 13.625],
			"to": [7.5, 6, 14.125],
			"rotation": {"angle": 45, "axis": "x", "origin": [6.875, 5.875, 16]},
			"faces": {
				"north": {"uv": [0, 0, 0, 8], "texture": "#missing"},
				"east": {"uv": [12, 8, 13, 14], "texture": "#1", "cullface": "south"},
				"south": {"uv": [0, 0, 0, 8], "texture": "#missing"},
				"west": {"uv": [13, 8, 12, 14], "texture": "#1", "cullface": "south"},
				"up": {"uv": [0, 0, 13, 0], "rotation": 90, "texture": "#missing"},
				"down": {"uv": [0, 0, 13, 0], "rotation": 270, "texture": "#missing"}
			}
		},
		{
			"from": [7.5, 6, 13.125],
			"to": [7.5, 7.5, 14.125],
			"rotation": {"angle": 45, "axis": "x", "origin": [6.875, 5.875, 16]},
			"faces": {
				"north": {"uv": [0, 0, 0, 8], "texture": "#missing"},
				"east": {"uv": [12, 5, 14, 8], "texture": "#1", "cullface": "south"},
				"south": {"uv": [0, 0, 0, 8], "texture": "#missing"},
				"west": {"uv": [14, 5, 12, 8], "texture": "#1", "cullface": "south"},
				"up": {"uv": [0, 0, 13, 0], "rotation": 90, "texture": "#missing"},
				"down": {"uv": [0, 0, 13, 0], "rotation": 270, "texture": "#missing"}
			}
		},
		{
			"from": [7.5, 6.5, 18.625],
			"to": [7.5, 7, 19.125],
			"rotation": {"angle": 45, "axis": "x", "origin": [6.875, 5.875, 16]},
			"faces": {
				"north": {"uv": [0, 0, 0, 8], "texture": "#missing"},
				"east": {"uv": [2, 6, 3, 7], "texture": "#1", "cullface": "south"},
				"south": {"uv": [0, 0, 0, 8], "texture": "#missing"},
				"west": {"uv": [3, 6, 2, 7], "texture": "#1", "cullface": "south"},
				"up": {"uv": [0, 0, 13, 0], "rotation": 90, "texture": "#missing"},
				"down": {"uv": [0, 0, 13, 0], "rotation": 270, "texture": "#missing"}
			}
		},
		{
			"from": [7.5, 8, 16.625],
			"to": [7.5, 8.5, 17.125],
			"rotation": {"angle": 45, "axis": "x", "origin": [6.875, 5.875, 16]},
			"faces": {
				"north": {"uv": [0, 0, 0, 8], "texture": "#missing"},
				"east": {"uv": [6, 3, 7, 4], "texture": "#1", "cullface": "south"},
				"south": {"uv": [0, 0, 0, 8], "texture": "#missing"},
				"west": {"uv": [7, 3, 6, 4], "texture": "#1", "cullface": "south"},
				"up": {"uv": [0, 0, 13, 0], "rotation": 90, "texture": "#missing"},
				"down": {"uv": [0, 0, 13, 0], "rotation": 270, "texture": "#missing"}
			}
		},
		{
			"from": [7.5, 8, 17.625],
			"to": [7.5, 8.5, 18.125],
			"rotation": {"angle": 45, "axis": "x", "origin": [6.875, 5.875, 16]},
			"faces": {
				"north": {"uv": [0, 0, 0, 8], "texture": "#missing"},
				"east": {"uv": [4, 3, 5, 4], "texture": "#1", "cullface": "south"},
				"south": {"uv": [0, 0, 0, 8], "texture": "#missing"},
				"west": {"uv": [5, 3, 4, 4], "texture": "#1", "cullface": "south"},
				"up": {"uv": [0, 0, 13, 0], "rotation": 90, "texture": "#missing"},
				"down": {"uv": [0, 0, 13, 0], "rotation": 270, "texture": "#missing"}
			}
		},
		{
			"from": [7.5, 8, 18.125],
			"to": [7.5, 9, 18.625],
			"rotation": {"angle": 45, "axis": "x", "origin": [6.875, 5.875, 16]},
			"faces": {
				"north": {"uv": [0, 0, 0, 8], "texture": "#missing"},
				"east": {"uv": [3, 2, 4, 4], "texture": "#1", "cullface": "south"},
				"south": {"uv": [0, 0, 0, 8], "texture": "#missing"},
				"west": {"uv": [4, 2, 3, 4], "texture": "#1", "cullface": "south"},
				"up": {"uv": [0, 0, 13, 0], "rotation": 90, "texture": "#missing"},
				"down": {"uv": [0, 0, 13, 0], "rotation": 270, "texture": "#missing"}
			}
		},
		{
			"from": [7.5, 7, 18.625],
			"to": [7.5, 9, 19.625],
			"rotation": {"angle": 45, "axis": "x", "origin": [6.875, 5.875, 16]},
			"faces": {
				"north": {"uv": [0, 0, 0, 8], "texture": "#missing"},
				"east": {"uv": [1, 2, 3, 6], "texture": "#1", "cullface": "south"},
				"south": {"uv": [0, 0, 0, 8], "texture": "#missing"},
				"west": {"uv": [3, 2, 1, 6], "texture": "#1", "cullface": "south"},
				"up": {"uv": [0, 0, 13, 0], "rotation": 90, "texture": "#missing"},
				"down": {"uv": [0, 0, 13, 0], "rotation": 270, "texture": "#missing"}
			}
		},
		{
			"from": [7.5, 2.5, 14.125],
			"to": [7.5, 3, 15.125],
			"rotation": {"angle": 45, "axis": "x", "origin": [6.875, 5.875, 16]},
			"faces": {
				"north": {"uv": [0, 0, 0, 8], "texture": "#missing"},
				"east": {"uv": [10, 14, 12, 15], "texture": "#1", "cullface": "south"},
				"south": {"uv": [0, 0, 0, 8], "texture": "#missing"},
				"west": {"uv": [12, 14, 10, 15], "texture": "#1", "cullface": "south"},
				"up": {"uv": [0, 0, 13, 0], "rotation": 90, "texture": "#missing"},
				"down": {"uv": [0, 0, 13, 0], "rotation": 270, "texture": "#missing"}
			}
		},
		{
			"from": [7.5, 2.5, 15.625],
			"to": [7.5, 3, 16.625],
			"rotation": {"angle": 45, "axis": "x", "origin": [6.875, 5.875, 16]},
			"faces": {
				"north": {"uv": [0, 0, 0, 8], "texture": "#missing"},
				"east": {"uv": [7, 14, 9, 15], "texture": "#1", "cullface": "south"},
				"south": {"uv": [0, 0, 0, 8], "texture": "#missing"},
				"west": {"uv": [9, 14, 7, 15], "texture": "#1", "cullface": "south"},
				"up": {"uv": [0, 0, 13, 0], "rotation": 90, "texture": "#missing"},
				"down": {"uv": [0, 0, 13, 0], "rotation": 270, "texture": "#missing"}
			}
		},
		{
			"from": [7.5, 2.5, 17.625],
			"to": [7.5, 3, 18.625],
			"rotation": {"angle": 45, "axis": "x", "origin": [6.875, 5.875, 16]},
			"faces": {
				"north": {"uv": [0, 0, 0, 8], "texture": "#missing"},
				"east": {"uv": [3, 14, 5, 15], "texture": "#1", "cullface": "south"},
				"south": {"uv": [0, 0, 0, 8], "texture": "#missing"},
				"west": {"uv": [5, 14, 3, 15], "texture": "#1", "cullface": "south"},
				"up": {"uv": [0, 0, 13, 0], "rotation": 90, "texture": "#missing"},
				"down": {"uv": [0, 0, 13, 0], "rotation": 270, "texture": "#missing"}
			}
		},
		{
			"from": [7.5, 3, 18.625],
			"to": [7.5, 3.5, 19.125],
			"rotation": {"angle": 45, "axis": "x", "origin": [6.875, 5.875, 16]},
			"faces": {
				"north": {"uv": [0, 0, 0, 8], "texture": "#missing"},
				"east": {"uv": [2, 13, 3, 14], "texture": "#1", "cullface": "south"},
				"south": {"uv": [0, 0, 0, 8], "texture": "#missing"},
				"west": {"uv": [3, 13, 2, 14], "texture": "#1", "cullface": "south"},
				"up": {"uv": [0, 0, 13, 0], "rotation": 90, "texture": "#missing"},
				"down": {"uv": [0, 0, 13, 0], "rotation": 270, "texture": "#missing"}
			}
		},
		{
			"from": [7.5, 3.5, 18.625],
			"to": [7.5, 6, 19.625],
			"rotation": {"angle": 45, "axis": "x", "origin": [6.875, 5.875, 16]},
			"faces": {
				"north": {"uv": [0, 0, 0, 8], "texture": "#missing"},
				"east": {"uv": [1, 8, 3, 13], "texture": "#1", "cullface": "south"},
				"south": {"uv": [0, 0, 0, 8], "texture": "#missing"},
				"west": {"uv": [3, 8, 1, 13], "texture": "#1", "cullface": "south"},
				"up": {"uv": [0, 0, 13, 0], "rotation": 90, "texture": "#missing"},
				"down": {"uv": [0, 0, 13, 0], "rotation": 270, "texture": "#missing"}
			}
		},
		{
			"from": [7.5, 3, 14.125],
			"to": [7.5, 8, 18.625],
			"rotation": {"angle": 45, "axis": "x", "origin": [6.875, 5.875, 16]},
			"faces": {
				"north": {"uv": [0, 0, 0, 8], "texture": "#missing"},
				"east": {"uv": [3, 4, 12, 14], "texture": "#1", "cullface": "south"},
				"south": {"uv": [0, 0, 0, 8], "texture": "#missing"},
				"west": {"uv": [12, 4, 3, 14], "texture": "#1", "cullface": "south"},
				"up": {"uv": [0, 0, 13, 0], "rotation": 90, "texture": "#missing"},
				"down": {"uv": [0, 0, 13, 0], "rotation": 270, "texture": "#missing"}
			}
		}
	],
	"groups": [
		0,
		{
			"name": "group",
			"origin": [13, 14, -14],
			"color": 0,
			"children": [1, 2, 3, 4, 5, 6, 7, 8, 9, 10, 11, 12, 13, 14, 15, 16, 17, 18, 19, 20, 21, 22, 23, 24, 25, 26, 27, 28, 29, 30, 31, 32, 33, 34, 35, 36]
		},
		{
			"name": "group",
			"origin": [13, 14, -14],
			"color": 0,
			"children": [37, 38, 39, 40, 41, 42, 43, 44, 45, 46, 47, 48, 49, 50, 51, 52, 53, 54, 55, 56, 57, 58, 59, 60, 61, 62, 63, 64, 65, 66, 67, 68, 69, 70, 71, 72]
		},
		{
			"name": "group",
			"origin": [13, 14, -14],
			"color": 0,
			"children": [73, 74, 75, 76, 77, 78, 79, 80, 81, 82, 83, 84, 85, 86, 87, 88, 89, 90, 91, 92, 93, 94, 95, 96, 97, 98, 99, 100, 101, 102, 103, 104, 105, 106, 107, 108]
		}
	]
}