{
	"credit": "Made with Blockbench",
	"textures": {
		"0": "block/nether_gold_ore",
		"1": "block/gold_nugget",
		"particle": "block/nether_gold_ore"
	},
	"elements": [
		{
			"from": [0, 0, 0],
			"to": [16, 16, 16],
			"faces": {
				"north": {"uv": [0, 0, 16, 16], "texture": "#0", "cullface": "north"},
				"east": {"uv": [0, 0, 16, 16], "texture": "#0", "cullface": "east"},
				"south": {"uv": [0, 0, 16, 16], "texture": "#0", "cullface": "south"},
				"west": {"uv": [0, 0, 16, 16], "texture": "#0", "cullface": "west"},
				"up": {"uv": [0, 0, 16, 16], "texture": "#0", "cullface": "up"},
				"down": {"uv": [0, 0, 16, 16], "texture": "#0", "cullface": "down"}
			}
		},
		{
			"from": [6, 2.5, 14.5],
			"to": [6, 4.5, 17.5],
			"rotation": {"angle": -22.5, "axis": "x", "origin": [6, 3.5, 16]},
			"faces": {
				"north": {"uv": [0, 0, 13, 0], "rotation": 90, "texture": "#missing"},
				"east": {"uv": [6, 5, 10, 11], "rotation": 270, "texture": "#1", "cullface": "south"},
				"south": {"uv": [0, 0, 13, 0], "rotation": 90, "texture": "#missing"},
				"west": {"uv": [10, 5, 6, 11], "rotation": 90, "texture": "#1", "cullface": "south"},
				"up": {"uv": [0, 0, 0, 8], "rotation": 180, "texture": "#missing"},
				"down": {"uv": [0, 0, 0, 8], "texture": "#missing"}
			}
		},
		{
			"from": [6, 2, 15.5],
			"to": [6, 2.5, 17.5],
			"rotation": {"angle": -22.5, "axis": "x", "origin": [6, 3.5, 16]},
			"faces": {
				"north": {"uv": [0, 0, 13, 0], "rotation": 90, "texture": "#missing"},
				"east": {"uv": [5, 5, 6, 9], "rotation": 270, "texture": "#1", "cullface": "south"},
				"south": {"uv": [0, 0, 13, 0], "rotation": 90, "texture": "#missing"},
				"west": {"uv": [6, 5, 5, 9], "rotation": 90, "texture": "#1", "cullface": "south"},
				"up": {"uv": [0, 0, 0, 8], "rotation": 180, "texture": "#missing"},
				"down": {"uv": [0, 0, 0, 8], "texture": "#missing"}
			}
		},
		{
			"from": [6, 4.5, 15],
			"to": [6, 5, 17],
			"rotation": {"angle": -22.5, "axis": "x", "origin": [6, 3.5, 16]},
			"faces": {
				"north": {"uv": [0, 0, 13, 0], "rotation": 90, "texture": "#missing"},
				"east": {"uv": [10, 6, 11, 10], "rotation": 270, "texture": "#1", "cullface": "south"},
				"south": {"uv": [0, 0, 13, 0], "rotation": 90, "texture": "#missing"},
				"west": {"uv": [11, 6, 10, 10], "rotation": 90, "texture": "#1", "cullface": "south"},
				"up": {"uv": [0, 0, 0, 8], "rotation": 180, "texture": "#missing"},
				"down": {"uv": [0, 0, 0, 8], "texture": "#missing"}
			}
		},
		{
			"from": [6, 2.5, 17.5],
			"to": [6, 4, 18],
			"rotation": {"angle": -22.5, "axis": "x", "origin": [6, 3.5, 16]},
			"faces": {
				"north": {"uv": [0, 0, 13, 0], "rotation": 90, "texture": "#missing"},
				"east": {"uv": [6, 4, 9, 5], "rotation": 270, "texture": "#1", "cullface": "south"},
				"south": {"uv": [0, 0, 13, 0], "rotation": 90, "texture": "#missing"},
				"west": {"uv": [9, 4, 6, 5], "rotation": 90, "texture": "#1", "cullface": "south"},
				"up": {"uv": [0, 0, 0, 8], "rotation": 180, "texture": "#missing"},
				"down": {"uv": [0, 0, 0, 8], "texture": "#missing"}
			}
		},
		{
			"from": [6, 3, 14],
			"to": [6, 4, 14.5],
			"rotation": {"angle": -22.5, "axis": "x", "origin": [6, 3.5, 16]},
			"faces": {
				"north": {"uv": [0, 0, 13, 0], "rotation": 90, "texture": "#missing"},
				"east": {"uv": [7, 11, 9, 12], "rotation": 270, "texture": "#1", "cullface": "south"},
				"south": {"uv": [0, 0, 13, 0], "rotation": 90, "texture": "#missing"},
				"west": {"uv": [9, 11, 7, 12], "rotation": 90, "texture": "#1", "cullface": "south"},
				"up": {"uv": [0, 0, 0, 8], "rotation": 180, "texture": "#missing"},
				"down": {"uv": [0, 0, 0, 8], "texture": "#missing"}
			}
		},
		{
			"from": [5, 3.5, 17.5],
			"to": [6.5, 3.5, 18],
			"rotation": {"angle": -22.5, "axis": "x", "origin": [6, 3.5, 16]},
			"faces": {
				"north": {"uv": [0, 0, 13, 0], "texture": "#missing"},
				"east": {"uv": [0, 0, 0, 8], "rotation": 270, "texture": "#missing"},
				"south": {"uv": [0, 0, 13, 0], "rotation": 180, "texture": "#missing"},
				"west": {"uv": [0, 0, 0, 8], "rotation": 90, "texture": "#missing"},
				"up": {"uv": [9, 4, 6, 5], "rotation": 180, "texture": "#1", "cullface": "south"},
				"down": {"uv": [6, 4, 9, 5], "texture": "#1", "cullface": "south"}
			}
		},
		{
			"from": [7, 3.5, 15],
			"to": [7.5, 3.5, 17],
			"rotation": {"angle": -22.5, "axis": "x", "origin": [6, 3.5, 16]},
			"faces": {
				"north": {"uv": [0, 0, 13, 0], "texture": "#missing"},
				"east": {"uv": [0, 0, 0, 8], "rotation": 270, "texture": "#missing"},
				"south": {"uv": [0, 0, 13, 0], "rotation": 180, "texture": "#missing"},
				"west": {"uv": [0, 0, 0, 8], "rotation": 90, "texture": "#missing"},
				"up": {"uv": [11, 6, 10, 10], "rotation": 180, "texture": "#1", "cullface": "south"},
				"down": {"uv": [10, 6, 11, 10], "texture": "#1", "cullface": "south"}
			}
		},
		{
			"from": [5, 3.5, 14.5],
			"to": [7, 3.5, 17.5],
			"rotation": {"angle": -22.5, "axis": "x", "origin": [6, 3.5, 16]},
			"faces": {
				"north": {"uv": [0, 0, 13, 0], "texture": "#missing"},
				"east": {"uv": [0, 0, 0, 8], "rotation": 270, "texture": "#missing"},
				"south": {"uv": [0, 0, 13, 0], "rotation": 180, "texture": "#missing"},
				"west": {"uv": [0, 0, 0, 8], "rotation": 90, "texture": "#missing"},
				"up": {"uv": [10, 5, 6, 11], "rotation": 180, "texture": "#1", "cullface": "south"},
				"down": {"uv": [6, 5, 10, 11], "texture": "#1", "cullface": "south"}
			}
		},
		{
			"from": [4.5, 3.5, 15.5],
			"to": [5, 3.5, 17.5],
			"rotation": {"angle": -22.5, "axis": "x", "origin": [6, 3.5, 16]},
			"faces": {
				"north": {"uv": [0, 0, 13, 0], "texture": "#missing"},
				"east": {"uv": [0, 0, 0, 8], "rotation": 270, "texture": "#missing"},
				"south": {"uv": [0, 0, 13, 0], "rotation": 180, "texture": "#missing"},
				"west": {"uv": [0, 0, 0, 8], "rotation": 90, "texture": "#missing"},
				"up": {"uv": [6, 5, 5, 9], "rotation": 180, "texture": "#1", "cullface": "south"},
				"down": {"uv": [5, 5, 6, 9], "texture": "#1", "cullface": "south"}
			}
		},
		{
			"from": [5.5, 3.5, 14],
			"to": [6.5, 3.5, 14.5],
			"rotation": {"angle": -22.5, "axis": "x", "origin": [6, 3.5, 16]},
			"faces": {
				"north": {"uv": [0, 0, 13, 0], "texture": "#missing"},
				"east": {"uv": [0, 0, 0, 8], "rotation": 270, "texture": "#missing"},
				"south": {"uv": [0, 0, 13, 0], "rotation": 180, "texture": "#missing"},
				"west": {"uv": [0, 0, 0, 8], "rotation": 90, "texture": "#missing"},
				"up": {"uv": [9, 11, 7, 12], "rotation": 180, "texture": "#1", "cullface": "south"},
				"down": {"uv": [7, 11, 9, 12], "texture": "#1", "cullface": "south"}
			}
		},
		{
			"from": [1, 15, 4],
			"to": [3, 18, 4],
			"rotation": {"angle": 22.5, "axis": "z", "origin": [2, 16.5, 4]},
			"faces": {
				"north": {"uv": [6, 5, 10, 11], "texture": "#1", "cullface": "up"},
				"east": {"uv": [0, 0, 0, 8], "texture": "#missing"},
				"south": {"uv": [10, 5, 6, 11], "texture": "#1", "cullface": "up"},
				"west": {"uv": [0, 0, 0, 8], "texture": "#missing"},
				"up": {"uv": [0, 0, 13, 0], "texture": "#missing"},
				"down": {"uv": [0, 0, 13, 0], "texture": "#missing"}
			}
		},
		{
			"from": [3, 16, 4],
			"to": [3.5, 18, 4],
			"rotation": {"angle": 22.5, "axis": "z", "origin": [2, 16.5, 4]},
			"faces": {
				"north": {"uv": [5, 5, 6, 9], "texture": "#1", "cullface": "up"},
				"east": {"uv": [0, 0, 0, 8], "texture": "#missing"},
				"south": {"uv": [6, 5, 5, 9], "texture": "#1", "cullface": "up"},
				"west": {"uv": [0, 0, 0, 8], "texture": "#missing"},
				"up": {"uv": [0, 0, 13, 0], "texture": "#missing"},
				"down": {"uv": [0, 0, 13, 0], "texture": "#missing"}
			}
		},
		{
			"from": [0.5, 15.5, 4],
			"to": [1, 17.5, 4],
			"rotation": {"angle": 22.5, "axis": "z", "origin": [2, 16.5, 4]},
			"faces": {
				"north": {"uv": [10, 6, 11, 10], "texture": "#1", "cullface": "up"},
				"east": {"uv": [0, 0, 0, 8], "texture": "#missing"},
				"south": {"uv": [11, 6, 10, 10], "texture": "#1", "cullface": "up"},
				"west": {"uv": [0, 0, 0, 8], "texture": "#missing"},
				"up": {"uv": [0, 0, 13, 0], "texture": "#missing"},
				"down": {"uv": [0, 0, 13, 0], "texture": "#missing"}
			}
		},
		{
			"from": [1.5, 18, 4],
			"to": [3, 18.5, 4],
			"rotation": {"angle": 22.5, "axis": "z", "origin": [2, 16.5, 4]},
			"faces": {
				"north": {"uv": [6, 4, 9, 5], "texture": "#1", "cullface": "up"},
				"east": {"uv": [0, 0, 0, 8], "texture": "#missing"},
				"south": {"uv": [9, 4, 6, 5], "texture": "#1", "cullface": "up"},
				"west": {"uv": [0, 0, 0, 8], "texture": "#missing"},
				"up": {"uv": [0, 0, 13, 0], "texture": "#missing"},
				"down": {"uv": [0, 0, 13, 0], "texture": "#missing"}
			}
		},
		{
			"from": [1.5, 14.5, 4],
			"to": [2.5, 15, 4],
			"rotation": {"angle": 22.5, "axis": "z", "origin": [2, 16.5, 4]},
			"faces": {
				"north": {"uv": [7, 11, 9, 12], "texture": "#1", "cullface": "up"},
				"east": {"uv": [0, 0, 0, 8], "texture": "#missing"},
				"south": {"uv": [9, 11, 7, 12], "texture": "#1", "cullface": "up"},
				"west": {"uv": [0, 0, 0, 8], "texture": "#missing"},
				"up": {"uv": [0, 0, 13, 0], "texture": "#missing"},
				"down": {"uv": [0, 0, 13, 0], "texture": "#missing"}
			}
		},
		{
			"from": [2, 18, 3.5],
			"to": [2, 18.5, 5],
			"rotation": {"angle": 22.5, "axis": "z", "origin": [2, 16.5, 4]},
			"faces": {
				"north": {"uv": [0, 0, 0, 8], "texture": "#missing"},
				"east": {"uv": [6, 4, 9, 5], "texture": "#1", "cullface": "up"},
				"south": {"uv": [0, 0, 0, 8], "texture": "#missing"},
				"west": {"uv": [9, 4, 6, 5], "texture": "#1", "cullface": "up"},
				"up": {"uv": [0, 0, 13, 0], "rotation": 90, "texture": "#missing"},
				"down": {"uv": [0, 0, 13, 0], "rotation": 270, "texture": "#missing"}
			}
		},
		{
			"from": [2, 15.5, 2.5],
			"to": [2, 17.5, 3],
			"rotation": {"angle": 22.5, "axis": "z", "origin": [2, 16.5, 4]},
			"faces": {
				"north": {"uv": [0, 0, 0, 8], "texture": "#missing"},
				"east": {"uv": [10, 6, 11, 10], "texture": "#1", "cullface": "up"},
				"south": {"uv": [0, 0, 0, 8], "texture": "#missing"},
				"west": {"uv": [11, 6, 10, 10], "texture": "#1", "cullface": "up"},
				"up": {"uv": [0, 0, 13, 0], "rotation": 90, "texture": "#missing"},
				"down": {"uv": [0, 0, 13, 0], "rotation": 270, "texture": "#missing"}
			}
		},
		{
			"from": [2, 15, 3],
			"to": [2, 18, 5],
			"rotation": {"angle": 22.5, "axis": "z", "origin": [2, 16.5, 4]},
			"faces": {
				"north": {"uv": [0, 0, 0, 8], "texture": "#missing"},
				"east": {"uv": [6, 5, 10, 11], "texture": "#1", "cullface": "up"},
				"south": {"uv": [0, 0, 0, 8], "texture": "#missing"},
				"west": {"uv": [10, 5, 6, 11], "texture": "#1", "cullface": "up"},
				"up": {"uv": [0, 0, 13, 0], "rotation": 90, "texture": "#missing"},
				"down": {"uv": [0, 0, 13, 0], "rotation": 270, "texture": "#missing"}
			}
		},
		{
			"from": [2, 16, 5],
			"to": [2, 18, 5.5],
			"rotation": {"angle": 22.5, "axis": "z", "origin": [2, 16.5, 4]},
			"faces": {
				"north": {"uv": [0, 0, 0, 8], "texture": "#missing"},
				"east": {"uv": [5, 5, 6, 9], "texture": "#1", "cullface": "up"},
				"south": {"uv": [0, 0, 0, 8], "texture": "#missing"},
				"west": {"uv": [6, 5, 5, 9], "texture": "#1", "cullface": "up"},
				"up": {"uv": [0, 0, 13, 0], "rotation": 90, "texture": "#missing"},
				"down": {"uv": [0, 0, 13, 0], "rotation": 270, "texture": "#missing"}
			}
		},
		{
			"from": [2, 14.5, 3.5],
			"to": [2, 15, 4.5],
			"rotation": {"angle": 22.5, "axis": "z", "origin": [2, 16.5, 4]},
			"faces": {
				"north": {"uv": [0, 0, 0, 8], "texture": "#missing"},
				"east": {"uv": [7, 11, 9, 12], "texture": "#1", "cullface": "up"},
				"south": {"uv": [0, 0, 0, 8], "texture": "#missing"},
				"west": {"uv": [9, 11, 7, 12], "texture": "#1", "cullface": "up"},
				"up": {"uv": [0, 0, 13, 0], "rotation": 90, "texture": "#missing"},
				"down": {"uv": [0, 0, 13, 0], "rotation": 270, "texture": "#missing"}
			}
		},
		{
			"from": [16, 8, -1],
			"to": [16, 11, 1],
			"rotation": {"angle": -45, "axis": "x", "origin": [16, 9.5, 0]},
			"faces": {
				"north": {"uv": [0, 0, 0, 8], "texture": "#missing"},
				"east": {"uv": [6, 5, 10, 11], "texture": "#1", "cullface": "north"},
				"south": {"uv": [0, 0, 0, 8], "texture": "#missing"},
				"west": {"uv": [10, 5, 6, 11], "texture": "#1", "cullface": "north"},
				"up": {"uv": [0, 0, 13, 0], "rotation": 90, "texture": "#missing"},
				"down": {"uv": [0, 0, 13, 0], "rotation": 270, "texture": "#missing"}
			}
		},
		{
			"from": [16, 9, 1],
			"to": [16, 11, 1.5],
			"rotation": {"angle": -45, "axis": "x", "origin": [16, 9.5, 0]},
			"faces": {
				"north": {"uv": [0, 0, 0, 8], "texture": "#missing"},
				"east": {"uv": [5, 5, 6, 9], "texture": "#1", "cullface": "north"},
				"south": {"uv": [0, 0, 0, 8], "texture": "#missing"},
				"west": {"uv": [6, 5, 5, 9], "texture": "#1", "cullface": "north"},
				"up": {"uv": [0, 0, 13, 0], "rotation": 90, "texture": "#missing"},
				"down": {"uv": [0, 0, 13, 0], "rotation": 270, "texture": "#missing"}
			}
		},
		{
			"from": [16, 8.5, -1.5],
			"to": [16, 10.5, -1],
			"rotation": {"angle": -45, "axis": "x", "origin": [16, 9.5, 0]},
			"faces": {
				"north": {"uv": [0, 0, 0, 8], "texture": "#missing"},
				"east": {"uv": [10, 6, 11, 10], "texture": "#1", "cullface": "north"},
				"south": {"uv": [0, 0, 0, 8], "texture": "#missing"},
				"west": {"uv": [11, 6, 10, 10], "texture": "#1", "cullface": "north"},
				"up": {"uv": [0, 0, 13, 0], "rotation": 90, "texture": "#missing"},
				"down": {"uv": [0, 0, 13, 0], "rotation": 270, "texture": "#missing"}
			}
		},
		{
			"from": [16, 11, -0.5],
			"to": [16, 11.5, 1],
			"rotation": {"angle": -45, "axis": "x", "origin": [16, 9.5, 0]},
			"faces": {
				"north": {"uv": [0, 0, 0, 8], "texture": "#missing"},
				"east": {"uv": [6, 4, 9, 5], "texture": "#1", "cullface": "north"},
				"south": {"uv": [0, 0, 0, 8], "texture": "#missing"},
				"west": {"uv": [9, 4, 6, 5], "texture": "#1", "cullface": "north"},
				"up": {"uv": [0, 0, 13, 0], "rotation": 90, "texture": "#missing"},
				"down": {"uv": [0, 0, 13, 0], "rotation": 270, "texture": "#missing"}
			}
		},
		{
			"from": [16, 7.5, -0.5],
			"to": [16, 8, 0.5],
			"rotation": {"angle": -45, "axis": "x", "origin": [16, 9.5, 0]},
			"faces": {
				"north": {"uv": [0, 0, 0, 8], "texture": "#missing"},
				"east": {"uv": [7, 11, 9, 12], "texture": "#1", "cullface": "north"},
				"south": {"uv": [0, 0, 0, 8], "texture": "#missing"},
				"west": {"uv": [9, 11, 7, 12], "texture": "#1", "cullface": "north"},
				"up": {"uv": [0, 0, 13, 0], "rotation": 90, "texture": "#missing"},
				"down": {"uv": [0, 0, 13, 0], "rotation": 270, "texture": "#missing"}
			}
		},
		{
			"from": [15, 11, 0],
			"to": [16.5, 11.5, 0],
			"rotation": {"angle": -45, "axis": "x", "origin": [16, 9.5, 0]},
			"faces": {
				"north": {"uv": [9, 4, 6, 5], "texture": "#1", "cullface": "north"},
				"east": {"uv": [0, 0, 0, 8], "texture": "#missing"},
				"south": {"uv": [6, 4, 9, 5], "texture": "#1", "cullface": "north"},
				"west": {"uv": [0, 0, 0, 8], "texture": "#missing"},
				"up": {"uv": [0, 0, 13, 0], "rotation": 180, "texture": "#missing"},
				"down": {"uv": [0, 0, 13, 0], "rotation": 180, "texture": "#missing"}
			}
		},
		{
			"from": [17, 8.5, 0],
			"to": [17.5, 10.5, 0],
			"rotation": {"angle": -45, "axis": "x", "origin": [16, 9.5, 0]},
			"faces": {
				"north": {"uv": [11, 6, 10, 10], "texture": "#1", "cullface": "north"},
				"east": {"uv": [0, 0, 0, 8], "texture": "#missing"},
				"south": {"uv": [10, 6, 11, 10], "texture": "#1", "cullface": "north"},
				"west": {"uv": [0, 0, 0, 8], "texture": "#missing"},
				"up": {"uv": [0, 0, 13, 0], "rotation": 180, "texture": "#missing"},
				"down": {"uv": [0, 0, 13, 0], "rotation": 180, "texture": "#missing"}
			}
		},
		{
			"from": [15, 8, 0],
			"to": [17, 11, 0],
			"rotation": {"angle": -45, "axis": "x", "origin": [16, 9.5, 0]},
			"faces": {
				"north": {"uv": [10, 5, 6, 11], "texture": "#1", "cullface": "north"},
				"east": {"uv": [0, 0, 0, 8], "texture": "#missing"},
				"south": {"uv": [6, 5, 10, 11], "texture": "#1", "cullface": "north"},
				"west": {"uv": [0, 0, 0, 8], "texture": "#missing"},
				"up": {"uv": [0, 0, 13, 0], "rotation": 180, "texture": "#missing"},
				"down": {"uv": [0, 0, 13, 0], "rotation": 180, "texture": "#missing"}
			}
		},
		{
			"from": [14.5, 9, 0],
			"to": [15, 11, 0],
			"rotation": {"angle": -45, "axis": "x", "origin": [16, 9.5, 0]},
			"faces": {
				"north": {"uv": [6, 5, 5, 9], "texture": "#1", "cullface": "north"},
				"east": {"uv": [0, 0, 0, 8], "texture": "#missing"},
				"south": {"uv": [5, 5, 6, 9], "texture": "#1", "cullface": "north"},
				"west": {"uv": [0, 0, 0, 8], "texture": "#missing"},
				"up": {"uv": [0, 0, 13, 0], "rotation": 180, "texture": "#missing"},
				"down": {"uv": [0, 0, 13, 0], "rotation": 180, "texture": "#missing"}
			}
		},
		{
			"from": [15.5, 7.5, 0],
			"to": [16.5, 8, 0],
			"rotation": {"angle": -45, "axis": "x", "origin": [16, 9.5, 0]},
			"faces": {
				"north": {"uv": [9, 11, 7, 12], "texture": "#1", "cullface": "north"},
				"east": {"uv": [0, 0, 0, 8], "texture": "#missing"},
				"south": {"uv": [7, 11, 9, 12], "texture": "#1", "cullface": "north"},
				"west": {"uv": [0, 0, 0, 8], "texture": "#missing"},
				"up": {"uv": [0, 0, 13, 0], "rotation": 180, "texture": "#missing"},
				"down": {"uv": [0, 0, 13, 0], "rotation": 180, "texture": "#missing"}
			}
		}
	],
	"groups": [
		0,
		{
			"name": "group",
			"origin": [13, 14, -14],
			"color": 0,
			"children": [1, 2, 3, 4, 5, 6, 7, 8, 9, 10]
		},
		{
			"name": "group",
			"origin": [13, 14, -14],
			"color": 0,
			"children": [11, 12, 13, 14, 15, 16, 17, 18, 19, 20]
		},
		{
			"name": "group",
			"origin": [13, 14, -14],
			"color": 0,
			"children": [21, 22, 23, 24, 25, 26, 27, 28, 29, 30]
		}
	]
}