{
	"credit": "Made with Blockbench",
	"textures": {
		"0": "block/pale_oak_log",
		"1": "block/pale_oak_log_top",
		"2": "block/pale_oak_log_h",
		"particle": "block/pale_oak_log"
	},
	"elements": [
		{
			"from": [0, 0, 0],
			"to": [16, 16, 16],
			"faces": {
				"north": {"uv": [0, 0, 16, 16], "texture": "#0", "cullface": "north"},
				"east": {"uv": [0, 0, 16, 16], "texture": "#0", "cullface": "east"},
				"south": {"uv": [0, 0, 16, 16], "texture": "#0", "cullface": "south"},
				"west": {"uv": [0, 0, 16, 16], "texture": "#0", "cullface": "west"},
				"up": {"uv": [0, 0, 16, 16], "texture": "#1", "cullface": "up"},
				"down": {"uv": [0, 0, 16, 16], "texture": "#1", "cullface": "down"}
			}
		},
		{
			"from": [-7, 3, 5],
			"to": [-1, 7, 9],
			"rotation": {"angle": -22.5, "axis": "z", "origin": [0, 0, 0]},
			"faces": {
				"north": {"uv": [0, 6, 6, 10], "texture": "#2"},
				"east": {"uv": [0, 0, 4, 4], "texture": "#missing"},
				"south": {"uv": [0, 6, 6, 10], "texture": "#2"},
				"west": {"uv": [6, 6, 10, 10], "texture": "#1"},
				"up": {"uv": [0, 6, 6, 10], "texture": "#2"},
				"down": {"uv": [0, 6, 6, 10], "texture": "#2"}
			}
		}
	]
}