{
	"credit": "Made with Blockbench",
	"ambientocclusion": false,
	"textures": {
		"1": "block/pink_butterfly",
		"2": "block/poppy0",
		"particle": "block/poppy0"
	},
	"elements": [
		{
			"from": [0.8, 0, 8],
			"to": [15.2, 16, 8],
			"shade": false,
			"rotation": {"angle": 45, "axis": "y", "origin": [8, 8, 8], "rescale": true},
			"faces": {
				"north": {"uv": [0, 0, 16, 16], "texture": "#2"},
				"south": {"uv": [0, 0, 16, 16], "texture": "#2"}
			}
		},
		{
			"from": [8, 0, 0.8],
			"to": [8, 16, 15.2],
			"shade": false,
			"rotation": {"angle": 45, "axis": "y", "origin": [8, 8, 8], "rescale": true},
			"faces": {
				"east": {"uv": [0, 0, 16, 16], "texture": "#2"},
				"west": {"uv": [0, 0, 16, 16], "texture": "#2"}
			}
		},
		{
			"from": [0, 19, 0.5],
			"to": [4, 24, 0.5],
			"shade": false,
			"rotation": {"angle": 45, "axis": "z", "origin": [0, 19, 0]},
			"faces": {
				"north": {"uv": [16, 0, 7, 16], "texture": "#1"},
				"east": {"uv": [0, 0, 0, 5], "texture": "#missing"},
				"south": {"uv": [7, 0, 16, 16], "texture": "#1"},
				"west": {"uv": [0, 0, 0, 5], "texture": "#missing"},
				"up": {"uv": [0, 0, 0, 4], "rotation": 270, "texture": "#missing"},
				"down": {"uv": [0, 0, 0, 4], "rotation": 90, "texture": "#missing"}
			}
		},
		{
			"from": [0, 19, 0],
			"to": [0, 24, 4],
			"shade": false,
			"rotation": {"angle": 45, "axis": "z", "origin": [0, 19, 0]},
			"faces": {
				"north": {"uv": [0, 0, 0, 5], "texture": "#missing"},
				"east": {"uv": [0, 0, 8, 16], "texture": "#1"},
				"south": {"uv": [0, 0, 0, 5], "texture": "#missing"},
				"west": {"uv": [8, 0, 0, 16], "texture": "#1"},
				"up": {"uv": [0, 0, 0, 4], "texture": "#missing"},
				"down": {"uv": [0, 0, 0, 4], "texture": "#missing"}
			}
		}
	],
	"groups": [
		0,
		1,
		{
			"name": "group",
			"origin": [0, 19, 0],
			"color": 0,
			"shade": false,
			"children": [2, 3]
		}
	]
}