{
	"credit": "Made with Blockbench",
	"ambientocclusion": false,
	"textures": {
		"1": "block/blue_butterfly",
		"2": "block/poppy1",
		"3": "block/white_butterfly",
		"particle": "block/poppy1"
	},
	"elements": [
		{
			"from": [0.8, 0, 8],
			"to": [15.2, 16, 8],
			"shade": false,
			"rotation": {"angle": 45, "axis": "y", "origin": [8, 8, 8], "rescale": true},
			"faces": {
				"north": {"uv": [0, 0, 16, 16], "texture": "#2"},
				"south": {"uv": [0, 0, 16, 16], "texture": "#2"}
			}
		},
		{
			"from": [8, 0, 0.8],
			"to": [8, 16, 15.2],
			"shade": false,
			"rotation": {"angle": 45, "axis": "y", "origin": [8, 8, 8], "rescale": true},
			"faces": {
				"east": {"uv": [0, 0, 16, 16], "texture": "#2"},
				"west": {"uv": [0, 0, 16, 16], "texture": "#2"}
			}
		},
		{
			"from": [7.18934, 15.47487, -1.25],
			"to": [7.18934, 19.47487, 3.75],
			"shade": false,
			"rotation": {"angle": -45, "axis": "x", "origin": [7.93934, 16.47487, 1.25]},
			"faces": {
				"north": {"uv": [0, 0, 0, 4], "texture": "#missing"},
				"east": {"uv": [7, 0, 16, 16], "rotation": 270, "texture": "#3"},
				"south": {"uv": [0, 0, 0, 4], "rotation": 180, "texture": "#missing"},
				"west": {"uv": [16, 0, 7, 16], "rotation": 90, "texture": "#3"},
				"up": {"uv": [0, 0, 0, 5], "rotation": 180, "texture": "#missing"},
				"down": {"uv": [0, 0, 0, 5], "texture": "#missing"}
			}
		},
		{
			"from": [6.68934, 15.47487, -1.25],
			"to": [10.68934, 15.47487, 3.75],
			"shade": false,
			"rotation": {"angle": -45, "axis": "x", "origin": [7.93934, 16.47487, 1.25]},
			"faces": {
				"north": {"uv": [0, 0, 0, 4], "rotation": 270, "texture": "#missing"},
				"east": {"uv": [0, 0, 0, 5], "rotation": 270, "texture": "#missing"},
				"south": {"uv": [0, 0, 0, 4], "rotation": 270, "texture": "#missing"},
				"west": {"uv": [0, 0, 0, 5], "rotation": 90, "texture": "#missing"},
				"up": {"uv": [0, 0, 8, 16], "rotation": 180, "texture": "#3"},
				"down": {"uv": [8, 0, 0, 16], "texture": "#3"}
			}
		},
		{
			"from": [6.93934, 25.72487, 16.75],
			"to": [10.93934, 25.72487, 21.75],
			"shade": false,
			"rotation": {"angle": 45, "axis": "x", "origin": [7.93934, 26.47487, 19.25]},
			"faces": {
				"north": {"uv": [0, 0, 0, 4], "rotation": 90, "texture": "#missing"},
				"east": {"uv": [0, 0, 0, 5], "rotation": 90, "texture": "#missing"},
				"south": {"uv": [0, 0, 0, 4], "rotation": 90, "texture": "#missing"},
				"west": {"uv": [0, 0, 0, 5], "rotation": 270, "texture": "#missing"},
				"up": {"uv": [7, 0, 16, 16], "texture": "#1"},
				"down": {"uv": [16, 0, 7, 16], "rotation": 180, "texture": "#1"}
			}
		},
		{
			"from": [6.93934, 25.22487, 16.75],
			"to": [6.93934, 29.22487, 21.75],
			"shade": false,
			"rotation": {"angle": 45, "axis": "x", "origin": [7.93934, 26.47487, 19.25]},
			"faces": {
				"north": {"uv": [0, 0, 0, 4], "rotation": 180, "texture": "#missing"},
				"east": {"uv": [0, 0, 8, 16], "rotation": 90, "texture": "#1"},
				"south": {"uv": [0, 0, 0, 4], "texture": "#missing"},
				"west": {"uv": [8, 0, 0, 16], "rotation": 270, "texture": "#1"},
				"up": {"uv": [0, 0, 0, 5], "texture": "#missing"},
				"down": {"uv": [0, 0, 0, 5], "rotation": 180, "texture": "#missing"}
			}
		}
	],
	"groups": [
		0,
		1,
		{
			"name": "group",
			"origin": [0, 19, 0],
			"color": 0,
			"shade": false,
			"children": [2, 3]
		},
		{
			"name": "group",
			"origin": [0, 19, 0],
			"color": 0,
			"shade": false,
			"children": [4, 5]
		}
	]
}