{
	"credit": "Made with Blockbench",
	"ambientocclusion": false,
	"textures": {
		"0": "block/short_grass",
		"2": "block/short_grass1_inv_sunflower",
		"3": "block/inv_short_grass",
		"particle": "block/short_grass"
	},
	"elements": [
		{
			"from": [-3.2, 0, 19],
			"to": [11.2, 32, 19],
			"shade": false,
			"rotation": {"angle": 45, "axis": "y", "origin": [4, 8, 19], "rescale": true},
			"faces": {
				"north": {"uv": [0, 0, 8, 16], "texture": "#0", "tintindex": 0},
				"south": {"uv": [0, 0, 8, 16], "texture": "#0", "tintindex": 0}
			}
		},
		{
			"from": [-3.2, 0, 19],
			"to": [11.2, 32, 19],
			"shade": false,
			"rotation": {"angle": 45, "axis": "y", "origin": [4, 8, 19], "rescale": true},
			"faces": {
				"north": {"uv": [0, 0, 8, 16], "texture": "#3"},
				"south": {"uv": [0, 0, 8, 16], "texture": "#3"}
			}
		},
		{
			"from": [4, 0, 11.8],
			"to": [4, 32, 26.2],
			"shade": false,
			"rotation": {"angle": 45, "axis": "y", "origin": [4, 8, 19], "rescale": true},
			"faces": {
				"east": {"uv": [0, 0, 8, 16], "texture": "#0", "tintindex": 0},
				"west": {"uv": [0, 0, 8, 16], "texture": "#0", "tintindex": 0}
			}
		},
		{
			"from": [4, 0, 11.8],
			"to": [4, 32, 26.2],
			"shade": false,
			"rotation": {"angle": 45, "axis": "y", "origin": [4, 8, 19], "rescale": true},
			"faces": {
				"east": {"uv": [0, 0, 8, 16], "texture": "#3"},
				"west": {"uv": [0, 0, 8, 16], "texture": "#3"}
			}
		},
		{
			"from": [11.8, 0, 8],
			"to": [26.2, 32, 8],
			"shade": false,
			"rotation": {"angle": 45, "axis": "y", "origin": [19, 8, 8], "rescale": true},
			"faces": {
				"north": {"uv": [0, 0, 8, 16], "texture": "#0", "tintindex": 0},
				"south": {"uv": [0, 0, 8, 16], "texture": "#0", "tintindex": 0}
			}
		},
		{
			"from": [11.8, 0, 8],
			"to": [26.2, 32, 8],
			"shade": false,
			"rotation": {"angle": 45, "axis": "y", "origin": [19, 8, 8], "rescale": true},
			"faces": {
				"north": {"uv": [0, 0, 8, 16], "texture": "#3"},
				"south": {"uv": [0, 0, 8, 16], "texture": "#3"}
			}
		},
		{
			"from": [19, 0, 0.8],
			"to": [19, 32, 15.2],
			"shade": false,
			"rotation": {"angle": 45, "axis": "y", "origin": [19, 8, 8], "rescale": true},
			"faces": {
				"east": {"uv": [0, 0, 8, 16], "texture": "#0", "tintindex": 0},
				"west": {"uv": [0, 0, 8, 16], "texture": "#0", "tintindex": 0}
			}
		},
		{
			"from": [19, 0, 0.8],
			"to": [19, 32, 15.2],
			"shade": false,
			"rotation": {"angle": 45, "axis": "y", "origin": [19, 8, 8], "rescale": true},
			"faces": {
				"east": {"uv": [0, 0, 8, 16], "texture": "#3"},
				"west": {"uv": [0, 0, 8, 16], "texture": "#3"}
			}
		},
		{
			"from": [-8.2, 0, 1],
			"to": [6.2, 32, 1],
			"shade": false,
			"rotation": {"angle": 45, "axis": "y", "origin": [-1, 8, 1], "rescale": true},
			"faces": {
				"north": {"uv": [0, 0, 8, 16], "texture": "#0", "tintindex": 0},
				"south": {"uv": [0, 0, 8, 16], "texture": "#0", "tintindex": 0}
			}
		},
		{
			"from": [-8.2, 0, 1],
			"to": [6.2, 32, 1],
			"shade": false,
			"rotation": {"angle": 45, "axis": "y", "origin": [-1, 8, 1], "rescale": true},
			"faces": {
				"north": {"uv": [0, 0, 8, 16], "texture": "#3"},
				"south": {"uv": [0, 0, 8, 16], "texture": "#3"}
			}
		},
		{
			"from": [-1, 0, -6.2],
			"to": [-1, 32, 8.2],
			"shade": false,
			"rotation": {"angle": 45, "axis": "y", "origin": [-1, 8, 1], "rescale": true},
			"faces": {
				"east": {"uv": [0, 0, 8, 16], "texture": "#0", "tintindex": 0},
				"west": {"uv": [0, 0, 8, 16], "texture": "#0", "tintindex": 0}
			}
		},
		{
			"from": [-1, 0, -6.2],
			"to": [-1, 32, 8.2],
			"shade": false,
			"rotation": {"angle": 45, "axis": "y", "origin": [-1, 8, 1], "rescale": true},
			"faces": {
				"east": {"uv": [0, 0, 8, 16], "texture": "#3"},
				"west": {"uv": [0, 0, 8, 16], "texture": "#3"}
			}
		},
		{
			"from": [8, 0, 0.8],
			"to": [8, 32, 15.2],
			"shade": false,
			"rotation": {"angle": 45, "axis": "y", "origin": [8, 8, 8], "rescale": true},
			"faces": {
				"east": {"uv": [0, 0, 8, 16], "texture": "#2"},
				"west": {"uv": [0, 0, 8, 16], "texture": "#2"}
			}
		},
		{
			"from": [0.8, 0, 8],
			"to": [15.2, 32, 8],
			"shade": false,
			"rotation": {"angle": 45, "axis": "y", "origin": [8, 8, 8], "rescale": true},
			"faces": {
				"north": {"uv": [0, 0, 8, 16], "texture": "#2"},
				"south": {"uv": [0, 0, 8, 16], "texture": "#2"}
			}
		}
	]
}